quarantine_id,source_table,source_row_id,failure_reason,validation_rule,quarantined_at,raw_record_payload
Q-5EA97F613707,14_notifications.csv,NOTIF-00002,Notification references quarantined order_id 'LO-PS27-1288',RULE_ORPHANED_FOREIGN_KEY,2026-09-15T14:24:01.756665,"{""notification_id"": ""NOTIF-00002"", ""order_id"": ""LO-PS27-1288"", ""omc_id"": ""lakeoil"", ""depot_id"": ""eldoret"", ""recipient_role"": ""OMC"", ""notification_type"": ""INSTRUCTION_UPDATE"", ""priority"": ""IMPORTANT"", ""title"": ""Collection Re-sequenced at Eldoret Depot (PS27)"", ""message"": ""Autonomous queue deconfliction has recovered estimated 19m turnaround delay."", ""previous_timing"": ""+32m projected delay"", ""new_timing"": ""+13m adjusted window"", ""timestamp"": ""2026-06-11 15:00:29"", ""requires_acknowledgement"": false, ""is_acknowledged"": true, ""acknowledged_at"": ""2026-06-11 15:02:29""}"
Q-59E6D3936CE6,14_notifications.csv,NOTIF-00003,Notification references quarantined order_id 'LO-PS27-1545',RULE_ORPHANED_FOREIGN_KEY,2026-09-15T14:24:01.756856,"{""notification_id"": ""NOTIF-00003"", ""order_id"": ""LO-PS27-1545"", ""omc_id"": ""rubis"", ""depot_id"": ""eldoret"", ""recipient_role"": ""DRIVER"", ""notification_type"": ""INSTRUCTION_UPDATE"", ""priority"": ""IMPORTANT"", ""title"": ""Collection Re-sequenced at Eldoret Depot (PS27)"", ""message"": ""Autonomous queue deconfliction has recovered estimated 15m turnaround delay."", ""previous_timing"": ""+24m projected delay"", ""new_timing"": ""+9m adjusted window"", ""timestamp"": ""2026-06-12 10:00:47"", ""requires_acknowledgement"": false, ""is_acknowledged"": true, ""acknowledged_at"": ""2026-06-12 10:02:47""}"
Q-C6543CE7639B,14_notifications.csv,NOTIF-00004,Notification references quarantined order_id 'LO-PS25-1375',RULE_ORPHANED_FOREIGN_KEY,2026-09-15T14:24:01.756994,"{""notification_id"": ""NOTIF-00004"", ""order_id"": ""LO-PS25-1375"", ""omc_id"": ""hass"", ""depot_id"": ""nakuru"", ""recipient_role"": ""DRIVER"", ""notification_type"": ""PREDICTED_GATE_OUT_CHANGE"", ""priority"": ""INFO"", ""title"": ""Collection Re-sequenced at Nakuru Depot (PS25)"", ""message"": ""Autonomous queue deconfliction has recovered estimated 5m turnaround delay."", ""previous_timing"": ""+7m projected delay"", ""new_timing"": ""+2m adjusted window"", ""timestamp"": ""2026-06-13 19:00:43"", ""requires_acknowledgement"": false, ""is_acknowledged"": true, ""acknowledged_at"": ""2026-06-13 19:02:43""}"
Q-8E6FFF390353,14_notifications.csv,NOTIF-00005,Notification references quarantined order_id 'LO-KOTPS1-3870',RULE_ORPHANED_FOREIGN_KEY,2026-09-15T14:24:01.757126,"{""notification_id"": ""NOTIF-00005"", ""order_id"": ""LO-KOTPS1-3870"", ""omc_id"": ""rubis"", ""depot_id"": ""mombasa"", ""recipient_role"": ""OMC"", ""notification_type"": ""PREDICTED_GATE_OUT_CHANGE"", ""priority"": ""IMPORTANT"", ""title"": ""Collection Re-sequenced at Mombasa Terminal (KOT-PS1)"", ""message"": ""Autonomous queue deconfliction has recovered estimated 27m turnaround delay."", ""previous_timing"": ""+39m projected delay"", ""new_timing"": ""+12m adjusted window"", ""timestamp"": ""2026-06-14 13:00:24"", ""requires_acknowledgement"": false, ""is_acknowledged"": true, ""acknowledged_at"": ""2026-06-14 13:02:24""}"
Q-7C6055B0BCB0,14_notifications.csv,NOTIF-00006,Notification references quarantined order_id 'LO-PS27-8360',RULE_ORPHANED_FOREIGN_KEY,2026-09-15T14:24:01.757257,"{""notification_id"": ""NOTIF-00006"", ""order_id"": ""LO-PS27-8360"", ""omc_id"": ""ola"", ""depot_id"": ""eldoret"", ""recipient_role"": ""OMC"", ""notification_type"": ""PREDICTED_GATE_OUT_CHANGE"", ""priority"": ""IMPORTANT"", ""title"": ""Collection Re-sequenced at Eldoret Depot (PS27)"", ""message"": ""Autonomous queue deconfliction has recovered estimated 28m turnaround delay."", ""previous_timing"": ""+43m projected delay"", ""new_timing"": ""+15m adjusted window"", ""timestamp"": ""2026-06-15 06:00:21"", ""requires_acknowledgement"": false, ""is_acknowledged"": true, ""acknowledged_at"": ""2026-06-15 06:02:21""}"
Q-F6D76111420A,14_notifications.csv,NOTIF-00007,Notification references quarantined order_id 'LO-KOTPS1-4967',RULE_ORPHANED_FOREIGN_KEY,2026-09-15T14:24:01.757387,"{""notification_id"": ""NOTIF-00007"", ""order_id"": ""LO-KOTPS1-4967"", ""omc_id"": ""rubis"", ""depot_id"": ""mombasa"", ""recipient_role"": ""DRIVER"", ""notification_type"": ""PREDICTED_GATE_OUT_CHANGE"", ""priority"": ""INFO"", ""title"": ""Collection Re-sequenced at Mombasa Terminal (KOT-PS1)"", ""message"": ""Autonomous queue deconfliction has recovered estimated 12m turnaround delay."", ""previous_timing"": ""+17m projected delay"", ""new_timing"": ""+5m adjusted window"", ""timestamp"": ""2026-06-15 10:00:20"", ""requires_acknowledgement"": false, ""is_acknowledged"": true, ""acknowledged_at"": ""2026-06-15 10:02:20""}"
Q-8B3D82161538,14_notifications.csv,NOTIF-00008,Notification references quarantined order_id 'LO-PS10-5237',RULE_ORPHANED_FOREIGN_KEY,2026-09-15T14:24:01.757516,"{""notification_id"": ""NOTIF-00008"", ""order_id"": ""LO-PS10-5237"", ""omc_id"": ""hass"", ""depot_id"": ""nairobi"", ""recipient_role"": ""DRIVER"", ""notification_type"": ""PREDICTED_GATE_OUT_CHANGE"", ""priority"": ""INFO"", ""title"": ""Collection Re-sequenced at Nairobi Terminal (PS10)"", ""message"": ""Autonomous queue deconfliction has recovered estimated 11m turnaround delay."", ""previous_timing"": ""+19m projected delay"", ""new_timing"": ""+8m adjusted window"", ""timestamp"": ""2026-06-15 16:00:43"", ""requires_acknowledgement"": false, ""is_acknowledged"": true, ""acknowledged_at"": ""2026-06-15 16:02:43""}"
Q-2148CB6F9721,14_notifications.csv,NOTIF-00009,Notification references quarantined order_id 'LO-PS10-7061',RULE_ORPHANED_FOREIGN_KEY,2026-09-15T14:24:01.757642,"{""notification_id"": ""NOTIF-00009"", ""order_id"": ""LO-PS10-7061"", ""omc_id"": ""hass"", ""depot_id"": ""nairobi"", ""recipient_role"": ""DRIVER"", ""notification_type"": ""INSTRUCTION_UPDATE"", ""priority"": ""IMPORTANT"", ""title"": ""Collection Re-sequenced at Nairobi Terminal (PS10)"", ""message"": ""Autonomous queue deconfliction has recovered estimated 28m turnaround delay."", ""previous_timing"": ""+41m projected delay"", ""new_timing"": ""+13m adjusted window"", ""timestamp"": ""2026-06-16 12:00:30"", ""requires_acknowledgement"": false, ""is_acknowledged"": true, ""acknowledged_at"": ""2026-06-16 12:02:30""}"
Q-33481734C27F,14_notifications.csv,NOTIF-00010,Notification references quarantined order_id 'LO-PS10-3126',RULE_ORPHANED_FOREIGN_KEY,2026-09-15T14:24:01.757775,"{""notification_id"": ""NOTIF-00010"", ""order_id"": ""LO-PS10-3126"", ""omc_id"": ""rubis"", ""depot_id"": ""nairobi"", ""recipient_role"": ""DRIVER"", ""notification_type"": ""PREDICTED_GATE_OUT_CHANGE"", ""priority"": ""IMPORTANT"", ""title"": ""Collection Re-sequenced at Nairobi Terminal (PS10)"", ""message"": ""Autonomous queue deconfliction has recovered estimated 11m turnaround delay."", ""previous_timing"": ""+18m projected delay"", ""new_timing"": ""+7m adjusted window"", ""timestamp"": ""2026-06-16 20:00:20"", ""requires_acknowledgement"": false, ""is_acknowledged"": true, ""acknowledged_at"": ""2026-06-16 20:02:20""}"
Q-066FFD3C2780,14_notifications.csv,NOTIF-00011,Notification references quarantined order_id 'LO-PS27-8322',RULE_ORPHANED_FOREIGN_KEY,2026-09-15T14:24:01.757906,"{""notification_id"": ""NOTIF-00011"", ""order_id"": ""LO-PS27-8322"", ""omc_id"": ""rubis"", ""depot_id"": ""eldoret"", ""recipient_role"": ""DRIVER"", ""notification_type"": ""PREDICTED_GATE_OUT_CHANGE"", ""priority"": ""IMPORTANT"", ""title"": ""Collection Re-sequenced at Eldoret Depot (PS27)"", ""message"": ""Autonomous queue deconfliction has recovered estimated 33m turnaround delay."", ""previous_timing"": ""+44m projected delay"", ""new_timing"": ""+11m adjusted window"", ""timestamp"": ""2026-06-18 00:00:41"", ""requires_acknowledgement"": false, ""is_acknowledged"": true, ""acknowledged_at"": ""2026-06-18 00:02:41""}"
Q-3131C58A02C8,14_notifications.csv,NOTIF-00012,Notification references quarantined order_id 'LO-KOTPS1-4190',RULE_ORPHANED_FOREIGN_KEY,2026-09-15T14:24:01.758046,"{""notification_id"": ""NOTIF-00012"", ""order_id"": ""LO-KOTPS1-4190"", ""omc_id"": ""hass"", ""depot_id"": ""mombasa"", ""recipient_role"": ""DRIVER"", ""notification_type"": ""INSTRUCTION_UPDATE"", ""priority"": ""IMPORTANT"", ""title"": ""Collection Re-sequenced at Mombasa Terminal (KOT-PS1)"", ""message"": ""Autonomous queue deconfliction has recovered estimated 28m turnaround delay."", ""previous_timing"": ""+41m projected delay"", ""new_timing"": ""+13m adjusted window"", ""timestamp"": ""2026-06-18 12:00:39"", ""requires_acknowledgement"": false, ""is_acknowledged"": true, ""acknowledged_at"": ""2026-06-18 12:02:39""}"
Q-94BFC6183787,14_notifications.csv,NOTIF-00013,Notification references quarantined order_id 'LO-PS28-2437',RULE_ORPHANED_FOREIGN_KEY,2026-09-15T14:24:01.758169,"{""notification_id"": ""NOTIF-00013"", ""order_id"": ""LO-PS28-2437"", ""omc_id"": ""lakeoil"", ""depot_id"": ""kisumu"", ""recipient_role"": ""OMC"", ""notification_type"": ""PREDICTED_GATE_OUT_CHANGE"", ""priority"": ""INFO"", ""title"": ""Collection Re-sequenced at Kisumu Depot (PS28)"", ""message"": ""Autonomous queue deconfliction has recovered estimated 14m turnaround delay."", ""previous_timing"": ""+19m projected delay"", ""new_timing"": ""+5m adjusted window"", ""timestamp"": ""2026-06-19 00:00:26"", ""requires_acknowledgement"": false, ""is_acknowledged"": true, ""acknowledged_at"": ""2026-06-19 00:02:26""}"
Q-26C42BA00651,14_notifications.csv,NOTIF-00014,Notification references quarantined order_id 'LO-PS10-1460',RULE_ORPHANED_FOREIGN_KEY,2026-09-15T14:24:01.758291,"{""notification_id"": ""NOTIF-00014"", ""order_id"": ""LO-PS10-1460"", ""omc_id"": ""totalenergies"", ""depot_id"": ""nairobi"", ""recipient_role"": ""DRIVER"", ""notification_type"": ""PREDICTED_GATE_OUT_CHANGE"", ""priority"": ""IMPORTANT"", ""title"": ""Collection Re-sequenced at Nairobi Terminal (PS10)"", ""message"": ""Autonomous queue deconfliction has recovered estimated 7m turnaround delay."", ""previous_timing"": ""+12m projected delay"", ""new_timing"": ""+5m adjusted window"", ""timestamp"": ""2026-06-20 08:00:22"", ""requires_acknowledgement"": false, ""is_acknowledged"": true, ""acknowledged_at"": ""2026-06-20 08:02:22""}"
Q-55C2423788CF,14_notifications.csv,NOTIF-00015,Notification references quarantined order_id 'LO-PS10-6701',RULE_ORPHANED_FOREIGN_KEY,2026-09-15T14:24:01.758413,"{""notification_id"": ""NOTIF-00015"", ""order_id"": ""LO-PS10-6701"", ""omc_id"": ""hass"", ""depot_id"": ""nairobi"", ""recipient_role"": ""OMC"", ""notification_type"": ""PREDICTED_GATE_OUT_CHANGE"", ""priority"": ""IMPORTANT"", ""title"": ""Collection Re-sequenced at Nairobi Terminal (PS10)"", ""message"": ""Autonomous queue deconfliction has recovered estimated 8m turnaround delay."", ""previous_timing"": ""+12m projected delay"", ""new_timing"": ""+4m adjusted window"", ""timestamp"": ""2026-06-21 05:00:25"", ""requires_acknowledgement"": false, ""is_acknowledged"": true, ""acknowledged_at"": ""2026-06-21 05:02:25""}"
Q-0B45A75A8F85,14_notifications.csv,NOTIF-00016,Notification references quarantined order_id 'LO-PS10-1023',RULE_ORPHANED_FOREIGN_KEY,2026-09-15T14:24:01.758536,"{""notification_id"": ""NOTIF-00016"", ""order_id"": ""LO-PS10-1023"", ""omc_id"": ""rubis"", ""depot_id"": ""nairobi"", ""recipient_role"": ""OMC"", ""notification_type"": ""INSTRUCTION_UPDATE"", ""priority"": ""IMPORTANT"", ""title"": ""Collection Re-sequenced at Nairobi Terminal (PS10)"", ""message"": ""Autonomous queue deconfliction has recovered estimated 10m turnaround delay."", ""previous_timing"": ""+16m projected delay"", ""new_timing"": ""+6m adjusted window"", ""timestamp"": ""2026-06-21 10:00:21"", ""requires_acknowledgement"": false, ""is_acknowledged"": true, ""acknowledged_at"": ""2026-06-21 10:02:21""}"
Q-5AF278D95C5C,14_notifications.csv,NOTIF-00017,Notification references quarantined order_id 'LO-PS25-9540',RULE_ORPHANED_FOREIGN_KEY,2026-09-15T14:24:01.758658,"{""notification_id"": ""NOTIF-00017"", ""order_id"": ""LO-PS25-9540"", ""omc_id"": ""totalenergies"", ""depot_id"": ""nakuru"", ""recipient_role"": ""DRIVER"", ""notification_type"": ""INSTRUCTION_UPDATE"", ""priority"": ""IMPORTANT"", ""title"": ""Collection Re-sequenced at Nakuru Depot (PS25)"", ""message"": ""Autonomous queue deconfliction has recovered estimated 19m turnaround delay."", ""previous_timing"": ""+31m projected delay"", ""new_timing"": ""+12m adjusted window"", ""timestamp"": ""2026-06-22 03:00:43"", ""requires_acknowledgement"": false, ""is_acknowledged"": true, ""acknowledged_at"": ""2026-06-22 03:02:43""}"
Q-236AC86F3B9B,14_notifications.csv,NOTIF-00018,Notification references quarantined order_id 'LO-PS27-8371',RULE_ORPHANED_FOREIGN_KEY,2026-09-15T14:24:01.758788,"{""notification_id"": ""NOTIF-00018"", ""order_id"": ""LO-PS27-8371"", ""omc_id"": ""vivo"", ""depot_id"": ""eldoret"", ""recipient_role"": ""DRIVER"", ""notification_type"": ""INSTRUCTION_UPDATE"", ""priority"": ""IMPORTANT"", ""title"": ""Collection Re-sequenced at Eldoret Depot (PS27)"", ""message"": ""Autonomous queue deconfliction has recovered estimated 15m turnaround delay."", ""previous_timing"": ""+26m projected delay"", ""new_timing"": ""+11m adjusted window"", ""timestamp"": ""2026-06-22 11:00:33"", ""requires_acknowledgement"": false, ""is_acknowledged"": true, ""acknowledged_at"": ""2026-06-22 11:02:33""}"
Q-556E34AC31D4,14_notifications.csv,NOTIF-00019,Notification references quarantined order_id 'LO-PS10-8925',RULE_ORPHANED_FOREIGN_KEY,2026-09-15T14:24:01.758915,"{""notification_id"": ""NOTIF-00019"", ""order_id"": ""LO-PS10-8925"", ""omc_id"": ""vivo"", ""depot_id"": ""nairobi"", ""recipient_role"": ""DRIVER"", ""notification_type"": ""PREDICTED_GATE_OUT_CHANGE"", ""priority"": ""IMPORTANT"", ""title"": ""Collection Re-sequenced at Nairobi Terminal (PS10)"", ""message"": ""Autonomous queue deconfliction has recovered estimated 26m turnaround delay."", ""previous_timing"": ""+45m projected delay"", ""new_timing"": ""+19m adjusted window"", ""timestamp"": ""2026-06-22 18:00:34"", ""requires_acknowledgement"": false, ""is_acknowledged"": true, ""acknowledged_at"": ""2026-06-22 18:02:34""}"
Q-DEDEEB7D5893,14_notifications.csv,NOTIF-00020,Notification references quarantined order_id 'LO-PS25-8835',RULE_ORPHANED_FOREIGN_KEY,2026-09-15T14:24:01.759040,"{""notification_id"": ""NOTIF-00020"", ""order_id"": ""LO-PS25-8835"", ""omc_id"": ""ola"", ""depot_id"": ""nakuru"", ""recipient_role"": ""OMC"", ""notification_type"": ""PREDICTED_GATE_OUT_CHANGE"", ""priority"": ""IMPORTANT"", ""title"": ""Collection Re-sequenced at Nakuru Depot (PS25)"", ""message"": ""Autonomous queue deconfliction has recovered estimated 18m turnaround delay."", ""previous_timing"": ""+30m projected delay"", ""new_timing"": ""+12m adjusted window"", ""timestamp"": ""2026-06-24 02:00:23"", ""requires_acknowledgement"": false, ""is_acknowledged"": true, ""acknowledged_at"": ""2026-06-24 02:02:23""}"
Q-C3BB93A9ADC0,14_notifications.csv,NOTIF-00021,Notification references quarantined order_id 'LO-PS10-4160',RULE_ORPHANED_FOREIGN_KEY,2026-09-15T14:24:01.759166,"{""notification_id"": ""NOTIF-00021"", ""order_id"": ""LO-PS10-4160"", ""omc_id"": ""lakeoil"", ""depot_id"": ""nairobi"", ""recipient_role"": ""DRIVER"", ""notification_type"": ""PREDICTED_GATE_OUT_CHANGE"", ""priority"": ""INFO"", ""title"": ""Collection Re-sequenced at Nairobi Terminal (PS10)"", ""message"": ""Autonomous queue deconfliction has recovered estimated 9m turnaround delay."", ""previous_timing"": ""+14m projected delay"", ""new_timing"": ""+5m adjusted window"", ""timestamp"": ""2026-06-24 04:00:35"", ""requires_acknowledgement"": false, ""is_acknowledged"": true, ""acknowledged_at"": ""2026-06-24 04:02:35""}"
Q-1238BC834F41,14_notifications.csv,NOTIF-00022,Notification references quarantined order_id 'LO-PS27-4551',RULE_ORPHANED_FOREIGN_KEY,2026-09-15T14:24:01.759292,"{""notification_id"": ""NOTIF-00022"", ""order_id"": ""LO-PS27-4551"", ""omc_id"": ""petrocity"", ""depot_id"": ""eldoret"", ""recipient_role"": ""OMC"", ""notification_type"": ""PREDICTED_GATE_OUT_CHANGE"", ""priority"": ""INFO"", ""title"": ""Collection Re-sequenced at Eldoret Depot (PS27)"", ""message"": ""Autonomous queue deconfliction has recovered estimated 7m turnaround delay."", ""previous_timing"": ""+13m projected delay"", ""new_timing"": ""+6m adjusted window"", ""timestamp"": ""2026-06-24 10:00:28"", ""requires_acknowledgement"": false, ""is_acknowledged"": true, ""acknowledged_at"": ""2026-06-24 10:02:28""}"
Q-2D1E70272244,14_notifications.csv,NOTIF-00023,Notification references quarantined order_id 'LO-KOTPS1-5383',RULE_ORPHANED_FOREIGN_KEY,2026-09-15T14:24:01.759419,"{""notification_id"": ""NOTIF-00023"", ""order_id"": ""LO-KOTPS1-5383"", ""omc_id"": ""hass"", ""depot_id"": ""mombasa"", ""recipient_role"": ""DRIVER"", ""notification_type"": ""PREDICTED_GATE_OUT_CHANGE"", ""priority"": ""INFO"", ""title"": ""Collection Re-sequenced at Mombasa Terminal (KOT-PS1)"", ""message"": ""Autonomous queue deconfliction has recovered estimated 13m turnaround delay."", ""previous_timing"": ""+20m projected delay"", ""new_timing"": ""+7m adjusted window"", ""timestamp"": ""2026-06-25 02:00:21"", ""requires_acknowledgement"": false, ""is_acknowledged"": true, ""acknowledged_at"": ""2026-06-25 02:02:21""}"
Q-699ABFBBB8B4,14_notifications.csv,NOTIF-00024,Notification references quarantined order_id 'LO-PS25-6538',RULE_ORPHANED_FOREIGN_KEY,2026-09-15T14:24:01.759545,"{""notification_id"": ""NOTIF-00024"", ""order_id"": ""LO-PS25-6538"", ""omc_id"": ""vivo"", ""depot_id"": ""nakuru"", ""recipient_role"": ""DRIVER"", ""notification_type"": ""PREDICTED_GATE_OUT_CHANGE"", ""priority"": ""IMPORTANT"", ""title"": ""Collection Re-sequenced at Nakuru Depot (PS25)"", ""message"": ""Autonomous queue deconfliction has recovered estimated 22m turnaround delay."", ""previous_timing"": ""+35m projected delay"", ""new_timing"": ""+13m adjusted window"", ""timestamp"": ""2026-06-26 12:00:46"", ""requires_acknowledgement"": false, ""is_acknowledged"": true, ""acknowledged_at"": ""2026-06-26 12:02:46""}"
Q-6591FE84833A,14_notifications.csv,NOTIF-00025,Notification references quarantined order_id 'LO-PS27-7453',RULE_ORPHANED_FOREIGN_KEY,2026-09-15T14:24:01.759669,"{""notification_id"": ""NOTIF-00025"", ""order_id"": ""LO-PS27-7453"", ""omc_id"": ""totalenergies"", ""depot_id"": ""eldoret"", ""recipient_role"": ""OMC"", ""notification_type"": ""PREDICTED_GATE_OUT_CHANGE"", ""priority"": ""INFO"", ""title"": ""Collection Re-sequenced at Eldoret Depot (PS27)"", ""message"": ""Autonomous queue deconfliction has recovered estimated 8m turnaround delay."", ""previous_timing"": ""+12m projected delay"", ""new_timing"": ""+4m adjusted window"", ""timestamp"": ""2026-06-26 16:00:23"", ""requires_acknowledgement"": false, ""is_acknowledged"": true, ""acknowledged_at"": ""2026-06-26 16:02:23""}"
Q-9B6A743B8E18,14_notifications.csv,NOTIF-00026,Notification references quarantined order_id 'LO-PS10-6169',RULE_ORPHANED_FOREIGN_KEY,2026-09-15T14:24:01.759801,"{""notification_id"": ""NOTIF-00026"", ""order_id"": ""LO-PS10-6169"", ""omc_id"": ""petrocity"", ""depot_id"": ""nairobi"", ""recipient_role"": ""DRIVER"", ""notification_type"": ""INSTRUCTION_UPDATE"", ""priority"": ""IMPORTANT"", ""title"": ""Collection Re-sequenced at Nairobi Terminal (PS10)"", ""message"": ""Autonomous queue deconfliction has recovered estimated 27m turnaround delay."", ""previous_timing"": ""+40m projected delay"", ""new_timing"": ""+13m adjusted window"", ""timestamp"": ""2026-06-27 00:00:35"", ""requires_acknowledgement"": false, ""is_acknowledged"": true, ""acknowledged_at"": ""2026-06-27 00:02:35""}"
Q-E1954971F605,14_notifications.csv,NOTIF-00027,Notification references quarantined order_id 'LO-PS27-4585',RULE_ORPHANED_FOREIGN_KEY,2026-09-15T14:24:01.759926,"{""notification_id"": ""NOTIF-00027"", ""order_id"": ""LO-PS27-4585"", ""omc_id"": ""totalenergies"", ""depot_id"": ""eldoret"", ""recipient_role"": ""OMC"", ""notification_type"": ""PREDICTED_GATE_OUT_CHANGE"", ""priority"": ""IMPORTANT"", ""title"": ""Collection Re-sequenced at Eldoret Depot (PS27)"", ""message"": ""Autonomous queue deconfliction has recovered estimated 16m turnaround delay."", ""previous_timing"": ""+27m projected delay"", ""new_timing"": ""+11m adjusted window"", ""timestamp"": ""2026-06-27 14:00:24"", ""requires_acknowledgement"": false, ""is_acknowledged"": true, ""acknowledged_at"": ""2026-06-27 14:02:24""}"
Q-BB8A92F156CB,14_notifications.csv,NOTIF-00028,Notification references quarantined order_id 'LO-PS10-3566',RULE_ORPHANED_FOREIGN_KEY,2026-09-15T14:24:01.760051,"{""notification_id"": ""NOTIF-00028"", ""order_id"": ""LO-PS10-3566"", ""omc_id"": ""rubis"", ""depot_id"": ""nairobi"", ""recipient_role"": ""OMC"", ""notification_type"": ""PREDICTED_GATE_OUT_CHANGE"", ""priority"": ""IMPORTANT"", ""title"": ""Collection Re-sequenced at Nairobi Terminal (PS10)"", ""message"": ""Autonomous queue deconfliction has recovered estimated 29m turnaround delay."", ""previous_timing"": ""+38m projected delay"", ""new_timing"": ""+9m adjusted window"", ""timestamp"": ""2026-06-27 20:00:27"", ""requires_acknowledgement"": false, ""is_acknowledged"": true, ""acknowledged_at"": ""2026-06-27 20:02:27""}"
Q-C30C8231F001,14_notifications.csv,NOTIF-00029,Notification references quarantined order_id 'LO-PS10-2303',RULE_ORPHANED_FOREIGN_KEY,2026-09-15T14:24:01.760175,"{""notification_id"": ""NOTIF-00029"", ""order_id"": ""LO-PS10-2303"", ""omc_id"": ""rubis"", ""depot_id"": ""nairobi"", ""recipient_role"": ""DRIVER"", ""notification_type"": ""INSTRUCTION_UPDATE"", ""priority"": ""IMPORTANT"", ""title"": ""Collection Re-sequenced at Nairobi Terminal (PS10)"", ""message"": ""Autonomous queue deconfliction has recovered estimated 13m turnaround delay."", ""previous_timing"": ""+18m projected delay"", ""new_timing"": ""+5m adjusted window"", ""timestamp"": ""2026-06-27 22:00:27"", ""requires_acknowledgement"": false, ""is_acknowledged"": true, ""acknowledged_at"": ""2026-06-27 22:02:27""}"
Q-57291F4E838A,14_notifications.csv,NOTIF-00030,Notification references quarantined order_id 'LO-KOTPS1-9926',RULE_ORPHANED_FOREIGN_KEY,2026-09-15T14:24:01.760300,"{""notification_id"": ""NOTIF-00030"", ""order_id"": ""LO-KOTPS1-9926"", ""omc_id"": ""petrocity"", ""depot_id"": ""mombasa"", ""recipient_role"": ""DRIVER"", ""notification_type"": ""PREDICTED_GATE_OUT_CHANGE"", ""priority"": ""INFO"", ""title"": ""Collection Re-sequenced at Mombasa Terminal (KOT-PS1)"", ""message"": ""Autonomous queue deconfliction has recovered estimated 4m turnaround delay."", ""previous_timing"": ""+7m projected delay"", ""new_timing"": ""+3m adjusted window"", ""timestamp"": ""2026-06-28 10:00:28"", ""requires_acknowledgement"": false, ""is_acknowledged"": true, ""acknowledged_at"": ""2026-06-28 10:02:28""}"
Q-1D5B911BAF15,14_notifications.csv,NOTIF-00031,Notification references quarantined order_id 'LO-PS10-1494',RULE_ORPHANED_FOREIGN_KEY,2026-09-15T14:24:01.760422,"{""notification_id"": ""NOTIF-00031"", ""order_id"": ""LO-PS10-1494"", ""omc_id"": ""vivo"", ""depot_id"": ""nairobi"", ""recipient_role"": ""DRIVER"", ""notification_type"": ""PREDICTED_GATE_OUT_CHANGE"", ""priority"": ""IMPORTANT"", ""title"": ""Collection Re-sequenced at Nairobi Terminal (PS10)"", ""message"": ""Autonomous queue deconfliction has recovered estimated 21m turnaround delay."", ""previous_timing"": ""+28m projected delay"", ""new_timing"": ""+7m adjusted window"", ""timestamp"": ""2026-06-28 14:00:32"", ""requires_acknowledgement"": false, ""is_acknowledged"": true, ""acknowledged_at"": ""2026-06-28 14:02:32""}"
Q-EF15DA46D361,14_notifications.csv,NOTIF-00032,Notification references quarantined order_id 'LO-PS25-4935',RULE_ORPHANED_FOREIGN_KEY,2026-09-15T14:24:01.760545,"{""notification_id"": ""NOTIF-00032"", ""order_id"": ""LO-PS25-4935"", ""omc_id"": ""petrocity"", ""depot_id"": ""nakuru"", ""recipient_role"": ""OMC"", ""notification_type"": ""PREDICTED_GATE_OUT_CHANGE"", ""priority"": ""INFO"", ""title"": ""Collection Re-sequenced at Nakuru Depot (PS25)"", ""message"": ""Autonomous queue deconfliction has recovered estimated 3m turnaround delay."", ""previous_timing"": ""+6m projected delay"", ""new_timing"": ""+3m adjusted window"", ""timestamp"": ""2026-06-30 07:00:20"", ""requires_acknowledgement"": false, ""is_acknowledged"": true, ""acknowledged_at"": ""2026-06-30 07:02:20""}"
Q-01C5D335C73A,14_notifications.csv,NOTIF-00033,Notification references quarantined order_id 'LO-PS28-4351',RULE_ORPHANED_FOREIGN_KEY,2026-09-15T14:24:01.760670,"{""notification_id"": ""NOTIF-00033"", ""order_id"": ""LO-PS28-4351"", ""omc_id"": ""hass"", ""depot_id"": ""kisumu"", ""recipient_role"": ""DRIVER"", ""notification_type"": ""PREDICTED_GATE_OUT_CHANGE"", ""priority"": ""IMPORTANT"", ""title"": ""Collection Re-sequenced at Kisumu Depot (PS28)"", ""message"": ""Autonomous queue deconfliction has recovered estimated 16m turnaround delay."", ""previous_timing"": ""+26m projected delay"", ""new_timing"": ""+10m adjusted window"", ""timestamp"": ""2026-06-30 18:00:35"", ""requires_acknowledgement"": false, ""is_acknowledged"": true, ""acknowledged_at"": ""2026-06-30 18:02:35""}"
Q-E2A7E9DDB619,14_notifications.csv,NOTIF-00034,Notification references quarantined order_id 'LO-PS10-9661',RULE_ORPHANED_FOREIGN_KEY,2026-09-15T14:24:01.760801,"{""notification_id"": ""NOTIF-00034"", ""order_id"": ""LO-PS10-9661"", ""omc_id"": ""lakeoil"", ""depot_id"": ""nairobi"", ""recipient_role"": ""OMC"", ""notification_type"": ""INSTRUCTION_UPDATE"", ""priority"": ""INFO"", ""title"": ""Collection Re-sequenced at Nairobi Terminal (PS10)"", ""message"": ""Autonomous queue deconfliction has recovered estimated 12m turnaround delay."", ""previous_timing"": ""+20m projected delay"", ""new_timing"": ""+8m adjusted window"", ""timestamp"": ""2026-07-01 10:00:45"", ""requires_acknowledgement"": false, ""is_acknowledged"": true, ""acknowledged_at"": ""2026-07-01 10:02:45""}"
Q-F052E5EAD7B7,14_notifications.csv,NOTIF-00035,Notification references quarantined order_id 'LO-PS25-5757',RULE_ORPHANED_FOREIGN_KEY,2026-09-15T14:24:01.760926,"{""notification_id"": ""NOTIF-00035"", ""order_id"": ""LO-PS25-5757"", ""omc_id"": ""totalenergies"", ""depot_id"": ""nakuru"", ""recipient_role"": ""OMC"", ""notification_type"": ""PREDICTED_GATE_OUT_CHANGE"", ""priority"": ""IMPORTANT"", ""title"": ""Collection Re-sequenced at Nakuru Depot (PS25)"", ""message"": ""Autonomous queue deconfliction has recovered estimated 28m turnaround delay."", ""previous_timing"": ""+43m projected delay"", ""new_timing"": ""+15m adjusted window"", ""timestamp"": ""2026-07-02 07:00:40"", ""requires_acknowledgement"": false, ""is_acknowledged"": true, ""acknowledged_at"": ""2026-07-02 07:02:40""}"
Q-66AB58B8AE82,14_notifications.csv,NOTIF-00036,Notification references quarantined order_id 'LO-PS25-8998',RULE_ORPHANED_FOREIGN_KEY,2026-09-15T14:24:01.761047,"{""notification_id"": ""NOTIF-00036"", ""order_id"": ""LO-PS25-8998"", ""omc_id"": ""rubis"", ""depot_id"": ""nakuru"", ""recipient_role"": ""DRIVER"", ""notification_type"": ""PREDICTED_GATE_OUT_CHANGE"", ""priority"": ""INFO"", ""title"": ""Collection Re-sequenced at Nakuru Depot (PS25)"", ""message"": ""Autonomous queue deconfliction has recovered estimated 10m turnaround delay."", ""previous_timing"": ""+16m projected delay"", ""new_timing"": ""+6m adjusted window"", ""timestamp"": ""2026-07-02 19:00:44"", ""requires_acknowledgement"": false, ""is_acknowledged"": true, ""acknowledged_at"": ""2026-07-02 19:02:44""}"
Q-93A47B3ED37C,14_notifications.csv,NOTIF-00037,Notification references quarantined order_id 'LO-PS10-8611',RULE_ORPHANED_FOREIGN_KEY,2026-09-15T14:24:01.761308,"{""notification_id"": ""NOTIF-00037"", ""order_id"": ""LO-PS10-8611"", ""omc_id"": ""lakeoil"", ""depot_id"": ""nairobi"", ""recipient_role"": ""DRIVER"", ""notification_type"": ""INSTRUCTION_UPDATE"", ""priority"": ""INFO"", ""title"": ""Collection Re-sequenced at Nairobi Terminal (PS10)"", ""message"": ""Autonomous queue deconfliction has recovered estimated 9m turnaround delay."", ""previous_timing"": ""+13m projected delay"", ""new_timing"": ""+4m adjusted window"", ""timestamp"": ""2026-07-03 01:00:43"", ""requires_acknowledgement"": false, ""is_acknowledged"": true, ""acknowledged_at"": ""2026-07-03 01:02:43""}"
Q-8DFDE9C467F6,14_notifications.csv,NOTIF-00038,Notification references quarantined order_id 'LO-PS10-1299',RULE_ORPHANED_FOREIGN_KEY,2026-09-15T14:24:01.761458,"{""notification_id"": ""NOTIF-00038"", ""order_id"": ""LO-PS10-1299"", ""omc_id"": ""lakeoil"", ""depot_id"": ""nairobi"", ""recipient_role"": ""OMC"", ""notification_type"": ""INSTRUCTION_UPDATE"", ""priority"": ""INFO"", ""title"": ""Collection Re-sequenced at Nairobi Terminal (PS10)"", ""message"": ""Autonomous queue deconfliction has recovered estimated 10m turnaround delay."", ""previous_timing"": ""+17m projected delay"", ""new_timing"": ""+7m adjusted window"", ""timestamp"": ""2026-07-03 06:00:35"", ""requires_acknowledgement"": false, ""is_acknowledged"": true, ""acknowledged_at"": ""2026-07-03 06:02:35""}"
Q-018ED7C3BC99,14_notifications.csv,NOTIF-00039,Notification references quarantined order_id 'LO-PS10-1425',RULE_ORPHANED_FOREIGN_KEY,2026-09-15T14:24:01.761591,"{""notification_id"": ""NOTIF-00039"", ""order_id"": ""LO-PS10-1425"", ""omc_id"": ""ola"", ""depot_id"": ""nairobi"", ""recipient_role"": ""DRIVER"", ""notification_type"": ""PREDICTED_GATE_OUT_CHANGE"", ""priority"": ""INFO"", ""title"": ""Collection Re-sequenced at Nairobi Terminal (PS10)"", ""message"": ""Autonomous queue deconfliction has recovered estimated 7m turnaround delay."", ""previous_timing"": ""+10m projected delay"", ""new_timing"": ""+3m adjusted window"", ""timestamp"": ""2026-07-03 14:00:48"", ""requires_acknowledgement"": false, ""is_acknowledged"": true, ""acknowledged_at"": ""2026-07-03 14:02:48""}"
Q-645E7031FC8D,14_notifications.csv,NOTIF-00040,Notification references quarantined order_id 'LO-PS10-1734',RULE_ORPHANED_FOREIGN_KEY,2026-09-15T14:24:01.761720,"{""notification_id"": ""NOTIF-00040"", ""order_id"": ""LO-PS10-1734"", ""omc_id"": ""ola"", ""depot_id"": ""nairobi"", ""recipient_role"": ""DRIVER"", ""notification_type"": ""PREDICTED_GATE_OUT_CHANGE"", ""priority"": ""INFO"", ""title"": ""Collection Re-sequenced at Nairobi Terminal (PS10)"", ""message"": ""Autonomous queue deconfliction has recovered estimated 12m turnaround delay."", ""previous_timing"": ""+20m projected delay"", ""new_timing"": ""+8m adjusted window"", ""timestamp"": ""2026-07-04 03:00:24"", ""requires_acknowledgement"": false, ""is_acknowledged"": true, ""acknowledged_at"": ""2026-07-04 03:02:24""}"
Q-A74365C206B3,14_notifications.csv,NOTIF-00041,Notification references quarantined order_id 'LO-PS25-8716',RULE_ORPHANED_FOREIGN_KEY,2026-09-15T14:24:01.761865,"{""notification_id"": ""NOTIF-00041"", ""order_id"": ""LO-PS25-8716"", ""omc_id"": ""vivo"", ""depot_id"": ""nakuru"", ""recipient_role"": ""OMC"", ""notification_type"": ""PREDICTED_GATE_OUT_CHANGE"", ""priority"": ""IMPORTANT"", ""title"": ""Collection Re-sequenced at Nakuru Depot (PS25)"", ""message"": ""Autonomous queue deconfliction has recovered estimated 22m turnaround delay."", ""previous_timing"": ""+33m projected delay"", ""new_timing"": ""+11m adjusted window"", ""timestamp"": ""2026-07-04 10:00:43"", ""requires_acknowledgement"": false, ""is_acknowledged"": true, ""acknowledged_at"": ""2026-07-04 10:02:43""}"
Q-4CA0C0403AE4,14_notifications.csv,NOTIF-00042,Notification references quarantined order_id 'LO-PS27-5727',RULE_ORPHANED_FOREIGN_KEY,2026-09-15T14:24:01.762013,"{""notification_id"": ""NOTIF-00042"", ""order_id"": ""LO-PS27-5727"", ""omc_id"": ""vivo"", ""depot_id"": ""eldoret"", ""recipient_role"": ""OMC"", ""notification_type"": ""PREDICTED_GATE_OUT_CHANGE"", ""priority"": ""IMPORTANT"", ""title"": ""Collection Re-sequenced at Eldoret Depot (PS27)"", ""message"": ""Autonomous queue deconfliction has recovered estimated 27m turnaround delay."", ""previous_timing"": ""+35m projected delay"", ""new_timing"": ""+8m adjusted window"", ""timestamp"": ""2026-07-04 14:00:25"", ""requires_acknowledgement"": false, ""is_acknowledged"": true, ""acknowledged_at"": ""2026-07-04 14:02:25""}"
Q-D770ADE1B585,14_notifications.csv,NOTIF-00043,Notification references quarantined order_id 'LO-KOTPS1-9544',RULE_ORPHANED_FOREIGN_KEY,2026-09-15T14:24:01.762140,"{""notification_id"": ""NOTIF-00043"", ""order_id"": ""LO-KOTPS1-9544"", ""omc_id"": ""ola"", ""depot_id"": ""mombasa"", ""recipient_role"": ""DRIVER"", ""notification_type"": ""INSTRUCTION_UPDATE"", ""priority"": ""IMPORTANT"", ""title"": ""Collection Re-sequenced at Mombasa Terminal (KOT-PS1)"", ""message"": ""Autonomous queue deconfliction has recovered estimated 22m turnaround delay."", ""previous_timing"": ""+30m projected delay"", ""new_timing"": ""+8m adjusted window"", ""timestamp"": ""2026-07-04 21:00:40"", ""requires_acknowledgement"": false, ""is_acknowledged"": true, ""acknowledged_at"": ""2026-07-04 21:02:40""}"
Q-EFAAD5CAF0A2,14_notifications.csv,NOTIF-00044,Notification references quarantined order_id 'LO-KOTPS1-9029',RULE_ORPHANED_FOREIGN_KEY,2026-09-15T14:24:01.762268,"{""notification_id"": ""NOTIF-00044"", ""order_id"": ""LO-KOTPS1-9029"", ""omc_id"": ""lakeoil"", ""depot_id"": ""mombasa"", ""recipient_role"": ""OMC"", ""notification_type"": ""INSTRUCTION_UPDATE"", ""priority"": ""INFO"", ""title"": ""Collection Re-sequenced at Mombasa Terminal (KOT-PS1)"", ""message"": ""Autonomous queue deconfliction has recovered estimated 11m turnaround delay."", ""previous_timing"": ""+18m projected delay"", ""new_timing"": ""+7m adjusted window"", ""timestamp"": ""2026-07-05 18:00:32"", ""requires_acknowledgement"": false, ""is_acknowledged"": true, ""acknowledged_at"": ""2026-07-05 18:02:32""}"
Q-61D3F0314436,14_notifications.csv,NOTIF-00045,Notification references quarantined order_id 'LO-PS25-7252',RULE_ORPHANED_FOREIGN_KEY,2026-09-15T14:24:01.762395,"{""notification_id"": ""NOTIF-00045"", ""order_id"": ""LO-PS25-7252"", ""omc_id"": ""ola"", ""depot_id"": ""nakuru"", ""recipient_role"": ""OMC"", ""notification_type"": ""PREDICTED_GATE_OUT_CHANGE"", ""priority"": ""INFO"", ""title"": ""Collection Re-sequenced at Nakuru Depot (PS25)"", ""message"": ""Autonomous queue deconfliction has recovered estimated 7m turnaround delay."", ""previous_timing"": ""+13m projected delay"", ""new_timing"": ""+6m adjusted window"", ""timestamp"": ""2026-07-05 23:00:41"", ""requires_acknowledgement"": false, ""is_acknowledged"": true, ""acknowledged_at"": ""2026-07-05 23:02:41""}"
Q-330AF1FC1927,14_notifications.csv,NOTIF-00046,Notification references quarantined order_id 'LO-PS25-4732',RULE_ORPHANED_FOREIGN_KEY,2026-09-15T14:24:01.762522,"{""notification_id"": ""NOTIF-00046"", ""order_id"": ""LO-PS25-4732"", ""omc_id"": ""rubis"", ""depot_id"": ""nakuru"", ""recipient_role"": ""OMC"", ""notification_type"": ""PREDICTED_GATE_OUT_CHANGE"", ""priority"": ""INFO"", ""title"": ""Collection Re-sequenced at Nakuru Depot (PS25)"", ""message"": ""Autonomous queue deconfliction has recovered estimated 11m turnaround delay."", ""previous_timing"": ""+18m projected delay"", ""new_timing"": ""+7m adjusted window"", ""timestamp"": ""2026-07-06 02:00:38"", ""requires_acknowledgement"": false, ""is_acknowledged"": true, ""acknowledged_at"": ""2026-07-06 02:02:38""}"
Q-21A75B1944F9,14_notifications.csv,NOTIF-00047,Notification references quarantined order_id 'LO-PS25-2707',RULE_ORPHANED_FOREIGN_KEY,2026-09-15T14:24:01.762650,"{""notification_id"": ""NOTIF-00047"", ""order_id"": ""LO-PS25-2707"", ""omc_id"": ""rubis"", ""depot_id"": ""nakuru"", ""recipient_role"": ""DRIVER"", ""notification_type"": ""PREDICTED_GATE_OUT_CHANGE"", ""priority"": ""INFO"", ""title"": ""Collection Re-sequenced at Nakuru Depot (PS25)"", ""message"": ""Autonomous queue deconfliction has recovered estimated 8m turnaround delay."", ""previous_timing"": ""+12m projected delay"", ""new_timing"": ""+4m adjusted window"", ""timestamp"": ""2026-07-06 11:00:44"", ""requires_acknowledgement"": false, ""is_acknowledged"": true, ""acknowledged_at"": ""2026-07-06 11:02:44""}"
Q-5FD965A15C69,14_notifications.csv,NOTIF-00048,Notification references quarantined order_id 'LO-PS25-7719',RULE_ORPHANED_FOREIGN_KEY,2026-09-15T14:24:01.762868,"{""notification_id"": ""NOTIF-00048"", ""order_id"": ""LO-PS25-7719"", ""omc_id"": ""petrocity"", ""depot_id"": ""nakuru"", ""recipient_role"": ""OMC"", ""notification_type"": ""PREDICTED_GATE_OUT_CHANGE"", ""priority"": ""INFO"", ""title"": ""Collection Re-sequenced at Nakuru Depot (PS25)"", ""message"": ""Autonomous queue deconfliction has recovered estimated 16m turnaround delay."", ""previous_timing"": ""+20m projected delay"", ""new_timing"": ""+4m adjusted window"", ""timestamp"": ""2026-07-07 02:00:44"", ""requires_acknowledgement"": false, ""is_acknowledged"": true, ""acknowledged_at"": ""2026-07-07 02:02:44""}"
Q-5C731662B01B,14_notifications.csv,NOTIF-00049,Notification references quarantined order_id 'LO-PS27-2396',RULE_ORPHANED_FOREIGN_KEY,2026-09-15T14:24:01.763003,"{""notification_id"": ""NOTIF-00049"", ""order_id"": ""LO-PS27-2396"", ""omc_id"": ""totalenergies"", ""depot_id"": ""eldoret"", ""recipient_role"": ""OMC"", ""notification_type"": ""INSTRUCTION_UPDATE"", ""priority"": ""IMPORTANT"", ""title"": ""Collection Re-sequenced at Eldoret Depot (PS27)"", ""message"": ""Autonomous queue deconfliction has recovered estimated 17m turnaround delay."", ""previous_timing"": ""+27m projected delay"", ""new_timing"": ""+10m adjusted window"", ""timestamp"": ""2026-07-07 04:00:18"", ""requires_acknowledgement"": false, ""is_acknowledged"": true, ""acknowledged_at"": ""2026-07-07 04:02:18""}"
Q-BD8A30B8D5AF,14_notifications.csv,NOTIF-00050,Notification references quarantined order_id 'LO-KOTPS1-4708',RULE_ORPHANED_FOREIGN_KEY,2026-09-15T14:24:01.763128,"{""notification_id"": ""NOTIF-00050"", ""order_id"": ""LO-KOTPS1-4708"", ""omc_id"": ""totalenergies"", ""depot_id"": ""mombasa"", ""recipient_role"": ""OMC"", ""notification_type"": ""INSTRUCTION_UPDATE"", ""priority"": ""INFO"", ""title"": ""Collection Re-sequenced at Mombasa Terminal (KOT-PS1)"", ""message"": ""Autonomous queue deconfliction has recovered estimated 11m turnaround delay."", ""previous_timing"": ""+15m projected delay"", ""new_timing"": ""+4m adjusted window"", ""timestamp"": ""2026-07-08 12:00:28"", ""requires_acknowledgement"": false, ""is_acknowledged"": true, ""acknowledged_at"": ""2026-07-08 12:02:28""}"
Q-E197AA383DBB,14_notifications.csv,NOTIF-00051,Notification references quarantined order_id 'LO-KOTPS1-3452',RULE_ORPHANED_FOREIGN_KEY,2026-09-15T14:24:01.763252,"{""notification_id"": ""NOTIF-00051"", ""order_id"": ""LO-KOTPS1-3452"", ""omc_id"": ""rubis"", ""depot_id"": ""mombasa"", ""recipient_role"": ""DRIVER"", ""notification_type"": ""PREDICTED_GATE_OUT_CHANGE"", ""priority"": ""INFO"", ""title"": ""Collection Re-sequenced at Mombasa Terminal (KOT-PS1)"", ""message"": ""Autonomous queue deconfliction has recovered estimated 9m turnaround delay."", ""previous_timing"": ""+16m projected delay"", ""new_timing"": ""+7m adjusted window"", ""timestamp"": ""2026-07-09 01:00:45"", ""requires_acknowledgement"": false, ""is_acknowledged"": true, ""acknowledged_at"": ""2026-07-09 01:02:45""}"
Q-41CDC16C55AF,14_notifications.csv,NOTIF-00052,Notification references quarantined order_id 'LO-PS28-8788',RULE_ORPHANED_FOREIGN_KEY,2026-09-15T14:24:01.763375,"{""notification_id"": ""NOTIF-00052"", ""order_id"": ""LO-PS28-8788"", ""omc_id"": ""totalenergies"", ""depot_id"": ""kisumu"", ""recipient_role"": ""DRIVER"", ""notification_type"": ""INSTRUCTION_UPDATE"", ""priority"": ""INFO"", ""title"": ""Collection Re-sequenced at Kisumu Depot (PS28)"", ""message"": ""Autonomous queue deconfliction has recovered estimated 7m turnaround delay."", ""previous_timing"": ""+11m projected delay"", ""new_timing"": ""+4m adjusted window"", ""timestamp"": ""2026-07-09 19:00:18"", ""requires_acknowledgement"": false, ""is_acknowledged"": true, ""acknowledged_at"": ""2026-07-09 19:02:18""}"
Q-5DFCD856EC32,14_notifications.csv,NOTIF-00053,Notification references quarantined order_id 'LO-PS28-8539',RULE_ORPHANED_FOREIGN_KEY,2026-09-15T14:24:01.763502,"{""notification_id"": ""NOTIF-00053"", ""order_id"": ""LO-PS28-8539"", ""omc_id"": ""ola"", ""depot_id"": ""kisumu"", ""recipient_role"": ""DRIVER"", ""notification_type"": ""PREDICTED_GATE_OUT_CHANGE"", ""priority"": ""INFO"", ""title"": ""Collection Re-sequenced at Kisumu Depot (PS28)"", ""message"": ""Autonomous queue deconfliction has recovered estimated 11m turnaround delay."", ""previous_timing"": ""+16m projected delay"", ""new_timing"": ""+5m adjusted window"", ""timestamp"": ""2026-07-10 01:00:31"", ""requires_acknowledgement"": false, ""is_acknowledged"": true, ""acknowledged_at"": ""2026-07-10 01:02:31""}"
Q-1D2EBEBDECEA,14_notifications.csv,NOTIF-00054,Notification references quarantined order_id 'LO-PS28-8522',RULE_ORPHANED_FOREIGN_KEY,2026-09-15T14:24:01.763630,"{""notification_id"": ""NOTIF-00054"", ""order_id"": ""LO-PS28-8522"", ""omc_id"": ""petrocity"", ""depot_id"": ""kisumu"", ""recipient_role"": ""OMC"", ""notification_type"": ""INSTRUCTION_UPDATE"", ""priority"": ""INFO"", ""title"": ""Collection Re-sequenced at Kisumu Depot (PS28)"", ""message"": ""Autonomous queue deconfliction has recovered estimated 11m turnaround delay."", ""previous_timing"": ""+18m projected delay"", ""new_timing"": ""+7m adjusted window"", ""timestamp"": ""2026-07-10 04:00:44"", ""requires_acknowledgement"": false, ""is_acknowledged"": true, ""acknowledged_at"": ""2026-07-10 04:02:44""}"
Q-F7253462458C,14_notifications.csv,NOTIF-00055,Notification references quarantined order_id 'LO-PS10-9842',RULE_ORPHANED_FOREIGN_KEY,2026-09-15T14:24:01.763790,"{""notification_id"": ""NOTIF-00055"", ""order_id"": ""LO-PS10-9842"", ""omc_id"": ""ola"", ""depot_id"": ""nairobi"", ""recipient_role"": ""OMC"", ""notification_type"": ""PREDICTED_GATE_OUT_CHANGE"", ""priority"": ""IMPORTANT"", ""title"": ""Collection Re-sequenced at Nairobi Terminal (PS10)"", ""message"": ""Autonomous queue deconfliction has recovered estimated 28m turnaround delay."", ""previous_timing"": ""+36m projected delay"", ""new_timing"": ""+8m adjusted window"", ""timestamp"": ""2026-07-10 21:00:33"", ""requires_acknowledgement"": false, ""is_acknowledged"": true, ""acknowledged_at"": ""2026-07-10 21:02:33""}"
Q-38A92C17CE90,14_notifications.csv,NOTIF-00056,Notification references quarantined order_id 'LO-PS27-9472',RULE_ORPHANED_FOREIGN_KEY,2026-09-15T14:24:01.763919,"{""notification_id"": ""NOTIF-00056"", ""order_id"": ""LO-PS27-9472"", ""omc_id"": ""totalenergies"", ""depot_id"": ""eldoret"", ""recipient_role"": ""DRIVER"", ""notification_type"": ""PREDICTED_GATE_OUT_CHANGE"", ""priority"": ""INFO"", ""title"": ""Collection Re-sequenced at Eldoret Depot (PS27)"", ""message"": ""Autonomous queue deconfliction has recovered estimated 12m turnaround delay."", ""previous_timing"": ""+18m projected delay"", ""new_timing"": ""+6m adjusted window"", ""timestamp"": ""2026-07-11 09:00:46"", ""requires_acknowledgement"": false, ""is_acknowledged"": true, ""acknowledged_at"": ""2026-07-11 09:02:46""}"
Q-2ACB885CF531,14_notifications.csv,NOTIF-00057,Notification references quarantined order_id 'LO-PS10-6055',RULE_ORPHANED_FOREIGN_KEY,2026-09-15T14:24:01.764043,"{""notification_id"": ""NOTIF-00057"", ""order_id"": ""LO-PS10-6055"", ""omc_id"": ""petrocity"", ""depot_id"": ""nairobi"", ""recipient_role"": ""DRIVER"", ""notification_type"": ""INSTRUCTION_UPDATE"", ""priority"": ""INFO"", ""title"": ""Collection Re-sequenced at Nairobi Terminal (PS10)"", ""message"": ""Autonomous queue deconfliction has recovered estimated 10m turnaround delay."", ""previous_timing"": ""+15m projected delay"", ""new_timing"": ""+5m adjusted window"", ""timestamp"": ""2026-07-11 11:00:47"", ""requires_acknowledgement"": false, ""is_acknowledged"": true, ""acknowledged_at"": ""2026-07-11 11:02:47""}"
Q-33856126AF76,14_notifications.csv,NOTIF-00058,Notification references quarantined order_id 'LO-KOTPS1-1049',RULE_ORPHANED_FOREIGN_KEY,2026-09-15T14:24:01.764166,"{""notification_id"": ""NOTIF-00058"", ""order_id"": ""LO-KOTPS1-1049"", ""omc_id"": ""vivo"", ""depot_id"": ""mombasa"", ""recipient_role"": ""DRIVER"", ""notification_type"": ""PREDICTED_GATE_OUT_CHANGE"", ""priority"": ""INFO"", ""title"": ""Collection Re-sequenced at Mombasa Terminal (KOT-PS1)"", ""message"": ""Autonomous queue deconfliction has recovered estimated 12m turnaround delay."", ""previous_timing"": ""+19m projected delay"", ""new_timing"": ""+7m adjusted window"", ""timestamp"": ""2026-07-11 21:00:31"", ""requires_acknowledgement"": false, ""is_acknowledged"": true, ""acknowledged_at"": ""2026-07-11 21:02:31""}"
Q-AED7AC53BAD9,14_notifications.csv,NOTIF-00059,Notification references quarantined order_id 'LO-PS25-8762',RULE_ORPHANED_FOREIGN_KEY,2026-09-15T14:24:01.764289,"{""notification_id"": ""NOTIF-00059"", ""order_id"": ""LO-PS25-8762"", ""omc_id"": ""hass"", ""depot_id"": ""nakuru"", ""recipient_role"": ""DRIVER"", ""notification_type"": ""PREDICTED_GATE_OUT_CHANGE"", ""priority"": ""IMPORTANT"", ""title"": ""Collection Re-sequenced at Nakuru Depot (PS25)"", ""message"": ""Autonomous queue deconfliction has recovered estimated 24m turnaround delay."", ""previous_timing"": ""+31m projected delay"", ""new_timing"": ""+7m adjusted window"", ""timestamp"": ""2026-07-12 01:00:23"", ""requires_acknowledgement"": false, ""is_acknowledged"": true, ""acknowledged_at"": ""2026-07-12 01:02:23""}"
Q-B035595B0EAD,14_notifications.csv,NOTIF-00060,Notification references quarantined order_id 'LO-PS27-4040',RULE_ORPHANED_FOREIGN_KEY,2026-09-15T14:24:01.764411,"{""notification_id"": ""NOTIF-00060"", ""order_id"": ""LO-PS27-4040"", ""omc_id"": ""lakeoil"", ""depot_id"": ""eldoret"", ""recipient_role"": ""OMC"", ""notification_type"": ""PREDICTED_GATE_OUT_CHANGE"", ""priority"": ""IMPORTANT"", ""title"": ""Collection Re-sequenced at Eldoret Depot (PS27)"", ""message"": ""Autonomous queue deconfliction has recovered estimated 20m turnaround delay."", ""previous_timing"": ""+30m projected delay"", ""new_timing"": ""+10m adjusted window"", ""timestamp"": ""2026-07-12 09:00:25"", ""requires_acknowledgement"": false, ""is_acknowledged"": true, ""acknowledged_at"": ""2026-07-12 09:02:25""}"
Q-65D5C4172984,14_notifications.csv,NOTIF-00061,Notification references quarantined order_id 'LO-KOTPS1-4458',RULE_ORPHANED_FOREIGN_KEY,2026-09-15T14:24:01.764534,"{""notification_id"": ""NOTIF-00061"", ""order_id"": ""LO-KOTPS1-4458"", ""omc_id"": ""lakeoil"", ""depot_id"": ""mombasa"", ""recipient_role"": ""OMC"", ""notification_type"": ""PREDICTED_GATE_OUT_CHANGE"", ""priority"": ""INFO"", ""title"": ""Collection Re-sequenced at Mombasa Terminal (KOT-PS1)"", ""message"": ""Autonomous queue deconfliction has recovered estimated 10m turnaround delay."", ""previous_timing"": ""+16m projected delay"", ""new_timing"": ""+6m adjusted window"", ""timestamp"": ""2026-07-12 21:00:45"", ""requires_acknowledgement"": false, ""is_acknowledged"": true, ""acknowledged_at"": ""2026-07-12 21:02:45""}"
Q-2C174D85E679,14_notifications.csv,NOTIF-00062,Notification references quarantined order_id 'LO-PS27-6642',RULE_ORPHANED_FOREIGN_KEY,2026-09-15T14:24:01.764657,"{""notification_id"": ""NOTIF-00062"", ""order_id"": ""LO-PS27-6642"", ""omc_id"": ""ola"", ""depot_id"": ""eldoret"", ""recipient_role"": ""OMC"", ""notification_type"": ""PREDICTED_GATE_OUT_CHANGE"", ""priority"": ""INFO"", ""title"": ""Collection Re-sequenced at Eldoret Depot (PS27)"", ""message"": ""Autonomous queue deconfliction has recovered estimated 14m turnaround delay."", ""previous_timing"": ""+20m projected delay"", ""new_timing"": ""+6m adjusted window"", ""timestamp"": ""2026-07-13 09:00:23"", ""requires_acknowledgement"": false, ""is_acknowledged"": true, ""acknowledged_at"": ""2026-07-13 09:02:23""}"
Q-0F0F65148E89,14_notifications.csv,NOTIF-00063,Notification references quarantined order_id 'LO-KOTPS1-7408',RULE_ORPHANED_FOREIGN_KEY,2026-09-15T14:24:01.764788,"{""notification_id"": ""NOTIF-00063"", ""order_id"": ""LO-KOTPS1-7408"", ""omc_id"": ""ola"", ""depot_id"": ""mombasa"", ""recipient_role"": ""DRIVER"", ""notification_type"": ""INSTRUCTION_UPDATE"", ""priority"": ""INFO"", ""title"": ""Collection Re-sequenced at Mombasa Terminal (KOT-PS1)"", ""message"": ""Autonomous queue deconfliction has recovered estimated 8m turnaround delay."", ""previous_timing"": ""+12m projected delay"", ""new_timing"": ""+4m adjusted window"", ""timestamp"": ""2026-07-15 12:00:34"", ""requires_acknowledgement"": false, ""is_acknowledged"": true, ""acknowledged_at"": ""2026-07-15 12:02:34""}"
Q-77C2F3186EFD,14_notifications.csv,NOTIF-00064,Notification references quarantined order_id 'LO-PS27-1248',RULE_ORPHANED_FOREIGN_KEY,2026-09-15T14:24:01.764912,"{""notification_id"": ""NOTIF-00064"", ""order_id"": ""LO-PS27-1248"", ""omc_id"": ""lakeoil"", ""depot_id"": ""eldoret"", ""recipient_role"": ""DRIVER"", ""notification_type"": ""PREDICTED_GATE_OUT_CHANGE"", ""priority"": ""INFO"", ""title"": ""Collection Re-sequenced at Eldoret Depot (PS27)"", ""message"": ""Autonomous queue deconfliction has recovered estimated 7m turnaround delay."", ""previous_timing"": ""+13m projected delay"", ""new_timing"": ""+6m adjusted window"", ""timestamp"": ""2026-07-15 19:00:38"", ""requires_acknowledgement"": false, ""is_acknowledged"": true, ""acknowledged_at"": ""2026-07-15 19:02:38""}"
Q-745DF61729D5,14_notifications.csv,NOTIF-00065,Notification references quarantined order_id 'LO-PS25-9531',RULE_ORPHANED_FOREIGN_KEY,2026-09-15T14:24:01.765033,"{""notification_id"": ""NOTIF-00065"", ""order_id"": ""LO-PS25-9531"", ""omc_id"": ""vivo"", ""depot_id"": ""nakuru"", ""recipient_role"": ""DRIVER"", ""notification_type"": ""PREDICTED_GATE_OUT_CHANGE"", ""priority"": ""INFO"", ""title"": ""Collection Re-sequenced at Nakuru Depot (PS25)"", ""message"": ""Autonomous queue deconfliction has recovered estimated 8m turnaround delay."", ""previous_timing"": ""+15m projected delay"", ""new_timing"": ""+7m adjusted window"", ""timestamp"": ""2026-07-17 00:00:38"", ""requires_acknowledgement"": false, ""is_acknowledged"": true, ""acknowledged_at"": ""2026-07-17 00:02:38""}"
Q-9552C52FD242,14_notifications.csv,NOTIF-00066,Notification references quarantined order_id 'LO-PS27-3373',RULE_ORPHANED_FOREIGN_KEY,2026-09-15T14:24:01.765155,"{""notification_id"": ""NOTIF-00066"", ""order_id"": ""LO-PS27-3373"", ""omc_id"": ""petrocity"", ""depot_id"": ""eldoret"", ""recipient_role"": ""DRIVER"", ""notification_type"": ""INSTRUCTION_UPDATE"", ""priority"": ""IMPORTANT"", ""title"": ""Collection Re-sequenced at Eldoret Depot (PS27)"", ""message"": ""Autonomous queue deconfliction has recovered estimated 11m turnaround delay."", ""previous_timing"": ""+16m projected delay"", ""new_timing"": ""+5m adjusted window"", ""timestamp"": ""2026-07-17 08:00:27"", ""requires_acknowledgement"": false, ""is_acknowledged"": true, ""acknowledged_at"": ""2026-07-17 08:02:27""}"
Q-9893AF4FE8B0,14_notifications.csv,NOTIF-00067,Notification references quarantined order_id 'LO-KOTPS1-7926',RULE_ORPHANED_FOREIGN_KEY,2026-09-15T14:24:01.765278,"{""notification_id"": ""NOTIF-00067"", ""order_id"": ""LO-KOTPS1-7926"", ""omc_id"": ""hass"", ""depot_id"": ""mombasa"", ""recipient_role"": ""OMC"", ""notification_type"": ""PREDICTED_GATE_OUT_CHANGE"", ""priority"": ""IMPORTANT"", ""title"": ""Collection Re-sequenced at Mombasa Terminal (KOT-PS1)"", ""message"": ""Autonomous queue deconfliction has recovered estimated 15m turnaround delay."", ""previous_timing"": ""+26m projected delay"", ""new_timing"": ""+11m adjusted window"", ""timestamp"": ""2026-07-18 01:00:41"", ""requires_acknowledgement"": false, ""is_acknowledged"": true, ""acknowledged_at"": ""2026-07-18 01:02:41""}"
Q-F47F762FC811,14_notifications.csv,NOTIF-00068,Notification references quarantined order_id 'LO-KOTPS1-1493',RULE_ORPHANED_FOREIGN_KEY,2026-09-15T14:24:01.765399,"{""notification_id"": ""NOTIF-00068"", ""order_id"": ""LO-KOTPS1-1493"", ""omc_id"": ""petrocity"", ""depot_id"": ""mombasa"", ""recipient_role"": ""DRIVER"", ""notification_type"": ""PREDICTED_GATE_OUT_CHANGE"", ""priority"": ""INFO"", ""title"": ""Collection Re-sequenced at Mombasa Terminal (KOT-PS1)"", ""message"": ""Autonomous queue deconfliction has recovered estimated 5m turnaround delay."", ""previous_timing"": ""+10m projected delay"", ""new_timing"": ""+5m adjusted window"", ""timestamp"": ""2026-07-19 03:00:27"", ""requires_acknowledgement"": false, ""is_acknowledged"": true, ""acknowledged_at"": ""2026-07-19 03:02:27""}"
Q-141C928F609E,14_notifications.csv,NOTIF-00069,Notification references quarantined order_id 'LO-PS10-2882',RULE_ORPHANED_FOREIGN_KEY,2026-09-15T14:24:01.765521,"{""notification_id"": ""NOTIF-00069"", ""order_id"": ""LO-PS10-2882"", ""omc_id"": ""totalenergies"", ""depot_id"": ""nairobi"", ""recipient_role"": ""OMC"", ""notification_type"": ""INSTRUCTION_UPDATE"", ""priority"": ""IMPORTANT"", ""title"": ""Collection Re-sequenced at Nairobi Terminal (PS10)"", ""message"": ""Autonomous queue deconfliction has recovered estimated 16m turnaround delay."", ""previous_timing"": ""+25m projected delay"", ""new_timing"": ""+9m adjusted window"", ""timestamp"": ""2026-07-19 06:00:23"", ""requires_acknowledgement"": false, ""is_acknowledged"": true, ""acknowledged_at"": ""2026-07-19 06:02:23""}"
Q-30FBBCF77068,14_notifications.csv,NOTIF-00070,Notification references quarantined order_id 'LO-PS10-8375',RULE_ORPHANED_FOREIGN_KEY,2026-09-15T14:24:01.765643,"{""notification_id"": ""NOTIF-00070"", ""order_id"": ""LO-PS10-8375"", ""omc_id"": ""vivo"", ""depot_id"": ""nairobi"", ""recipient_role"": ""OMC"", ""notification_type"": ""PREDICTED_GATE_OUT_CHANGE"", ""priority"": ""INFO"", ""title"": ""Collection Re-sequenced at Nairobi Terminal (PS10)"", ""message"": ""Autonomous queue deconfliction has recovered estimated 5m turnaround delay."", ""previous_timing"": ""+9m projected delay"", ""new_timing"": ""+4m adjusted window"", ""timestamp"": ""2026-07-19 12:00:34"", ""requires_acknowledgement"": false, ""is_acknowledged"": true, ""acknowledged_at"": ""2026-07-19 12:02:34""}"
Q-6F6F194C3E84,14_notifications.csv,NOTIF-00071,Notification references quarantined order_id 'LO-KOTPS1-3618',RULE_ORPHANED_FOREIGN_KEY,2026-09-15T14:24:01.765772,"{""notification_id"": ""NOTIF-00071"", ""order_id"": ""LO-KOTPS1-3618"", ""omc_id"": ""petrocity"", ""depot_id"": ""mombasa"", ""recipient_role"": ""OMC"", ""notification_type"": ""INSTRUCTION_UPDATE"", ""priority"": ""INFO"", ""title"": ""Collection Re-sequenced at Mombasa Terminal (KOT-PS1)"", ""message"": ""Autonomous queue deconfliction has recovered estimated 8m turnaround delay."", ""previous_timing"": ""+12m projected delay"", ""new_timing"": ""+4m adjusted window"", ""timestamp"": ""2026-07-19 21:00:18"", ""requires_acknowledgement"": false, ""is_acknowledged"": true, ""acknowledged_at"": ""2026-07-19 21:02:18""}"
Q-490A228E0D0E,14_notifications.csv,NOTIF-00072,Notification references quarantined order_id 'LO-PS28-3199',RULE_ORPHANED_FOREIGN_KEY,2026-09-15T14:24:01.765896,"{""notification_id"": ""NOTIF-00072"", ""order_id"": ""LO-PS28-3199"", ""omc_id"": ""vivo"", ""depot_id"": ""kisumu"", ""recipient_role"": ""DRIVER"", ""notification_type"": ""PREDICTED_GATE_OUT_CHANGE"", ""priority"": ""INFO"", ""title"": ""Collection Re-sequenced at Kisumu Depot (PS28)"", ""message"": ""Autonomous queue deconfliction has recovered estimated 6m turnaround delay."", ""previous_timing"": ""+10m projected delay"", ""new_timing"": ""+4m adjusted window"", ""timestamp"": ""2026-07-20 19:00:33"", ""requires_acknowledgement"": false, ""is_acknowledged"": true, ""acknowledged_at"": ""2026-07-20 19:02:33""}"
Q-1E8363A8E374,14_notifications.csv,NOTIF-00073,Notification references quarantined order_id 'LO-PS28-7165',RULE_ORPHANED_FOREIGN_KEY,2026-09-15T14:24:01.766017,"{""notification_id"": ""NOTIF-00073"", ""order_id"": ""LO-PS28-7165"", ""omc_id"": ""petrocity"", ""depot_id"": ""kisumu"", ""recipient_role"": ""DRIVER"", ""notification_type"": ""PREDICTED_GATE_OUT_CHANGE"", ""priority"": ""IMPORTANT"", ""title"": ""Collection Re-sequenced at Kisumu Depot (PS28)"", ""message"": ""Autonomous queue deconfliction has recovered estimated 10m turnaround delay."", ""previous_timing"": ""+15m projected delay"", ""new_timing"": ""+5m adjusted window"", ""timestamp"": ""2026-07-20 22:00:26"", ""requires_acknowledgement"": false, ""is_acknowledged"": true, ""acknowledged_at"": ""2026-07-20 22:02:26""}"
Q-006E2EBF949F,14_notifications.csv,NOTIF-00074,Notification references quarantined order_id 'LO-PS10-5375',RULE_ORPHANED_FOREIGN_KEY,2026-09-15T14:24:01.766151,"{""notification_id"": ""NOTIF-00074"", ""order_id"": ""LO-PS10-5375"", ""omc_id"": ""totalenergies"", ""depot_id"": ""nairobi"", ""recipient_role"": ""DRIVER"", ""notification_type"": ""PREDICTED_GATE_OUT_CHANGE"", ""priority"": ""INFO"", ""title"": ""Collection Re-sequenced at Nairobi Terminal (PS10)"", ""message"": ""Autonomous queue deconfliction has recovered estimated 9m turnaround delay."", ""previous_timing"": ""+15m projected delay"", ""new_timing"": ""+6m adjusted window"", ""timestamp"": ""2026-07-21 02:00:49"", ""requires_acknowledgement"": false, ""is_acknowledged"": true, ""acknowledged_at"": ""2026-07-21 02:02:49""}"
Q-6334C2BFCA24,14_notifications.csv,NOTIF-00075,Notification references quarantined order_id 'LO-PS28-5763',RULE_ORPHANED_FOREIGN_KEY,2026-09-15T14:24:01.766270,"{""notification_id"": ""NOTIF-00075"", ""order_id"": ""LO-PS28-5763"", ""omc_id"": ""vivo"", ""depot_id"": ""kisumu"", ""recipient_role"": ""DRIVER"", ""notification_type"": ""INSTRUCTION_UPDATE"", ""priority"": ""IMPORTANT"", ""title"": ""Collection Re-sequenced at Kisumu Depot (PS28)"", ""message"": ""Autonomous queue deconfliction has recovered estimated 29m turnaround delay."", ""previous_timing"": ""+39m projected delay"", ""new_timing"": ""+10m adjusted window"", ""timestamp"": ""2026-07-21 15:00:33"", ""requires_acknowledgement"": false, ""is_acknowledged"": true, ""acknowledged_at"": ""2026-07-21 15:02:33""}"
Q-E219AFE24CF9,14_notifications.csv,NOTIF-00076,Notification references quarantined order_id 'LO-PS10-5794',RULE_ORPHANED_FOREIGN_KEY,2026-09-15T14:24:01.766389,"{""notification_id"": ""NOTIF-00076"", ""order_id"": ""LO-PS10-5794"", ""omc_id"": ""rubis"", ""depot_id"": ""nairobi"", ""recipient_role"": ""DRIVER"", ""notification_type"": ""PREDICTED_GATE_OUT_CHANGE"", ""priority"": ""INFO"", ""title"": ""Collection Re-sequenced at Nairobi Terminal (PS10)"", ""message"": ""Autonomous queue deconfliction has recovered estimated 4m turnaround delay."", ""previous_timing"": ""+6m projected delay"", ""new_timing"": ""+2m adjusted window"", ""timestamp"": ""2026-07-22 01:00:35"", ""requires_acknowledgement"": false, ""is_acknowledged"": true, ""acknowledged_at"": ""2026-07-22 01:02:35""}"
Q-DBFAF06F9BFF,14_notifications.csv,NOTIF-00077,Notification references quarantined order_id 'LO-PS28-6423',RULE_ORPHANED_FOREIGN_KEY,2026-09-15T14:24:01.766507,"{""notification_id"": ""NOTIF-00077"", ""order_id"": ""LO-PS28-6423"", ""omc_id"": ""ola"", ""depot_id"": ""kisumu"", ""recipient_role"": ""OMC"", ""notification_type"": ""PREDICTED_GATE_OUT_CHANGE"", ""priority"": ""IMPORTANT"", ""title"": ""Collection Re-sequenced at Kisumu Depot (PS28)"", ""message"": ""Autonomous queue deconfliction has recovered estimated 8m turnaround delay."", ""previous_timing"": ""+13m projected delay"", ""new_timing"": ""+5m adjusted window"", ""timestamp"": ""2026-07-22 23:00:25"", ""requires_acknowledgement"": false, ""is_acknowledged"": true, ""acknowledged_at"": ""2026-07-22 23:02:25""}"
Q-0946A744C04A,14_notifications.csv,NOTIF-00078,Notification references quarantined order_id 'LO-PS25-7480',RULE_ORPHANED_FOREIGN_KEY,2026-09-15T14:24:01.766625,"{""notification_id"": ""NOTIF-00078"", ""order_id"": ""LO-PS25-7480"", ""omc_id"": ""hass"", ""depot_id"": ""nakuru"", ""recipient_role"": ""DRIVER"", ""notification_type"": ""PREDICTED_GATE_OUT_CHANGE"", ""priority"": ""IMPORTANT"", ""title"": ""Collection Re-sequenced at Nakuru Depot (PS25)"", ""message"": ""Autonomous queue deconfliction has recovered estimated 10m turnaround delay."", ""previous_timing"": ""+18m projected delay"", ""new_timing"": ""+8m adjusted window"", ""timestamp"": ""2026-07-24 08:00:39"", ""requires_acknowledgement"": false, ""is_acknowledged"": true, ""acknowledged_at"": ""2026-07-24 08:02:39""}"
Q-BE573BA77129,14_notifications.csv,NOTIF-00079,Notification references quarantined order_id 'LO-PS28-8128',RULE_ORPHANED_FOREIGN_KEY,2026-09-15T14:24:01.766743,"{""notification_id"": ""NOTIF-00079"", ""order_id"": ""LO-PS28-8128"", ""omc_id"": ""totalenergies"", ""depot_id"": ""kisumu"", ""recipient_role"": ""OMC"", ""notification_type"": ""PREDICTED_GATE_OUT_CHANGE"", ""priority"": ""INFO"", ""title"": ""Collection Re-sequenced at Kisumu Depot (PS28)"", ""message"": ""Autonomous queue deconfliction has recovered estimated 12m turnaround delay."", ""previous_timing"": ""+16m projected delay"", ""new_timing"": ""+4m adjusted window"", ""timestamp"": ""2026-07-25 16:00:39"", ""requires_acknowledgement"": false, ""is_acknowledged"": true, ""acknowledged_at"": ""2026-07-25 16:02:39""}"
Q-FD4B121D94DC,14_notifications.csv,NOTIF-00080,Notification references quarantined order_id 'LO-PS27-3996',RULE_ORPHANED_FOREIGN_KEY,2026-09-15T14:24:01.766868,"{""notification_id"": ""NOTIF-00080"", ""order_id"": ""LO-PS27-3996"", ""omc_id"": ""petrocity"", ""depot_id"": ""eldoret"", ""recipient_role"": ""DRIVER"", ""notification_type"": ""PREDICTED_GATE_OUT_CHANGE"", ""priority"": ""IMPORTANT"", ""title"": ""Collection Re-sequenced at Eldoret Depot (PS27)"", ""message"": ""Autonomous queue deconfliction has recovered estimated 29m turnaround delay."", ""previous_timing"": ""+41m projected delay"", ""new_timing"": ""+12m adjusted window"", ""timestamp"": ""2026-07-27 22:00:40"", ""requires_acknowledgement"": false, ""is_acknowledged"": true, ""acknowledged_at"": ""2026-07-27 22:02:40""}"
Q-154B01564258,14_notifications.csv,NOTIF-00081,Notification references quarantined order_id 'LO-KOTPS1-5737',RULE_ORPHANED_FOREIGN_KEY,2026-09-15T14:24:01.766987,"{""notification_id"": ""NOTIF-00081"", ""order_id"": ""LO-KOTPS1-5737"", ""omc_id"": ""petrocity"", ""depot_id"": ""mombasa"", ""recipient_role"": ""OMC"", ""notification_type"": ""INSTRUCTION_UPDATE"", ""priority"": ""IMPORTANT"", ""title"": ""Collection Re-sequenced at Mombasa Terminal (KOT-PS1)"", ""message"": ""Autonomous queue deconfliction has recovered estimated 23m turnaround delay."", ""previous_timing"": ""+30m projected delay"", ""new_timing"": ""+7m adjusted window"", ""timestamp"": ""2026-07-28 00:00:43"", ""requires_acknowledgement"": false, ""is_acknowledged"": true, ""acknowledged_at"": ""2026-07-28 00:02:43""}"
Q-4B7D5A4935B5,14_notifications.csv,NOTIF-00082,Notification references quarantined order_id 'LO-KOTPS1-3072',RULE_ORPHANED_FOREIGN_KEY,2026-09-15T14:24:01.767104,"{""notification_id"": ""NOTIF-00082"", ""order_id"": ""LO-KOTPS1-3072"", ""omc_id"": ""hass"", ""depot_id"": ""mombasa"", ""recipient_role"": ""OMC"", ""notification_type"": ""PREDICTED_GATE_OUT_CHANGE"", ""priority"": ""IMPORTANT"", ""title"": ""Collection Re-sequenced at Mombasa Terminal (KOT-PS1)"", ""message"": ""Autonomous queue deconfliction has recovered estimated 11m turnaround delay."", ""previous_timing"": ""+15m projected delay"", ""new_timing"": ""+4m adjusted window"", ""timestamp"": ""2026-07-28 16:00:40"", ""requires_acknowledgement"": false, ""is_acknowledged"": true, ""acknowledged_at"": ""2026-07-28 16:02:40""}"
Q-8A84BB20E1B9,14_notifications.csv,NOTIF-00083,Notification references quarantined order_id 'LO-PS27-5439',RULE_ORPHANED_FOREIGN_KEY,2026-09-15T14:24:01.767221,"{""notification_id"": ""NOTIF-00083"", ""order_id"": ""LO-PS27-5439"", ""omc_id"": ""vivo"", ""depot_id"": ""eldoret"", ""recipient_role"": ""OMC"", ""notification_type"": ""INSTRUCTION_UPDATE"", ""priority"": ""INFO"", ""title"": ""Collection Re-sequenced at Eldoret Depot (PS27)"", ""message"": ""Autonomous queue deconfliction has recovered estimated 9m turnaround delay."", ""previous_timing"": ""+12m projected delay"", ""new_timing"": ""+3m adjusted window"", ""timestamp"": ""2026-07-29 04:00:27"", ""requires_acknowledgement"": false, ""is_acknowledged"": true, ""acknowledged_at"": ""2026-07-29 04:02:27""}"
Q-ADCC3B1A85AA,14_notifications.csv,NOTIF-00084,Notification references quarantined order_id 'LO-KOTPS1-6215',RULE_ORPHANED_FOREIGN_KEY,2026-09-15T14:24:01.767339,"{""notification_id"": ""NOTIF-00084"", ""order_id"": ""LO-KOTPS1-6215"", ""omc_id"": ""totalenergies"", ""depot_id"": ""mombasa"", ""recipient_role"": ""DRIVER"", ""notification_type"": ""PREDICTED_GATE_OUT_CHANGE"", ""priority"": ""IMPORTANT"", ""title"": ""Collection Re-sequenced at Mombasa Terminal (KOT-PS1)"", ""message"": ""Autonomous queue deconfliction has recovered estimated 10m turnaround delay."", ""previous_timing"": ""+16m projected delay"", ""new_timing"": ""+6m adjusted window"", ""timestamp"": ""2026-07-29 06:00:47"", ""requires_acknowledgement"": false, ""is_acknowledged"": true, ""acknowledged_at"": ""2026-07-29 06:02:47""}"
Q-EF63722039D6,14_notifications.csv,NOTIF-00085,Notification references quarantined order_id 'LO-KOTPS1-5732',RULE_ORPHANED_FOREIGN_KEY,2026-09-15T14:24:01.767457,"{""notification_id"": ""NOTIF-00085"", ""order_id"": ""LO-KOTPS1-5732"", ""omc_id"": ""ola"", ""depot_id"": ""mombasa"", ""recipient_role"": ""DRIVER"", ""notification_type"": ""PREDICTED_GATE_OUT_CHANGE"", ""priority"": ""IMPORTANT"", ""title"": ""Collection Re-sequenced at Mombasa Terminal (KOT-PS1)"", ""message"": ""Autonomous queue deconfliction has recovered estimated 12m turnaround delay."", ""previous_timing"": ""+21m projected delay"", ""new_timing"": ""+9m adjusted window"", ""timestamp"": ""2026-07-29 11:00:45"", ""requires_acknowledgement"": false, ""is_acknowledged"": true, ""acknowledged_at"": ""2026-07-29 11:02:45""}"
Q-F153BAEC8313,14_notifications.csv,NOTIF-00086,Notification references quarantined order_id 'LO-PS10-6765',RULE_ORPHANED_FOREIGN_KEY,2026-09-15T14:24:01.767575,"{""notification_id"": ""NOTIF-00086"", ""order_id"": ""LO-PS10-6765"", ""omc_id"": ""totalenergies"", ""depot_id"": ""nairobi"", ""recipient_role"": ""DRIVER"", ""notification_type"": ""INSTRUCTION_UPDATE"", ""priority"": ""INFO"", ""title"": ""Collection Re-sequenced at Nairobi Terminal (PS10)"", ""message"": ""Autonomous queue deconfliction has recovered estimated 10m turnaround delay."", ""previous_timing"": ""+17m projected delay"", ""new_timing"": ""+7m adjusted window"", ""timestamp"": ""2026-07-30 18:00:44"", ""requires_acknowledgement"": false, ""is_acknowledged"": true, ""acknowledged_at"": ""2026-07-30 18:02:44""}"
Q-D5E718A288E4,14_notifications.csv,NOTIF-00087,Notification references quarantined order_id 'LO-PS27-3881',RULE_ORPHANED_FOREIGN_KEY,2026-09-15T14:24:01.767693,"{""notification_id"": ""NOTIF-00087"", ""order_id"": ""LO-PS27-3881"", ""omc_id"": ""lakeoil"", ""depot_id"": ""eldoret"", ""recipient_role"": ""OMC"", ""notification_type"": ""PREDICTED_GATE_OUT_CHANGE"", ""priority"": ""IMPORTANT"", ""title"": ""Collection Re-sequenced at Eldoret Depot (PS27)"", ""message"": ""Autonomous queue deconfliction has recovered estimated 12m turnaround delay."", ""previous_timing"": ""+22m projected delay"", ""new_timing"": ""+10m adjusted window"", ""timestamp"": ""2026-07-31 09:00:41"", ""requires_acknowledgement"": false, ""is_acknowledged"": true, ""acknowledged_at"": ""2026-07-31 09:02:41""}"
Q-1A6B2E69CB95,14_notifications.csv,NOTIF-00088,Notification references quarantined order_id 'LO-PS25-7936',RULE_ORPHANED_FOREIGN_KEY,2026-09-15T14:24:01.767819,"{""notification_id"": ""NOTIF-00088"", ""order_id"": ""LO-PS25-7936"", ""omc_id"": ""rubis"", ""depot_id"": ""nakuru"", ""recipient_role"": ""DRIVER"", ""notification_type"": ""PREDICTED_GATE_OUT_CHANGE"", ""priority"": ""IMPORTANT"", ""title"": ""Collection Re-sequenced at Nakuru Depot (PS25)"", ""message"": ""Autonomous queue deconfliction has recovered estimated 16m turnaround delay."", ""previous_timing"": ""+25m projected delay"", ""new_timing"": ""+9m adjusted window"", ""timestamp"": ""2026-07-31 12:00:20"", ""requires_acknowledgement"": false, ""is_acknowledged"": true, ""acknowledged_at"": ""2026-07-31 12:02:20""}"
Q-F4C00C2724DC,14_notifications.csv,NOTIF-00089,Notification references quarantined order_id 'LO-KOTPS1-3366',RULE_ORPHANED_FOREIGN_KEY,2026-09-15T14:24:01.767938,"{""notification_id"": ""NOTIF-00089"", ""order_id"": ""LO-KOTPS1-3366"", ""omc_id"": ""vivo"", ""depot_id"": ""mombasa"", ""recipient_role"": ""DRIVER"", ""notification_type"": ""PREDICTED_GATE_OUT_CHANGE"", ""priority"": ""IMPORTANT"", ""title"": ""Collection Re-sequenced at Mombasa Terminal (KOT-PS1)"", ""message"": ""Autonomous queue deconfliction has recovered estimated 23m turnaround delay."", ""previous_timing"": ""+35m projected delay"", ""new_timing"": ""+12m adjusted window"", ""timestamp"": ""2026-08-01 02:00:42"", ""requires_acknowledgement"": false, ""is_acknowledged"": true, ""acknowledged_at"": ""2026-08-01 02:02:42""}"
Q-45C6B372B444,14_notifications.csv,NOTIF-00090,Notification references quarantined order_id 'LO-PS10-3310',RULE_ORPHANED_FOREIGN_KEY,2026-09-15T14:24:01.768057,"{""notification_id"": ""NOTIF-00090"", ""order_id"": ""LO-PS10-3310"", ""omc_id"": ""rubis"", ""depot_id"": ""nairobi"", ""recipient_role"": ""DRIVER"", ""notification_type"": ""PREDICTED_GATE_OUT_CHANGE"", ""priority"": ""INFO"", ""title"": ""Collection Re-sequenced at Nairobi Terminal (PS10)"", ""message"": ""Autonomous queue deconfliction has recovered estimated 12m turnaround delay."", ""previous_timing"": ""+17m projected delay"", ""new_timing"": ""+5m adjusted window"", ""timestamp"": ""2026-08-01 09:00:21"", ""requires_acknowledgement"": false, ""is_acknowledged"": true, ""acknowledged_at"": ""2026-08-01 09:02:21""}"
Q-407EF274B9E6,14_notifications.csv,NOTIF-00091,Notification references quarantined order_id 'LO-PS27-8315',RULE_ORPHANED_FOREIGN_KEY,2026-09-15T14:24:01.768175,"{""notification_id"": ""NOTIF-00091"", ""order_id"": ""LO-PS27-8315"", ""omc_id"": ""lakeoil"", ""depot_id"": ""eldoret"", ""recipient_role"": ""OMC"", ""notification_type"": ""PREDICTED_GATE_OUT_CHANGE"", ""priority"": ""INFO"", ""title"": ""Collection Re-sequenced at Eldoret Depot (PS27)"", ""message"": ""Autonomous queue deconfliction has recovered estimated 7m turnaround delay."", ""previous_timing"": ""+11m projected delay"", ""new_timing"": ""+4m adjusted window"", ""timestamp"": ""2026-08-02 03:00:22"", ""requires_acknowledgement"": false, ""is_acknowledged"": true, ""acknowledged_at"": ""2026-08-02 03:02:22""}"
Q-D11198D06CB8,14_notifications.csv,NOTIF-00092,Notification references quarantined order_id 'LO-PS25-7675',RULE_ORPHANED_FOREIGN_KEY,2026-09-15T14:24:01.768292,"{""notification_id"": ""NOTIF-00092"", ""order_id"": ""LO-PS25-7675"", ""omc_id"": ""ola"", ""depot_id"": ""nakuru"", ""recipient_role"": ""OMC"", ""notification_type"": ""PREDICTED_GATE_OUT_CHANGE"", ""priority"": ""IMPORTANT"", ""title"": ""Collection Re-sequenced at Nakuru Depot (PS25)"", ""message"": ""Autonomous queue deconfliction has recovered estimated 24m turnaround delay."", ""previous_timing"": ""+40m projected delay"", ""new_timing"": ""+16m adjusted window"", ""timestamp"": ""2026-08-02 11:00:43"", ""requires_acknowledgement"": false, ""is_acknowledged"": true, ""acknowledged_at"": ""2026-08-02 11:02:43""}"
Q-CF9A24F3C17C,14_notifications.csv,NOTIF-00093,Notification references quarantined order_id 'LO-PS10-3690',RULE_ORPHANED_FOREIGN_KEY,2026-09-15T14:24:01.768410,"{""notification_id"": ""NOTIF-00093"", ""order_id"": ""LO-PS10-3690"", ""omc_id"": ""petrocity"", ""depot_id"": ""nairobi"", ""recipient_role"": ""OMC"", ""notification_type"": ""INSTRUCTION_UPDATE"", ""priority"": ""INFO"", ""title"": ""Collection Re-sequenced at Nairobi Terminal (PS10)"", ""message"": ""Autonomous queue deconfliction has recovered estimated 9m turnaround delay."", ""previous_timing"": ""+12m projected delay"", ""new_timing"": ""+3m adjusted window"", ""timestamp"": ""2026-08-02 23:00:34"", ""requires_acknowledgement"": false, ""is_acknowledged"": true, ""acknowledged_at"": ""2026-08-02 23:02:34""}"
Q-F5E5E699C411,14_notifications.csv,NOTIF-00094,Notification references quarantined order_id 'LO-PS10-7812',RULE_ORPHANED_FOREIGN_KEY,2026-09-15T14:24:01.768528,"{""notification_id"": ""NOTIF-00094"", ""order_id"": ""LO-PS10-7812"", ""omc_id"": ""vivo"", ""depot_id"": ""nairobi"", ""recipient_role"": ""OMC"", ""notification_type"": ""INSTRUCTION_UPDATE"", ""priority"": ""IMPORTANT"", ""title"": ""Collection Re-sequenced at Nairobi Terminal (PS10)"", ""message"": ""Autonomous queue deconfliction has recovered estimated 20m turnaround delay."", ""previous_timing"": ""+34m projected delay"", ""new_timing"": ""+14m adjusted window"", ""timestamp"": ""2026-08-03 06:00:31"", ""requires_acknowledgement"": false, ""is_acknowledged"": true, ""acknowledged_at"": ""2026-08-03 06:02:31""}"
Q-875C146CCA71,14_notifications.csv,NOTIF-00095,Notification references quarantined order_id 'LO-KOTPS1-7292',RULE_ORPHANED_FOREIGN_KEY,2026-09-15T14:24:01.768645,"{""notification_id"": ""NOTIF-00095"", ""order_id"": ""LO-KOTPS1-7292"", ""omc_id"": ""totalenergies"", ""depot_id"": ""mombasa"", ""recipient_role"": ""DRIVER"", ""notification_type"": ""PREDICTED_GATE_OUT_CHANGE"", ""priority"": ""INFO"", ""title"": ""Collection Re-sequenced at Mombasa Terminal (KOT-PS1)"", ""message"": ""Autonomous queue deconfliction has recovered estimated 8m turnaround delay."", ""previous_timing"": ""+11m projected delay"", ""new_timing"": ""+3m adjusted window"", ""timestamp"": ""2026-08-04 03:00:35"", ""requires_acknowledgement"": false, ""is_acknowledged"": true, ""acknowledged_at"": ""2026-08-04 03:02:35""}"
Q-A10D8AA605D5,14_notifications.csv,NOTIF-00096,Notification references quarantined order_id 'LO-PS28-3982',RULE_ORPHANED_FOREIGN_KEY,2026-09-15T14:24:01.768770,"{""notification_id"": ""NOTIF-00096"", ""order_id"": ""LO-PS28-3982"", ""omc_id"": ""totalenergies"", ""depot_id"": ""kisumu"", ""recipient_role"": ""OMC"", ""notification_type"": ""PREDICTED_GATE_OUT_CHANGE"", ""priority"": ""INFO"", ""title"": ""Collection Re-sequenced at Kisumu Depot (PS28)"", ""message"": ""Autonomous queue deconfliction has recovered estimated 10m turnaround delay."", ""previous_timing"": ""+18m projected delay"", ""new_timing"": ""+8m adjusted window"", ""timestamp"": ""2026-08-04 14:00:34"", ""requires_acknowledgement"": false, ""is_acknowledged"": true, ""acknowledged_at"": ""2026-08-04 14:02:34""}"
Q-DD203F8831A1,14_notifications.csv,NOTIF-00097,Notification references quarantined order_id 'LO-PS27-3368',RULE_ORPHANED_FOREIGN_KEY,2026-09-15T14:24:01.768891,"{""notification_id"": ""NOTIF-00097"", ""order_id"": ""LO-PS27-3368"", ""omc_id"": ""rubis"", ""depot_id"": ""eldoret"", ""recipient_role"": ""DRIVER"", ""notification_type"": ""PREDICTED_GATE_OUT_CHANGE"", ""priority"": ""IMPORTANT"", ""title"": ""Collection Re-sequenced at Eldoret Depot (PS27)"", ""message"": ""Autonomous queue deconfliction has recovered estimated 8m turnaround delay."", ""previous_timing"": ""+13m projected delay"", ""new_timing"": ""+5m adjusted window"", ""timestamp"": ""2026-08-05 07:00:20"", ""requires_acknowledgement"": false, ""is_acknowledged"": true, ""acknowledged_at"": ""2026-08-05 07:02:20""}"
Q-D7F570EE7F4F,14_notifications.csv,NOTIF-00098,Notification references quarantined order_id 'LO-PS10-6855',RULE_ORPHANED_FOREIGN_KEY,2026-09-15T14:24:01.769010,"{""notification_id"": ""NOTIF-00098"", ""order_id"": ""LO-PS10-6855"", ""omc_id"": ""rubis"", ""depot_id"": ""nairobi"", ""recipient_role"": ""OMC"", ""notification_type"": ""INSTRUCTION_UPDATE"", ""priority"": ""INFO"", ""title"": ""Collection Re-sequenced at Nairobi Terminal (PS10)"", ""message"": ""Autonomous queue deconfliction has recovered estimated 8m turnaround delay."", ""previous_timing"": ""+13m projected delay"", ""new_timing"": ""+5m adjusted window"", ""timestamp"": ""2026-08-05 15:00:47"", ""requires_acknowledgement"": false, ""is_acknowledged"": true, ""acknowledged_at"": ""2026-08-05 15:02:47""}"
Q-B34FE6FB1AD6,14_notifications.csv,NOTIF-00099,Notification references quarantined order_id 'LO-PS28-5908',RULE_ORPHANED_FOREIGN_KEY,2026-09-15T14:24:01.769129,"{""notification_id"": ""NOTIF-00099"", ""order_id"": ""LO-PS28-5908"", ""omc_id"": ""lakeoil"", ""depot_id"": ""kisumu"", ""recipient_role"": ""DRIVER"", ""notification_type"": ""INSTRUCTION_UPDATE"", ""priority"": ""INFO"", ""title"": ""Collection Re-sequenced at Kisumu Depot (PS28)"", ""message"": ""Autonomous queue deconfliction has recovered estimated 5m turnaround delay."", ""previous_timing"": ""+9m projected delay"", ""new_timing"": ""+4m adjusted window"", ""timestamp"": ""2026-08-05 19:00:31"", ""requires_acknowledgement"": false, ""is_acknowledged"": true, ""acknowledged_at"": ""2026-08-05 19:02:31""}"
Q-11698D460668,14_notifications.csv,NOTIF-00100,Notification references quarantined order_id 'LO-PS27-2880',RULE_ORPHANED_FOREIGN_KEY,2026-09-15T14:24:01.769247,"{""notification_id"": ""NOTIF-00100"", ""order_id"": ""LO-PS27-2880"", ""omc_id"": ""lakeoil"", ""depot_id"": ""eldoret"", ""recipient_role"": ""OMC"", ""notification_type"": ""PREDICTED_GATE_OUT_CHANGE"", ""priority"": ""INFO"", ""title"": ""Collection Re-sequenced at Eldoret Depot (PS27)"", ""message"": ""Autonomous queue deconfliction has recovered estimated 5m turnaround delay."", ""previous_timing"": ""+9m projected delay"", ""new_timing"": ""+4m adjusted window"", ""timestamp"": ""2026-08-06 00:00:38"", ""requires_acknowledgement"": false, ""is_acknowledged"": true, ""acknowledged_at"": ""2026-08-06 00:02:38""}"
Q-EA47937082E8,14_notifications.csv,NOTIF-00101,Notification references quarantined order_id 'LO-KOTPS1-9787',RULE_ORPHANED_FOREIGN_KEY,2026-09-15T14:24:01.769364,"{""notification_id"": ""NOTIF-00101"", ""order_id"": ""LO-KOTPS1-9787"", ""omc_id"": ""rubis"", ""depot_id"": ""mombasa"", ""recipient_role"": ""OMC"", ""notification_type"": ""INSTRUCTION_UPDATE"", ""priority"": ""IMPORTANT"", ""title"": ""Collection Re-sequenced at Mombasa Terminal (KOT-PS1)"", ""message"": ""Autonomous queue deconfliction has recovered estimated 22m turnaround delay."", ""previous_timing"": ""+37m projected delay"", ""new_timing"": ""+15m adjusted window"", ""timestamp"": ""2026-08-06 07:00:20"", ""requires_acknowledgement"": false, ""is_acknowledged"": true, ""acknowledged_at"": ""2026-08-06 07:02:20""}"
Q-7351F0932EF8,14_notifications.csv,NOTIF-00102,Notification references quarantined order_id 'LO-PS27-8048',RULE_ORPHANED_FOREIGN_KEY,2026-09-15T14:24:01.769482,"{""notification_id"": ""NOTIF-00102"", ""order_id"": ""LO-PS27-8048"", ""omc_id"": ""lakeoil"", ""depot_id"": ""eldoret"", ""recipient_role"": ""OMC"", ""notification_type"": ""PREDICTED_GATE_OUT_CHANGE"", ""priority"": ""IMPORTANT"", ""title"": ""Collection Re-sequenced at Eldoret Depot (PS27)"", ""message"": ""Autonomous queue deconfliction has recovered estimated 22m turnaround delay."", ""previous_timing"": ""+32m projected delay"", ""new_timing"": ""+10m adjusted window"", ""timestamp"": ""2026-08-06 13:00:34"", ""requires_acknowledgement"": false, ""is_acknowledged"": true, ""acknowledged_at"": ""2026-08-06 13:02:34""}"
Q-37F8990300AB,14_notifications.csv,NOTIF-00103,Notification references quarantined order_id 'LO-PS10-4634',RULE_ORPHANED_FOREIGN_KEY,2026-09-15T14:24:01.769599,"{""notification_id"": ""NOTIF-00103"", ""order_id"": ""LO-PS10-4634"", ""omc_id"": ""totalenergies"", ""depot_id"": ""nairobi"", ""recipient_role"": ""DRIVER"", ""notification_type"": ""PREDICTED_GATE_OUT_CHANGE"", ""priority"": ""INFO"", ""title"": ""Collection Re-sequenced at Nairobi Terminal (PS10)"", ""message"": ""Autonomous queue deconfliction has recovered estimated 4m turnaround delay."", ""previous_timing"": ""+7m projected delay"", ""new_timing"": ""+3m adjusted window"", ""timestamp"": ""2026-08-06 19:00:34"", ""requires_acknowledgement"": false, ""is_acknowledged"": true, ""acknowledged_at"": ""2026-08-06 19:02:34""}"
Q-C13767A27E32,14_notifications.csv,NOTIF-00104,Notification references quarantined order_id 'LO-KOTPS1-4213',RULE_ORPHANED_FOREIGN_KEY,2026-09-15T14:24:01.769717,"{""notification_id"": ""NOTIF-00104"", ""order_id"": ""LO-KOTPS1-4213"", ""omc_id"": ""hass"", ""depot_id"": ""mombasa"", ""recipient_role"": ""DRIVER"", ""notification_type"": ""PREDICTED_GATE_OUT_CHANGE"", ""priority"": ""INFO"", ""title"": ""Collection Re-sequenced at Mombasa Terminal (KOT-PS1)"", ""message"": ""Autonomous queue deconfliction has recovered estimated 4m turnaround delay."", ""previous_timing"": ""+7m projected delay"", ""new_timing"": ""+3m adjusted window"", ""timestamp"": ""2026-08-06 22:00:42"", ""requires_acknowledgement"": false, ""is_acknowledged"": true, ""acknowledged_at"": ""2026-08-06 22:02:42""}"
Q-2155CAE048EC,14_notifications.csv,NOTIF-00105,Notification references quarantined order_id 'LO-PS25-2082',RULE_ORPHANED_FOREIGN_KEY,2026-09-15T14:24:01.769841,"{""notification_id"": ""NOTIF-00105"", ""order_id"": ""LO-PS25-2082"", ""omc_id"": ""hass"", ""depot_id"": ""nakuru"", ""recipient_role"": ""OMC"", ""notification_type"": ""INSTRUCTION_UPDATE"", ""priority"": ""IMPORTANT"", ""title"": ""Collection Re-sequenced at Nakuru Depot (PS25)"", ""message"": ""Autonomous queue deconfliction has recovered estimated 12m turnaround delay."", ""previous_timing"": ""+16m projected delay"", ""new_timing"": ""+4m adjusted window"", ""timestamp"": ""2026-08-07 16:00:47"", ""requires_acknowledgement"": false, ""is_acknowledged"": true, ""acknowledged_at"": ""2026-08-07 16:02:47""}"
Q-5E651A398A5A,14_notifications.csv,NOTIF-00106,Notification references quarantined order_id 'LO-PS10-5274',RULE_ORPHANED_FOREIGN_KEY,2026-09-15T14:24:01.769959,"{""notification_id"": ""NOTIF-00106"", ""order_id"": ""LO-PS10-5274"", ""omc_id"": ""totalenergies"", ""depot_id"": ""nairobi"", ""recipient_role"": ""DRIVER"", ""notification_type"": ""INSTRUCTION_UPDATE"", ""priority"": ""INFO"", ""title"": ""Collection Re-sequenced at Nairobi Terminal (PS10)"", ""message"": ""Autonomous queue deconfliction has recovered estimated 8m turnaround delay."", ""previous_timing"": ""+15m projected delay"", ""new_timing"": ""+7m adjusted window"", ""timestamp"": ""2026-08-08 09:00:25"", ""requires_acknowledgement"": false, ""is_acknowledged"": true, ""acknowledged_at"": ""2026-08-08 09:02:25""}"
Q-D50A413E5EA8,14_notifications.csv,NOTIF-00107,Notification references quarantined order_id 'LO-PS25-3569',RULE_ORPHANED_FOREIGN_KEY,2026-09-15T14:24:01.770076,"{""notification_id"": ""NOTIF-00107"", ""order_id"": ""LO-PS25-3569"", ""omc_id"": ""lakeoil"", ""depot_id"": ""nakuru"", ""recipient_role"": ""OMC"", ""notification_type"": ""INSTRUCTION_UPDATE"", ""priority"": ""IMPORTANT"", ""title"": ""Collection Re-sequenced at Nakuru Depot (PS25)"", ""message"": ""Autonomous queue deconfliction has recovered estimated 9m turnaround delay."", ""previous_timing"": ""+14m projected delay"", ""new_timing"": ""+5m adjusted window"", ""timestamp"": ""2026-08-09 20:00:24"", ""requires_acknowledgement"": false, ""is_acknowledged"": true, ""acknowledged_at"": ""2026-08-09 20:02:24""}"
Q-B657C0BA83A2,14_notifications.csv,NOTIF-00108,Notification references quarantined order_id 'LO-PS10-5584',RULE_ORPHANED_FOREIGN_KEY,2026-09-15T14:24:01.770193,"{""notification_id"": ""NOTIF-00108"", ""order_id"": ""LO-PS10-5584"", ""omc_id"": ""rubis"", ""depot_id"": ""nairobi"", ""recipient_role"": ""DRIVER"", ""notification_type"": ""PREDICTED_GATE_OUT_CHANGE"", ""priority"": ""INFO"", ""title"": ""Collection Re-sequenced at Nairobi Terminal (PS10)"", ""message"": ""Autonomous queue deconfliction has recovered estimated 9m turnaround delay."", ""previous_timing"": ""+14m projected delay"", ""new_timing"": ""+5m adjusted window"", ""timestamp"": ""2026-08-09 22:00:40"", ""requires_acknowledgement"": false, ""is_acknowledged"": true, ""acknowledged_at"": ""2026-08-09 22:02:40""}"
Q-135E2E1FDDA5,14_notifications.csv,NOTIF-00109,Notification references quarantined order_id 'LO-PS28-5516',RULE_ORPHANED_FOREIGN_KEY,2026-09-15T14:24:01.770309,"{""notification_id"": ""NOTIF-00109"", ""order_id"": ""LO-PS28-5516"", ""omc_id"": ""totalenergies"", ""depot_id"": ""kisumu"", ""recipient_role"": ""OMC"", ""notification_type"": ""PREDICTED_GATE_OUT_CHANGE"", ""priority"": ""INFO"", ""title"": ""Collection Re-sequenced at Kisumu Depot (PS28)"", ""message"": ""Autonomous queue deconfliction has recovered estimated 9m turnaround delay."", ""previous_timing"": ""+12m projected delay"", ""new_timing"": ""+3m adjusted window"", ""timestamp"": ""2026-08-10 04:00:44"", ""requires_acknowledgement"": false, ""is_acknowledged"": true, ""acknowledged_at"": ""2026-08-10 04:02:44""}"
Q-8D73FFD6AB47,14_notifications.csv,NOTIF-00110,Notification references quarantined order_id 'LO-PS10-3647',RULE_ORPHANED_FOREIGN_KEY,2026-09-15T14:24:01.770427,"{""notification_id"": ""NOTIF-00110"", ""order_id"": ""LO-PS10-3647"", ""omc_id"": ""totalenergies"", ""depot_id"": ""nairobi"", ""recipient_role"": ""DRIVER"", ""notification_type"": ""INSTRUCTION_UPDATE"", ""priority"": ""IMPORTANT"", ""title"": ""Collection Re-sequenced at Nairobi Terminal (PS10)"", ""message"": ""Autonomous queue deconfliction has recovered estimated 12m turnaround delay."", ""previous_timing"": ""+16m projected delay"", ""new_timing"": ""+4m adjusted window"", ""timestamp"": ""2026-08-10 20:00:39"", ""requires_acknowledgement"": false, ""is_acknowledged"": true, ""acknowledged_at"": ""2026-08-10 20:02:39""}"
Q-745C6A5648DC,14_notifications.csv,NOTIF-00111,Notification references quarantined order_id 'LO-PS27-4772',RULE_ORPHANED_FOREIGN_KEY,2026-09-15T14:24:01.770544,"{""notification_id"": ""NOTIF-00111"", ""order_id"": ""LO-PS27-4772"", ""omc_id"": ""ola"", ""depot_id"": ""eldoret"", ""recipient_role"": ""OMC"", ""notification_type"": ""PREDICTED_GATE_OUT_CHANGE"", ""priority"": ""INFO"", ""title"": ""Collection Re-sequenced at Eldoret Depot (PS27)"", ""message"": ""Autonomous queue deconfliction has recovered estimated 5m turnaround delay."", ""previous_timing"": ""+8m projected delay"", ""new_timing"": ""+3m adjusted window"", ""timestamp"": ""2026-08-11 03:00:29"", ""requires_acknowledgement"": false, ""is_acknowledged"": true, ""acknowledged_at"": ""2026-08-11 03:02:29""}"
Q-B271F9E8483D,14_notifications.csv,NOTIF-00112,Notification references quarantined order_id 'LO-PS10-1113',RULE_ORPHANED_FOREIGN_KEY,2026-09-15T14:24:01.770661,"{""notification_id"": ""NOTIF-00112"", ""order_id"": ""LO-PS10-1113"", ""omc_id"": ""hass"", ""depot_id"": ""nairobi"", ""recipient_role"": ""OMC"", ""notification_type"": ""PREDICTED_GATE_OUT_CHANGE"", ""priority"": ""INFO"", ""title"": ""Collection Re-sequenced at Nairobi Terminal (PS10)"", ""message"": ""Autonomous queue deconfliction has recovered estimated 7m turnaround delay."", ""previous_timing"": ""+13m projected delay"", ""new_timing"": ""+6m adjusted window"", ""timestamp"": ""2026-08-11 19:00:24"", ""requires_acknowledgement"": false, ""is_acknowledged"": true, ""acknowledged_at"": ""2026-08-11 19:02:24""}"
Q-41C5CE68FBBD,14_notifications.csv,NOTIF-00113,Notification references quarantined order_id 'LO-PS10-1405',RULE_ORPHANED_FOREIGN_KEY,2026-09-15T14:24:01.770784,"{""notification_id"": ""NOTIF-00113"", ""order_id"": ""LO-PS10-1405"", ""omc_id"": ""lakeoil"", ""depot_id"": ""nairobi"", ""recipient_role"": ""DRIVER"", ""notification_type"": ""INSTRUCTION_UPDATE"", ""priority"": ""IMPORTANT"", ""title"": ""Collection Re-sequenced at Nairobi Terminal (PS10)"", ""message"": ""Autonomous queue deconfliction has recovered estimated 20m turnaround delay."", ""previous_timing"": ""+30m projected delay"", ""new_timing"": ""+10m adjusted window"", ""timestamp"": ""2026-08-12 04:00:43"", ""requires_acknowledgement"": false, ""is_acknowledged"": true, ""acknowledged_at"": ""2026-08-12 04:02:43""}"
Q-DBB1EF2CAAD8,14_notifications.csv,NOTIF-00114,Notification references quarantined order_id 'LO-KOTPS1-6626',RULE_ORPHANED_FOREIGN_KEY,2026-09-15T14:24:01.770904,"{""notification_id"": ""NOTIF-00114"", ""order_id"": ""LO-KOTPS1-6626"", ""omc_id"": ""rubis"", ""depot_id"": ""mombasa"", ""recipient_role"": ""OMC"", ""notification_type"": ""INSTRUCTION_UPDATE"", ""priority"": ""IMPORTANT"", ""title"": ""Collection Re-sequenced at Mombasa Terminal (KOT-PS1)"", ""message"": ""Autonomous queue deconfliction has recovered estimated 16m turnaround delay."", ""previous_timing"": ""+27m projected delay"", ""new_timing"": ""+11m adjusted window"", ""timestamp"": ""2026-08-12 12:00:39"", ""requires_acknowledgement"": false, ""is_acknowledged"": true, ""acknowledged_at"": ""2026-08-12 12:02:39""}"
Q-F03EC04BB671,14_notifications.csv,NOTIF-00115,Notification references quarantined order_id 'LO-PS28-5631',RULE_ORPHANED_FOREIGN_KEY,2026-09-15T14:24:01.771035,"{""notification_id"": ""NOTIF-00115"", ""order_id"": ""LO-PS28-5631"", ""omc_id"": ""petrocity"", ""depot_id"": ""kisumu"", ""recipient_role"": ""DRIVER"", ""notification_type"": ""PREDICTED_GATE_OUT_CHANGE"", ""priority"": ""IMPORTANT"", ""title"": ""Collection Re-sequenced at Kisumu Depot (PS28)"", ""message"": ""Autonomous queue deconfliction has recovered estimated 26m turnaround delay."", ""previous_timing"": ""+39m projected delay"", ""new_timing"": ""+13m adjusted window"", ""timestamp"": ""2026-08-12 21:00:33"", ""requires_acknowledgement"": false, ""is_acknowledged"": true, ""acknowledged_at"": ""2026-08-12 21:02:33""}"
Q-B053CABB8C6E,14_notifications.csv,NOTIF-00116,Notification references quarantined order_id 'LO-PS10-6700',RULE_ORPHANED_FOREIGN_KEY,2026-09-15T14:24:01.771219,"{""notification_id"": ""NOTIF-00116"", ""order_id"": ""LO-PS10-6700"", ""omc_id"": ""ola"", ""depot_id"": ""nairobi"", ""recipient_role"": ""DRIVER"", ""notification_type"": ""PREDICTED_GATE_OUT_CHANGE"", ""priority"": ""IMPORTANT"", ""title"": ""Collection Re-sequenced at Nairobi Terminal (PS10)"", ""message"": ""Autonomous queue deconfliction has recovered estimated 18m turnaround delay."", ""previous_timing"": ""+29m projected delay"", ""new_timing"": ""+11m adjusted window"", ""timestamp"": ""2026-08-13 03:00:46"", ""requires_acknowledgement"": false, ""is_acknowledged"": true, ""acknowledged_at"": ""2026-08-13 03:02:46""}"
Q-3B52FFE26601,14_notifications.csv,NOTIF-00117,Notification references quarantined order_id 'LO-KOTPS1-7392',RULE_ORPHANED_FOREIGN_KEY,2026-09-15T14:24:01.771343,"{""notification_id"": ""NOTIF-00117"", ""order_id"": ""LO-KOTPS1-7392"", ""omc_id"": ""hass"", ""depot_id"": ""mombasa"", ""recipient_role"": ""DRIVER"", ""notification_type"": ""PREDICTED_GATE_OUT_CHANGE"", ""priority"": ""INFO"", ""title"": ""Collection Re-sequenced at Mombasa Terminal (KOT-PS1)"", ""message"": ""Autonomous queue deconfliction has recovered estimated 5m turnaround delay."", ""previous_timing"": ""+8m projected delay"", ""new_timing"": ""+3m adjusted window"", ""timestamp"": ""2026-08-13 19:00:46"", ""requires_acknowledgement"": false, ""is_acknowledged"": true, ""acknowledged_at"": ""2026-08-13 19:02:46""}"
Q-8582B82EAA43,14_notifications.csv,NOTIF-00118,Notification references quarantined order_id 'LO-PS28-9643',RULE_ORPHANED_FOREIGN_KEY,2026-09-15T14:24:01.771458,"{""notification_id"": ""NOTIF-00118"", ""order_id"": ""LO-PS28-9643"", ""omc_id"": ""lakeoil"", ""depot_id"": ""kisumu"", ""recipient_role"": ""OMC"", ""notification_type"": ""PREDICTED_GATE_OUT_CHANGE"", ""priority"": ""INFO"", ""title"": ""Collection Re-sequenced at Kisumu Depot (PS28)"", ""message"": ""Autonomous queue deconfliction has recovered estimated 6m turnaround delay."", ""previous_timing"": ""+11m projected delay"", ""new_timing"": ""+5m adjusted window"", ""timestamp"": ""2026-08-14 08:00:36"", ""requires_acknowledgement"": false, ""is_acknowledged"": true, ""acknowledged_at"": ""2026-08-14 08:02:36""}"
Q-CDAA8D0A18A5,14_notifications.csv,NOTIF-00119,Notification references quarantined order_id 'LO-KOTPS1-9317',RULE_ORPHANED_FOREIGN_KEY,2026-09-15T14:24:01.771572,"{""notification_id"": ""NOTIF-00119"", ""order_id"": ""LO-KOTPS1-9317"", ""omc_id"": ""hass"", ""depot_id"": ""mombasa"", ""recipient_role"": ""OMC"", ""notification_type"": ""PREDICTED_GATE_OUT_CHANGE"", ""priority"": ""INFO"", ""title"": ""Collection Re-sequenced at Mombasa Terminal (KOT-PS1)"", ""message"": ""Autonomous queue deconfliction has recovered estimated 4m turnaround delay."", ""previous_timing"": ""+7m projected delay"", ""new_timing"": ""+3m adjusted window"", ""timestamp"": ""2026-08-14 15:00:44"", ""requires_acknowledgement"": false, ""is_acknowledged"": true, ""acknowledged_at"": ""2026-08-14 15:02:44""}"
Q-A5037ADDA551,14_notifications.csv,NOTIF-00120,Notification references quarantined order_id 'LO-PS10-8308',RULE_ORPHANED_FOREIGN_KEY,2026-09-15T14:24:01.771687,"{""notification_id"": ""NOTIF-00120"", ""order_id"": ""LO-PS10-8308"", ""omc_id"": ""petrocity"", ""depot_id"": ""nairobi"", ""recipient_role"": ""DRIVER"", ""notification_type"": ""PREDICTED_GATE_OUT_CHANGE"", ""priority"": ""INFO"", ""title"": ""Collection Re-sequenced at Nairobi Terminal (PS10)"", ""message"": ""Autonomous queue deconfliction has recovered estimated 5m turnaround delay."", ""previous_timing"": ""+8m projected delay"", ""new_timing"": ""+3m adjusted window"", ""timestamp"": ""2026-08-15 06:00:27"", ""requires_acknowledgement"": false, ""is_acknowledged"": true, ""acknowledged_at"": ""2026-08-15 06:02:27""}"
Q-D574DA77AD9D,14_notifications.csv,NOTIF-00121,Notification references quarantined order_id 'LO-KOTPS1-7502',RULE_ORPHANED_FOREIGN_KEY,2026-09-15T14:24:01.771820,"{""notification_id"": ""NOTIF-00121"", ""order_id"": ""LO-KOTPS1-7502"", ""omc_id"": ""totalenergies"", ""depot_id"": ""mombasa"", ""recipient_role"": ""OMC"", ""notification_type"": ""PREDICTED_GATE_OUT_CHANGE"", ""priority"": ""INFO"", ""title"": ""Collection Re-sequenced at Mombasa Terminal (KOT-PS1)"", ""message"": ""Autonomous queue deconfliction has recovered estimated 6m turnaround delay."", ""previous_timing"": ""+10m projected delay"", ""new_timing"": ""+4m adjusted window"", ""timestamp"": ""2026-08-15 20:00:28"", ""requires_acknowledgement"": false, ""is_acknowledged"": true, ""acknowledged_at"": ""2026-08-15 20:02:28""}"
Q-E2CC2EBA274E,14_notifications.csv,NOTIF-00122,Notification references quarantined order_id 'LO-PS10-3601',RULE_ORPHANED_FOREIGN_KEY,2026-09-15T14:24:01.771939,"{""notification_id"": ""NOTIF-00122"", ""order_id"": ""LO-PS10-3601"", ""omc_id"": ""vivo"", ""depot_id"": ""nairobi"", ""recipient_role"": ""DRIVER"", ""notification_type"": ""INSTRUCTION_UPDATE"", ""priority"": ""INFO"", ""title"": ""Collection Re-sequenced at Nairobi Terminal (PS10)"", ""message"": ""Autonomous queue deconfliction has recovered estimated 14m turnaround delay."", ""previous_timing"": ""+20m projected delay"", ""new_timing"": ""+6m adjusted window"", ""timestamp"": ""2026-08-15 23:00:35"", ""requires_acknowledgement"": false, ""is_acknowledged"": true, ""acknowledged_at"": ""2026-08-15 23:02:35""}"
Q-F5E166B9BDC5,14_notifications.csv,NOTIF-00123,Notification references quarantined order_id 'LO-PS25-5148',RULE_ORPHANED_FOREIGN_KEY,2026-09-15T14:24:01.772053,"{""notification_id"": ""NOTIF-00123"", ""order_id"": ""LO-PS25-5148"", ""omc_id"": ""vivo"", ""depot_id"": ""nakuru"", ""recipient_role"": ""OMC"", ""notification_type"": ""INSTRUCTION_UPDATE"", ""priority"": ""IMPORTANT"", ""title"": ""Collection Re-sequenced at Nakuru Depot (PS25)"", ""message"": ""Autonomous queue deconfliction has recovered estimated 13m turnaround delay."", ""previous_timing"": ""+20m projected delay"", ""new_timing"": ""+7m adjusted window"", ""timestamp"": ""2026-08-16 22:00:39"", ""requires_acknowledgement"": false, ""is_acknowledged"": true, ""acknowledged_at"": ""2026-08-16 22:02:39""}"
Q-03A898C2CDB9,14_notifications.csv,NOTIF-00124,Notification references quarantined order_id 'LO-KOTPS1-5704',RULE_ORPHANED_FOREIGN_KEY,2026-09-15T14:24:01.772167,"{""notification_id"": ""NOTIF-00124"", ""order_id"": ""LO-KOTPS1-5704"", ""omc_id"": ""lakeoil"", ""depot_id"": ""mombasa"", ""recipient_role"": ""OMC"", ""notification_type"": ""INSTRUCTION_UPDATE"", ""priority"": ""IMPORTANT"", ""title"": ""Collection Re-sequenced at Mombasa Terminal (KOT-PS1)"", ""message"": ""Autonomous queue deconfliction has recovered estimated 16m turnaround delay."", ""previous_timing"": ""+24m projected delay"", ""new_timing"": ""+8m adjusted window"", ""timestamp"": ""2026-08-17 06:00:34"", ""requires_acknowledgement"": false, ""is_acknowledged"": true, ""acknowledged_at"": ""2026-08-17 06:02:34""}"
Q-586907B01F5D,14_notifications.csv,NOTIF-00125,Notification references quarantined order_id 'LO-PS25-3815',RULE_ORPHANED_FOREIGN_KEY,2026-09-15T14:24:01.772282,"{""notification_id"": ""NOTIF-00125"", ""order_id"": ""LO-PS25-3815"", ""omc_id"": ""lakeoil"", ""depot_id"": ""nakuru"", ""recipient_role"": ""OMC"", ""notification_type"": ""INSTRUCTION_UPDATE"", ""priority"": ""INFO"", ""title"": ""Collection Re-sequenced at Nakuru Depot (PS25)"", ""message"": ""Autonomous queue deconfliction has recovered estimated 10m turnaround delay."", ""previous_timing"": ""+14m projected delay"", ""new_timing"": ""+4m adjusted window"", ""timestamp"": ""2026-08-17 08:00:28"", ""requires_acknowledgement"": false, ""is_acknowledged"": true, ""acknowledged_at"": ""2026-08-17 08:02:28""}"
Q-F95986D2DD9D,14_notifications.csv,NOTIF-00126,Notification references quarantined order_id 'LO-KOTPS1-2941',RULE_ORPHANED_FOREIGN_KEY,2026-09-15T14:24:01.772396,"{""notification_id"": ""NOTIF-00126"", ""order_id"": ""LO-KOTPS1-2941"", ""omc_id"": ""hass"", ""depot_id"": ""mombasa"", ""recipient_role"": ""OMC"", ""notification_type"": ""PREDICTED_GATE_OUT_CHANGE"", ""priority"": ""INFO"", ""title"": ""Collection Re-sequenced at Mombasa Terminal (KOT-PS1)"", ""message"": ""Autonomous queue deconfliction has recovered estimated 7m turnaround delay."", ""previous_timing"": ""+11m projected delay"", ""new_timing"": ""+4m adjusted window"", ""timestamp"": ""2026-08-18 15:00:40"", ""requires_acknowledgement"": false, ""is_acknowledged"": true, ""acknowledged_at"": ""2026-08-18 15:02:40""}"
Q-2CEDFE462912,14_notifications.csv,NOTIF-00127,Notification references quarantined order_id 'LO-KOTPS1-8880',RULE_ORPHANED_FOREIGN_KEY,2026-09-15T14:24:01.772510,"{""notification_id"": ""NOTIF-00127"", ""order_id"": ""LO-KOTPS1-8880"", ""omc_id"": ""totalenergies"", ""depot_id"": ""mombasa"", ""recipient_role"": ""OMC"", ""notification_type"": ""PREDICTED_GATE_OUT_CHANGE"", ""priority"": ""IMPORTANT"", ""title"": ""Collection Re-sequenced at Mombasa Terminal (KOT-PS1)"", ""message"": ""Autonomous queue deconfliction has recovered estimated 18m turnaround delay."", ""previous_timing"": ""+25m projected delay"", ""new_timing"": ""+7m adjusted window"", ""timestamp"": ""2026-08-19 07:00:28"", ""requires_acknowledgement"": false, ""is_acknowledged"": true, ""acknowledged_at"": ""2026-08-19 07:02:28""}"
Q-155E08C7C21D,14_notifications.csv,NOTIF-00128,Notification references quarantined order_id 'LO-KOTPS1-9125',RULE_ORPHANED_FOREIGN_KEY,2026-09-15T14:24:01.772623,"{""notification_id"": ""NOTIF-00128"", ""order_id"": ""LO-KOTPS1-9125"", ""omc_id"": ""hass"", ""depot_id"": ""mombasa"", ""recipient_role"": ""DRIVER"", ""notification_type"": ""PREDICTED_GATE_OUT_CHANGE"", ""priority"": ""IMPORTANT"", ""title"": ""Collection Re-sequenced at Mombasa Terminal (KOT-PS1)"", ""message"": ""Autonomous queue deconfliction has recovered estimated 27m turnaround delay."", ""previous_timing"": ""+41m projected delay"", ""new_timing"": ""+14m adjusted window"", ""timestamp"": ""2026-08-20 06:00:37"", ""requires_acknowledgement"": false, ""is_acknowledged"": true, ""acknowledged_at"": ""2026-08-20 06:02:37""}"
Q-C30388D1D5E7,14_notifications.csv,NOTIF-00129,Notification references quarantined order_id 'LO-PS10-7547',RULE_ORPHANED_FOREIGN_KEY,2026-09-15T14:24:01.772737,"{""notification_id"": ""NOTIF-00129"", ""order_id"": ""LO-PS10-7547"", ""omc_id"": ""lakeoil"", ""depot_id"": ""nairobi"", ""recipient_role"": ""DRIVER"", ""notification_type"": ""INSTRUCTION_UPDATE"", ""priority"": ""INFO"", ""title"": ""Collection Re-sequenced at Nairobi Terminal (PS10)"", ""message"": ""Autonomous queue deconfliction has recovered estimated 7m turnaround delay."", ""previous_timing"": ""+10m projected delay"", ""new_timing"": ""+3m adjusted window"", ""timestamp"": ""2026-08-20 14:00:44"", ""requires_acknowledgement"": false, ""is_acknowledged"": true, ""acknowledged_at"": ""2026-08-20 14:02:44""}"
Q-BA063AB9EA5C,14_notifications.csv,NOTIF-00130,Notification references quarantined order_id 'LO-PS27-6397',RULE_ORPHANED_FOREIGN_KEY,2026-09-15T14:24:01.772858,"{""notification_id"": ""NOTIF-00130"", ""order_id"": ""LO-PS27-6397"", ""omc_id"": ""vivo"", ""depot_id"": ""eldoret"", ""recipient_role"": ""DRIVER"", ""notification_type"": ""PREDICTED_GATE_OUT_CHANGE"", ""priority"": ""IMPORTANT"", ""title"": ""Collection Re-sequenced at Eldoret Depot (PS27)"", ""message"": ""Autonomous queue deconfliction has recovered estimated 15m turnaround delay."", ""previous_timing"": ""+21m projected delay"", ""new_timing"": ""+6m adjusted window"", ""timestamp"": ""2026-08-20 20:00:37"", ""requires_acknowledgement"": false, ""is_acknowledged"": true, ""acknowledged_at"": ""2026-08-20 20:02:37""}"
Q-B406E94D5D99,14_notifications.csv,NOTIF-00131,Notification references quarantined order_id 'LO-PS28-3192',RULE_ORPHANED_FOREIGN_KEY,2026-09-15T14:24:01.772971,"{""notification_id"": ""NOTIF-00131"", ""order_id"": ""LO-PS28-3192"", ""omc_id"": ""totalenergies"", ""depot_id"": ""kisumu"", ""recipient_role"": ""OMC"", ""notification_type"": ""PREDICTED_GATE_OUT_CHANGE"", ""priority"": ""INFO"", ""title"": ""Collection Re-sequenced at Kisumu Depot (PS28)"", ""message"": ""Autonomous queue deconfliction has recovered estimated 10m turnaround delay."", ""previous_timing"": ""+16m projected delay"", ""new_timing"": ""+6m adjusted window"", ""timestamp"": ""2026-08-21 05:00:45"", ""requires_acknowledgement"": false, ""is_acknowledged"": true, ""acknowledged_at"": ""2026-08-21 05:02:45""}"
Q-5E8EBE12161F,14_notifications.csv,NOTIF-00132,Notification references quarantined order_id 'LO-KOTPS1-6547',RULE_ORPHANED_FOREIGN_KEY,2026-09-15T14:24:01.773096,"{""notification_id"": ""NOTIF-00132"", ""order_id"": ""LO-KOTPS1-6547"", ""omc_id"": ""petrocity"", ""depot_id"": ""mombasa"", ""recipient_role"": ""OMC"", ""notification_type"": ""PREDICTED_GATE_OUT_CHANGE"", ""priority"": ""INFO"", ""title"": ""Collection Re-sequenced at Mombasa Terminal (KOT-PS1)"", ""message"": ""Autonomous queue deconfliction has recovered estimated 13m turnaround delay."", ""previous_timing"": ""+20m projected delay"", ""new_timing"": ""+7m adjusted window"", ""timestamp"": ""2026-08-21 16:00:33"", ""requires_acknowledgement"": false, ""is_acknowledged"": true, ""acknowledged_at"": ""2026-08-21 16:02:33""}"
Q-FDFB1578E7C5,14_notifications.csv,NOTIF-00133,Notification references quarantined order_id 'LO-PS25-1001',RULE_ORPHANED_FOREIGN_KEY,2026-09-15T14:24:01.773207,"{""notification_id"": ""NOTIF-00133"", ""order_id"": ""LO-PS25-1001"", ""omc_id"": ""lakeoil"", ""depot_id"": ""nakuru"", ""recipient_role"": ""DRIVER"", ""notification_type"": ""INSTRUCTION_UPDATE"", ""priority"": ""INFO"", ""title"": ""Collection Re-sequenced at Nakuru Depot (PS25)"", ""message"": ""Autonomous queue deconfliction has recovered estimated 11m turnaround delay."", ""previous_timing"": ""+15m projected delay"", ""new_timing"": ""+4m adjusted window"", ""timestamp"": ""2026-08-22 02:00:47"", ""requires_acknowledgement"": false, ""is_acknowledged"": true, ""acknowledged_at"": ""2026-08-22 02:02:47""}"
Q-E2B27DD27D80,14_notifications.csv,NOTIF-00134,Notification references quarantined order_id 'LO-PS10-9973',RULE_ORPHANED_FOREIGN_KEY,2026-09-15T14:24:01.773318,"{""notification_id"": ""NOTIF-00134"", ""order_id"": ""LO-PS10-9973"", ""omc_id"": ""rubis"", ""depot_id"": ""nairobi"", ""recipient_role"": ""DRIVER"", ""notification_type"": ""INSTRUCTION_UPDATE"", ""priority"": ""IMPORTANT"", ""title"": ""Collection Re-sequenced at Nairobi Terminal (PS10)"", ""message"": ""Autonomous queue deconfliction has recovered estimated 22m turnaround delay."", ""previous_timing"": ""+28m projected delay"", ""new_timing"": ""+6m adjusted window"", ""timestamp"": ""2026-08-22 05:00:40"", ""requires_acknowledgement"": false, ""is_acknowledged"": true, ""acknowledged_at"": ""2026-08-22 05:02:40""}"
Q-5258EADA0B78,14_notifications.csv,NOTIF-00135,Notification references quarantined order_id 'LO-PS27-7531',RULE_ORPHANED_FOREIGN_KEY,2026-09-15T14:24:01.773430,"{""notification_id"": ""NOTIF-00135"", ""order_id"": ""LO-PS27-7531"", ""omc_id"": ""ola"", ""depot_id"": ""eldoret"", ""recipient_role"": ""DRIVER"", ""notification_type"": ""PREDICTED_GATE_OUT_CHANGE"", ""priority"": ""IMPORTANT"", ""title"": ""Collection Re-sequenced at Eldoret Depot (PS27)"", ""message"": ""Autonomous queue deconfliction has recovered estimated 10m turnaround delay."", ""previous_timing"": ""+15m projected delay"", ""new_timing"": ""+5m adjusted window"", ""timestamp"": ""2026-08-22 07:00:36"", ""requires_acknowledgement"": false, ""is_acknowledged"": true, ""acknowledged_at"": ""2026-08-22 07:02:36""}"
Q-4AA4ADA9EB47,14_notifications.csv,NOTIF-00136,Notification references quarantined order_id 'LO-PS10-2034',RULE_ORPHANED_FOREIGN_KEY,2026-09-15T14:24:01.773540,"{""notification_id"": ""NOTIF-00136"", ""order_id"": ""LO-PS10-2034"", ""omc_id"": ""vivo"", ""depot_id"": ""nairobi"", ""recipient_role"": ""OMC"", ""notification_type"": ""INSTRUCTION_UPDATE"", ""priority"": ""INFO"", ""title"": ""Collection Re-sequenced at Nairobi Terminal (PS10)"", ""message"": ""Autonomous queue deconfliction has recovered estimated 8m turnaround delay."", ""previous_timing"": ""+12m projected delay"", ""new_timing"": ""+4m adjusted window"", ""timestamp"": ""2026-08-22 21:00:25"", ""requires_acknowledgement"": false, ""is_acknowledged"": true, ""acknowledged_at"": ""2026-08-22 21:02:25""}"
Q-A4727AEF1669,14_notifications.csv,NOTIF-00137,Notification references quarantined order_id 'LO-PS28-5301',RULE_ORPHANED_FOREIGN_KEY,2026-09-15T14:24:01.773650,"{""notification_id"": ""NOTIF-00137"", ""order_id"": ""LO-PS28-5301"", ""omc_id"": ""hass"", ""depot_id"": ""kisumu"", ""recipient_role"": ""OMC"", ""notification_type"": ""INSTRUCTION_UPDATE"", ""priority"": ""IMPORTANT"", ""title"": ""Collection Re-sequenced at Kisumu Depot (PS28)"", ""message"": ""Autonomous queue deconfliction has recovered estimated 9m turnaround delay."", ""previous_timing"": ""+15m projected delay"", ""new_timing"": ""+6m adjusted window"", ""timestamp"": ""2026-08-23 17:00:21"", ""requires_acknowledgement"": false, ""is_acknowledged"": true, ""acknowledged_at"": ""2026-08-23 17:02:21""}"
Q-FE1A21C3A598,14_notifications.csv,NOTIF-00138,Notification references quarantined order_id 'LO-KOTPS1-7223',RULE_ORPHANED_FOREIGN_KEY,2026-09-15T14:24:01.773761,"{""notification_id"": ""NOTIF-00138"", ""order_id"": ""LO-KOTPS1-7223"", ""omc_id"": ""lakeoil"", ""depot_id"": ""mombasa"", ""recipient_role"": ""DRIVER"", ""notification_type"": ""PREDICTED_GATE_OUT_CHANGE"", ""priority"": ""IMPORTANT"", ""title"": ""Collection Re-sequenced at Mombasa Terminal (KOT-PS1)"", ""message"": ""Autonomous queue deconfliction has recovered estimated 24m turnaround delay."", ""previous_timing"": ""+35m projected delay"", ""new_timing"": ""+11m adjusted window"", ""timestamp"": ""2026-08-23 20:00:48"", ""requires_acknowledgement"": false, ""is_acknowledged"": true, ""acknowledged_at"": ""2026-08-23 20:02:48""}"
Q-53505ABAE1BB,14_notifications.csv,NOTIF-00139,Notification references quarantined order_id 'LO-KOTPS1-1399',RULE_ORPHANED_FOREIGN_KEY,2026-09-15T14:24:01.773878,"{""notification_id"": ""NOTIF-00139"", ""order_id"": ""LO-KOTPS1-1399"", ""omc_id"": ""hass"", ""depot_id"": ""mombasa"", ""recipient_role"": ""OMC"", ""notification_type"": ""PREDICTED_GATE_OUT_CHANGE"", ""priority"": ""IMPORTANT"", ""title"": ""Collection Re-sequenced at Mombasa Terminal (KOT-PS1)"", ""message"": ""Autonomous queue deconfliction has recovered estimated 24m turnaround delay."", ""previous_timing"": ""+32m projected delay"", ""new_timing"": ""+8m adjusted window"", ""timestamp"": ""2026-08-24 01:00:40"", ""requires_acknowledgement"": false, ""is_acknowledged"": true, ""acknowledged_at"": ""2026-08-24 01:02:40""}"
Q-2581E520138C,14_notifications.csv,NOTIF-00140,Notification references quarantined order_id 'LO-PS27-2186',RULE_ORPHANED_FOREIGN_KEY,2026-09-15T14:24:01.773989,"{""notification_id"": ""NOTIF-00140"", ""order_id"": ""LO-PS27-2186"", ""omc_id"": ""lakeoil"", ""depot_id"": ""eldoret"", ""recipient_role"": ""OMC"", ""notification_type"": ""PREDICTED_GATE_OUT_CHANGE"", ""priority"": ""INFO"", ""title"": ""Collection Re-sequenced at Eldoret Depot (PS27)"", ""message"": ""Autonomous queue deconfliction has recovered estimated 3m turnaround delay."", ""previous_timing"": ""+6m projected delay"", ""new_timing"": ""+3m adjusted window"", ""timestamp"": ""2026-08-27 03:00:32"", ""requires_acknowledgement"": false, ""is_acknowledged"": true, ""acknowledged_at"": ""2026-08-27 03:02:32""}"
Q-6E8D5A993AD0,14_notifications.csv,NOTIF-00141,Notification references quarantined order_id 'LO-KOTPS1-4187',RULE_ORPHANED_FOREIGN_KEY,2026-09-15T14:24:01.774150,"{""notification_id"": ""NOTIF-00141"", ""order_id"": ""LO-KOTPS1-4187"", ""omc_id"": ""vivo"", ""depot_id"": ""mombasa"", ""recipient_role"": ""OMC"", ""notification_type"": ""INSTRUCTION_UPDATE"", ""priority"": ""IMPORTANT"", ""title"": ""Collection Re-sequenced at Mombasa Terminal (KOT-PS1)"", ""message"": ""Autonomous queue deconfliction has recovered estimated 25m turnaround delay."", ""previous_timing"": ""+35m projected delay"", ""new_timing"": ""+10m adjusted window"", ""timestamp"": ""2026-08-27 12:00:31"", ""requires_acknowledgement"": false, ""is_acknowledged"": true, ""acknowledged_at"": ""2026-08-27 12:02:31""}"
Q-C4C5919BF944,14_notifications.csv,NOTIF-00142,Notification references quarantined order_id 'LO-PS27-8881',RULE_ORPHANED_FOREIGN_KEY,2026-09-15T14:24:01.774260,"{""notification_id"": ""NOTIF-00142"", ""order_id"": ""LO-PS27-8881"", ""omc_id"": ""hass"", ""depot_id"": ""eldoret"", ""recipient_role"": ""OMC"", ""notification_type"": ""PREDICTED_GATE_OUT_CHANGE"", ""priority"": ""INFO"", ""title"": ""Collection Re-sequenced at Eldoret Depot (PS27)"", ""message"": ""Autonomous queue deconfliction has recovered estimated 6m turnaround delay."", ""previous_timing"": ""+10m projected delay"", ""new_timing"": ""+4m adjusted window"", ""timestamp"": ""2026-08-27 14:00:28"", ""requires_acknowledgement"": false, ""is_acknowledged"": true, ""acknowledged_at"": ""2026-08-27 14:02:28""}"
Q-97E90C5F12BB,14_notifications.csv,NOTIF-00143,Notification references quarantined order_id 'LO-KOTPS1-8243',RULE_ORPHANED_FOREIGN_KEY,2026-09-15T14:24:01.774370,"{""notification_id"": ""NOTIF-00143"", ""order_id"": ""LO-KOTPS1-8243"", ""omc_id"": ""ola"", ""depot_id"": ""mombasa"", ""recipient_role"": ""OMC"", ""notification_type"": ""INSTRUCTION_UPDATE"", ""priority"": ""IMPORTANT"", ""title"": ""Collection Re-sequenced at Mombasa Terminal (KOT-PS1)"", ""message"": ""Autonomous queue deconfliction has recovered estimated 22m turnaround delay."", ""previous_timing"": ""+37m projected delay"", ""new_timing"": ""+15m adjusted window"", ""timestamp"": ""2026-08-27 23:00:23"", ""requires_acknowledgement"": false, ""is_acknowledged"": true, ""acknowledged_at"": ""2026-08-27 23:02:23""}"
Q-A78DA356CA77,14_notifications.csv,NOTIF-00144,Notification references quarantined order_id 'LO-PS10-6353',RULE_ORPHANED_FOREIGN_KEY,2026-09-15T14:24:01.774481,"{""notification_id"": ""NOTIF-00144"", ""order_id"": ""LO-PS10-6353"", ""omc_id"": ""vivo"", ""depot_id"": ""nairobi"", ""recipient_role"": ""DRIVER"", ""notification_type"": ""PREDICTED_GATE_OUT_CHANGE"", ""priority"": ""INFO"", ""title"": ""Collection Re-sequenced at Nairobi Terminal (PS10)"", ""message"": ""Autonomous queue deconfliction has recovered estimated 6m turnaround delay."", ""previous_timing"": ""+10m projected delay"", ""new_timing"": ""+4m adjusted window"", ""timestamp"": ""2026-08-28 16:00:41"", ""requires_acknowledgement"": false, ""is_acknowledged"": true, ""acknowledged_at"": ""2026-08-28 16:02:41""}"
Q-58B83E00F91F,14_notifications.csv,NOTIF-00145,Notification references quarantined order_id 'LO-PS10-1865',RULE_ORPHANED_FOREIGN_KEY,2026-09-15T14:24:01.774591,"{""notification_id"": ""NOTIF-00145"", ""order_id"": ""LO-PS10-1865"", ""omc_id"": ""petrocity"", ""depot_id"": ""nairobi"", ""recipient_role"": ""DRIVER"", ""notification_type"": ""PREDICTED_GATE_OUT_CHANGE"", ""priority"": ""IMPORTANT"", ""title"": ""Collection Re-sequenced at Nairobi Terminal (PS10)"", ""message"": ""Autonomous queue deconfliction has recovered estimated 12m turnaround delay."", ""previous_timing"": ""+22m projected delay"", ""new_timing"": ""+10m adjusted window"", ""timestamp"": ""2026-08-29 06:00:41"", ""requires_acknowledgement"": false, ""is_acknowledged"": true, ""acknowledged_at"": ""2026-08-29 06:02:41""}"
Q-09CBB581F11B,14_notifications.csv,NOTIF-00146,Notification references quarantined order_id 'LO-PS27-2747',RULE_ORPHANED_FOREIGN_KEY,2026-09-15T14:24:01.774703,"{""notification_id"": ""NOTIF-00146"", ""order_id"": ""LO-PS27-2747"", ""omc_id"": ""petrocity"", ""depot_id"": ""eldoret"", ""recipient_role"": ""OMC"", ""notification_type"": ""INSTRUCTION_UPDATE"", ""priority"": ""INFO"", ""title"": ""Collection Re-sequenced at Eldoret Depot (PS27)"", ""message"": ""Autonomous queue deconfliction has recovered estimated 3m turnaround delay."", ""previous_timing"": ""+6m projected delay"", ""new_timing"": ""+3m adjusted window"", ""timestamp"": ""2026-08-29 14:00:29"", ""requires_acknowledgement"": false, ""is_acknowledged"": true, ""acknowledged_at"": ""2026-08-29 14:02:29""}"
Q-154C2DB5CCA8,14_notifications.csv,NOTIF-00147,Notification references quarantined order_id 'LO-PS25-4970',RULE_ORPHANED_FOREIGN_KEY,2026-09-15T14:24:01.774820,"{""notification_id"": ""NOTIF-00147"", ""order_id"": ""LO-PS25-4970"", ""omc_id"": ""hass"", ""depot_id"": ""nakuru"", ""recipient_role"": ""OMC"", ""notification_type"": ""PREDICTED_GATE_OUT_CHANGE"", ""priority"": ""INFO"", ""title"": ""Collection Re-sequenced at Nakuru Depot (PS25)"", ""message"": ""Autonomous queue deconfliction has recovered estimated 5m turnaround delay."", ""previous_timing"": ""+10m projected delay"", ""new_timing"": ""+5m adjusted window"", ""timestamp"": ""2026-08-29 19:00:22"", ""requires_acknowledgement"": false, ""is_acknowledged"": true, ""acknowledged_at"": ""2026-08-29 19:02:22""}"
Q-5F6BDA8DBDF0,14_notifications.csv,NOTIF-00148,Notification references quarantined order_id 'LO-PS25-1694',RULE_ORPHANED_FOREIGN_KEY,2026-09-15T14:24:01.774934,"{""notification_id"": ""NOTIF-00148"", ""order_id"": ""LO-PS25-1694"", ""omc_id"": ""hass"", ""depot_id"": ""nakuru"", ""recipient_role"": ""OMC"", ""notification_type"": ""PREDICTED_GATE_OUT_CHANGE"", ""priority"": ""IMPORTANT"", ""title"": ""Collection Re-sequenced at Nakuru Depot (PS25)"", ""message"": ""Autonomous queue deconfliction has recovered estimated 30m turnaround delay."", ""previous_timing"": ""+42m projected delay"", ""new_timing"": ""+12m adjusted window"", ""timestamp"": ""2026-08-30 02:00:38"", ""requires_acknowledgement"": false, ""is_acknowledged"": true, ""acknowledged_at"": ""2026-08-30 02:02:38""}"
Q-0C58A74FD71E,14_notifications.csv,NOTIF-00149,Notification references quarantined order_id 'LO-PS25-9151',RULE_ORPHANED_FOREIGN_KEY,2026-09-15T14:24:01.775045,"{""notification_id"": ""NOTIF-00149"", ""order_id"": ""LO-PS25-9151"", ""omc_id"": ""ola"", ""depot_id"": ""nakuru"", ""recipient_role"": ""DRIVER"", ""notification_type"": ""PREDICTED_GATE_OUT_CHANGE"", ""priority"": ""INFO"", ""title"": ""Collection Re-sequenced at Nakuru Depot (PS25)"", ""message"": ""Autonomous queue deconfliction has recovered estimated 4m turnaround delay."", ""previous_timing"": ""+7m projected delay"", ""new_timing"": ""+3m adjusted window"", ""timestamp"": ""2026-08-30 07:00:22"", ""requires_acknowledgement"": false, ""is_acknowledged"": true, ""acknowledged_at"": ""2026-08-30 07:02:22""}"
Q-4CCF85C229F1,14_notifications.csv,NOTIF-00150,Notification references quarantined order_id 'LO-KOTPS1-3499',RULE_ORPHANED_FOREIGN_KEY,2026-09-15T14:24:01.775156,"{""notification_id"": ""NOTIF-00150"", ""order_id"": ""LO-KOTPS1-3499"", ""omc_id"": ""ola"", ""depot_id"": ""mombasa"", ""recipient_role"": ""OMC"", ""notification_type"": ""PREDICTED_GATE_OUT_CHANGE"", ""priority"": ""INFO"", ""title"": ""Collection Re-sequenced at Mombasa Terminal (KOT-PS1)"", ""message"": ""Autonomous queue deconfliction has recovered estimated 12m turnaround delay."", ""previous_timing"": ""+17m projected delay"", ""new_timing"": ""+5m adjusted window"", ""timestamp"": ""2026-08-31 10:00:24"", ""requires_acknowledgement"": false, ""is_acknowledged"": true, ""acknowledged_at"": ""2026-08-31 10:02:24""}"
Q-9A0DD51D779D,14_notifications.csv,NOTIF-00151,Notification references quarantined order_id 'LO-KOTPS1-1607',RULE_ORPHANED_FOREIGN_KEY,2026-09-15T14:24:01.775268,"{""notification_id"": ""NOTIF-00151"", ""order_id"": ""LO-KOTPS1-1607"", ""omc_id"": ""hass"", ""depot_id"": ""mombasa"", ""recipient_role"": ""DRIVER"", ""notification_type"": ""PREDICTED_GATE_OUT_CHANGE"", ""priority"": ""IMPORTANT"", ""title"": ""Collection Re-sequenced at Mombasa Terminal (KOT-PS1)"", ""message"": ""Autonomous queue deconfliction has recovered estimated 25m turnaround delay."", ""previous_timing"": ""+33m projected delay"", ""new_timing"": ""+8m adjusted window"", ""timestamp"": ""2026-08-31 20:00:31"", ""requires_acknowledgement"": false, ""is_acknowledged"": true, ""acknowledged_at"": ""2026-08-31 20:02:31""}"
Q-C226F605511C,14_notifications.csv,NOTIF-00152,Notification references quarantined order_id 'LO-PS10-1204',RULE_ORPHANED_FOREIGN_KEY,2026-09-15T14:24:01.775379,"{""notification_id"": ""NOTIF-00152"", ""order_id"": ""LO-PS10-1204"", ""omc_id"": ""hass"", ""depot_id"": ""nairobi"", ""recipient_role"": ""DRIVER"", ""notification_type"": ""INSTRUCTION_UPDATE"", ""priority"": ""INFO"", ""title"": ""Collection Re-sequenced at Nairobi Terminal (PS10)"", ""message"": ""Autonomous queue deconfliction has recovered estimated 11m turnaround delay."", ""previous_timing"": ""+19m projected delay"", ""new_timing"": ""+8m adjusted window"", ""timestamp"": ""2026-09-01 16:00:39"", ""requires_acknowledgement"": false, ""is_acknowledged"": true, ""acknowledged_at"": ""2026-09-01 16:02:39""}"
Q-4D13B962903E,14_notifications.csv,NOTIF-00153,Notification references quarantined order_id 'LO-PS28-4359',RULE_ORPHANED_FOREIGN_KEY,2026-09-15T14:24:01.775490,"{""notification_id"": ""NOTIF-00153"", ""order_id"": ""LO-PS28-4359"", ""omc_id"": ""hass"", ""depot_id"": ""kisumu"", ""recipient_role"": ""OMC"", ""notification_type"": ""PREDICTED_GATE_OUT_CHANGE"", ""priority"": ""INFO"", ""title"": ""Collection Re-sequenced at Kisumu Depot (PS28)"", ""message"": ""Autonomous queue deconfliction has recovered estimated 8m turnaround delay."", ""previous_timing"": ""+15m projected delay"", ""new_timing"": ""+7m adjusted window"", ""timestamp"": ""2026-09-02 12:00:27"", ""requires_acknowledgement"": false, ""is_acknowledged"": true, ""acknowledged_at"": ""2026-09-02 12:02:27""}"
Q-03970DB8181E,14_notifications.csv,NOTIF-00154,Notification references quarantined order_id 'LO-PS10-3997',RULE_ORPHANED_FOREIGN_KEY,2026-09-15T14:24:01.775601,"{""notification_id"": ""NOTIF-00154"", ""order_id"": ""LO-PS10-3997"", ""omc_id"": ""rubis"", ""depot_id"": ""nairobi"", ""recipient_role"": ""OMC"", ""notification_type"": ""INSTRUCTION_UPDATE"", ""priority"": ""IMPORTANT"", ""title"": ""Collection Re-sequenced at Nairobi Terminal (PS10)"", ""message"": ""Autonomous queue deconfliction has recovered estimated 8m turnaround delay."", ""previous_timing"": ""+13m projected delay"", ""new_timing"": ""+5m adjusted window"", ""timestamp"": ""2026-09-03 06:00:29"", ""requires_acknowledgement"": false, ""is_acknowledged"": true, ""acknowledged_at"": ""2026-09-03 06:02:29""}"
Q-8438488E5F91,14_notifications.csv,NOTIF-00155,Notification references quarantined order_id 'LO-KOTPS1-9948',RULE_ORPHANED_FOREIGN_KEY,2026-09-15T14:24:01.775712,"{""notification_id"": ""NOTIF-00155"", ""order_id"": ""LO-KOTPS1-9948"", ""omc_id"": ""vivo"", ""depot_id"": ""mombasa"", ""recipient_role"": ""DRIVER"", ""notification_type"": ""INSTRUCTION_UPDATE"", ""priority"": ""INFO"", ""title"": ""Collection Re-sequenced at Mombasa Terminal (KOT-PS1)"", ""message"": ""Autonomous queue deconfliction has recovered estimated 9m turnaround delay."", ""previous_timing"": ""+12m projected delay"", ""new_timing"": ""+3m adjusted window"", ""timestamp"": ""2026-09-04 02:00:32"", ""requires_acknowledgement"": false, ""is_acknowledged"": true, ""acknowledged_at"": ""2026-09-04 02:02:32""}"
Q-9EA2E71720E3,14_notifications.csv,NOTIF-00156,Notification references quarantined order_id 'LO-PS25-4015',RULE_ORPHANED_FOREIGN_KEY,2026-09-15T14:24:01.775832,"{""notification_id"": ""NOTIF-00156"", ""order_id"": ""LO-PS25-4015"", ""omc_id"": ""ola"", ""depot_id"": ""nakuru"", ""recipient_role"": ""DRIVER"", ""notification_type"": ""PREDICTED_GATE_OUT_CHANGE"", ""priority"": ""INFO"", ""title"": ""Collection Re-sequenced at Nakuru Depot (PS25)"", ""message"": ""Autonomous queue deconfliction has recovered estimated 11m turnaround delay."", ""previous_timing"": ""+19m projected delay"", ""new_timing"": ""+8m adjusted window"", ""timestamp"": ""2026-09-04 13:00:21"", ""requires_acknowledgement"": false, ""is_acknowledged"": true, ""acknowledged_at"": ""2026-09-04 13:02:21""}"
Q-6C4D76D520E2,14_notifications.csv,NOTIF-00157,Notification references quarantined order_id 'LO-PS27-5736',RULE_ORPHANED_FOREIGN_KEY,2026-09-15T14:24:01.775944,"{""notification_id"": ""NOTIF-00157"", ""order_id"": ""LO-PS27-5736"", ""omc_id"": ""hass"", ""depot_id"": ""eldoret"", ""recipient_role"": ""DRIVER"", ""notification_type"": ""PREDICTED_GATE_OUT_CHANGE"", ""priority"": ""INFO"", ""title"": ""Collection Re-sequenced at Eldoret Depot (PS27)"", ""message"": ""Autonomous queue deconfliction has recovered estimated 9m turnaround delay."", ""previous_timing"": ""+15m projected delay"", ""new_timing"": ""+6m adjusted window"", ""timestamp"": ""2026-09-05 05:00:50"", ""requires_acknowledgement"": false, ""is_acknowledged"": true, ""acknowledged_at"": ""2026-09-05 05:02:50""}"
Q-A04EFDBAA4D8,14_notifications.csv,NOTIF-00158,Notification references quarantined order_id 'LO-KOTPS1-4465',RULE_ORPHANED_FOREIGN_KEY,2026-09-15T14:24:01.776054,"{""notification_id"": ""NOTIF-00158"", ""order_id"": ""LO-KOTPS1-4465"", ""omc_id"": ""hass"", ""depot_id"": ""mombasa"", ""recipient_role"": ""OMC"", ""notification_type"": ""INSTRUCTION_UPDATE"", ""priority"": ""INFO"", ""title"": ""Collection Re-sequenced at Mombasa Terminal (KOT-PS1)"", ""message"": ""Autonomous queue deconfliction has recovered estimated 13m turnaround delay."", ""previous_timing"": ""+18m projected delay"", ""new_timing"": ""+5m adjusted window"", ""timestamp"": ""2026-09-05 15:00:45"", ""requires_acknowledgement"": false, ""is_acknowledged"": true, ""acknowledged_at"": ""2026-09-05 15:02:45""}"
Q-B763B9FD7A2A,14_notifications.csv,NOTIF-00159,Notification references quarantined order_id 'LO-PS28-4556',RULE_ORPHANED_FOREIGN_KEY,2026-09-15T14:24:01.776165,"{""notification_id"": ""NOTIF-00159"", ""order_id"": ""LO-PS28-4556"", ""omc_id"": ""hass"", ""depot_id"": ""kisumu"", ""recipient_role"": ""DRIVER"", ""notification_type"": ""PREDICTED_GATE_OUT_CHANGE"", ""priority"": ""INFO"", ""title"": ""Collection Re-sequenced at Kisumu Depot (PS28)"", ""message"": ""Autonomous queue deconfliction has recovered estimated 8m turnaround delay."", ""previous_timing"": ""+11m projected delay"", ""new_timing"": ""+3m adjusted window"", ""timestamp"": ""2026-09-05 20:00:41"", ""requires_acknowledgement"": false, ""is_acknowledged"": true, ""acknowledged_at"": ""2026-09-05 20:02:41""}"
Q-EE2E61BD103B,14_notifications.csv,NOTIF-00160,Notification references quarantined order_id 'LO-PS28-3177',RULE_ORPHANED_FOREIGN_KEY,2026-09-15T14:24:01.776274,"{""notification_id"": ""NOTIF-00160"", ""order_id"": ""LO-PS28-3177"", ""omc_id"": ""lakeoil"", ""depot_id"": ""kisumu"", ""recipient_role"": ""OMC"", ""notification_type"": ""PREDICTED_GATE_OUT_CHANGE"", ""priority"": ""INFO"", ""title"": ""Collection Re-sequenced at Kisumu Depot (PS28)"", ""message"": ""Autonomous queue deconfliction has recovered estimated 4m turnaround delay."", ""previous_timing"": ""+9m projected delay"", ""new_timing"": ""+5m adjusted window"", ""timestamp"": ""2026-09-06 12:00:18"", ""requires_acknowledgement"": false, ""is_acknowledged"": true, ""acknowledged_at"": ""2026-09-06 12:02:18""}"
Q-41F2DECDDB0A,14_notifications.csv,NOTIF-00161,Notification references quarantined order_id 'LO-PS10-6045',RULE_ORPHANED_FOREIGN_KEY,2026-09-15T14:24:01.776385,"{""notification_id"": ""NOTIF-00161"", ""order_id"": ""LO-PS10-6045"", ""omc_id"": ""ola"", ""depot_id"": ""nairobi"", ""recipient_role"": ""DRIVER"", ""notification_type"": ""INSTRUCTION_UPDATE"", ""priority"": ""INFO"", ""title"": ""Collection Re-sequenced at Nairobi Terminal (PS10)"", ""message"": ""Autonomous queue deconfliction has recovered estimated 6m turnaround delay."", ""previous_timing"": ""+11m projected delay"", ""new_timing"": ""+5m adjusted window"", ""timestamp"": ""2026-09-07 04:00:34"", ""requires_acknowledgement"": false, ""is_acknowledged"": true, ""acknowledged_at"": ""2026-09-07 04:02:34""}"
Q-ACA6783F0BCF,14_notifications.csv,NOTIF-00162,Notification references quarantined order_id 'LO-PS10-2272',RULE_ORPHANED_FOREIGN_KEY,2026-09-15T14:24:01.776495,"{""notification_id"": ""NOTIF-00162"", ""order_id"": ""LO-PS10-2272"", ""omc_id"": ""totalenergies"", ""depot_id"": ""nairobi"", ""recipient_role"": ""DRIVER"", ""notification_type"": ""PREDICTED_GATE_OUT_CHANGE"", ""priority"": ""INFO"", ""title"": ""Collection Re-sequenced at Nairobi Terminal (PS10)"", ""message"": ""Autonomous queue deconfliction has recovered estimated 9m turnaround delay."", ""previous_timing"": ""+12m projected delay"", ""new_timing"": ""+3m adjusted window"", ""timestamp"": ""2026-09-07 07:00:33"", ""requires_acknowledgement"": false, ""is_acknowledged"": true, ""acknowledged_at"": ""2026-09-07 07:02:33""}"
Q-8E34928526DB,14_notifications.csv,NOTIF-00163,Notification references quarantined order_id 'LO-PS25-5740',RULE_ORPHANED_FOREIGN_KEY,2026-09-15T14:24:01.776604,"{""notification_id"": ""NOTIF-00163"", ""order_id"": ""LO-PS25-5740"", ""omc_id"": ""hass"", ""depot_id"": ""nakuru"", ""recipient_role"": ""OMC"", ""notification_type"": ""PREDICTED_GATE_OUT_CHANGE"", ""priority"": ""INFO"", ""title"": ""Collection Re-sequenced at Nakuru Depot (PS25)"", ""message"": ""Autonomous queue deconfliction has recovered estimated 8m turnaround delay."", ""previous_timing"": ""+12m projected delay"", ""new_timing"": ""+4m adjusted window"", ""timestamp"": ""2026-09-07 12:00:31"", ""requires_acknowledgement"": false, ""is_acknowledged"": true, ""acknowledged_at"": ""2026-09-07 12:02:31""}"
Q-280C90559B2B,14_notifications.csv,NOTIF-00164,Notification references quarantined order_id 'LO-KOTPS1-1698',RULE_ORPHANED_FOREIGN_KEY,2026-09-15T14:24:01.776719,"{""notification_id"": ""NOTIF-00164"", ""order_id"": ""LO-KOTPS1-1698"", ""omc_id"": ""vivo"", ""depot_id"": ""mombasa"", ""recipient_role"": ""OMC"", ""notification_type"": ""PREDICTED_GATE_OUT_CHANGE"", ""priority"": ""IMPORTANT"", ""title"": ""Collection Re-sequenced at Mombasa Terminal (KOT-PS1)"", ""message"": ""Autonomous queue deconfliction has recovered estimated 19m turnaround delay."", ""previous_timing"": ""+32m projected delay"", ""new_timing"": ""+13m adjusted window"", ""timestamp"": ""2026-09-08 22:00:37"", ""requires_acknowledgement"": false, ""is_acknowledged"": true, ""acknowledged_at"": ""2026-09-08 22:02:37""}"
Q-76784AC886C9,14_notifications.csv,NOTIF-00165,Notification references quarantined order_id 'LO-PS27-3200',RULE_ORPHANED_FOREIGN_KEY,2026-09-15T14:24:01.776835,"{""notification_id"": ""NOTIF-00165"", ""order_id"": ""LO-PS27-3200"", ""omc_id"": ""petrocity"", ""depot_id"": ""eldoret"", ""recipient_role"": ""OMC"", ""notification_type"": ""PREDICTED_GATE_OUT_CHANGE"", ""priority"": ""INFO"", ""title"": ""Collection Re-sequenced at Eldoret Depot (PS27)"", ""message"": ""Autonomous queue deconfliction has recovered estimated 8m turnaround delay."", ""previous_timing"": ""+13m projected delay"", ""new_timing"": ""+5m adjusted window"", ""timestamp"": ""2026-09-09 06:00:23"", ""requires_acknowledgement"": false, ""is_acknowledged"": true, ""acknowledged_at"": ""2026-09-09 06:02:23""}"
Q-DF52CF252322,14_notifications.csv,NOTIF-00166,Notification references quarantined order_id 'LO-PS10-4956',RULE_ORPHANED_FOREIGN_KEY,2026-09-15T14:24:01.776947,"{""notification_id"": ""NOTIF-00166"", ""order_id"": ""LO-PS10-4956"", ""omc_id"": ""lakeoil"", ""depot_id"": ""nairobi"", ""recipient_role"": ""DRIVER"", ""notification_type"": ""PREDICTED_GATE_OUT_CHANGE"", ""priority"": ""IMPORTANT"", ""title"": ""Collection Re-sequenced at Nairobi Terminal (PS10)"", ""message"": ""Autonomous queue deconfliction has recovered estimated 9m turnaround delay."", ""previous_timing"": ""+12m projected delay"", ""new_timing"": ""+3m adjusted window"", ""timestamp"": ""2026-09-09 12:00:38"", ""requires_acknowledgement"": false, ""is_acknowledged"": true, ""acknowledged_at"": ""2026-09-09 12:02:38""}"
Q-B3B776777F9C,14_notifications.csv,NOTIF-00167,Notification references quarantined order_id 'LO-PS10-4697',RULE_ORPHANED_FOREIGN_KEY,2026-09-15T14:24:01.777057,"{""notification_id"": ""NOTIF-00167"", ""order_id"": ""LO-PS10-4697"", ""omc_id"": ""ola"", ""depot_id"": ""nairobi"", ""recipient_role"": ""DRIVER"", ""notification_type"": ""PREDICTED_GATE_OUT_CHANGE"", ""priority"": ""INFO"", ""title"": ""Collection Re-sequenced at Nairobi Terminal (PS10)"", ""message"": ""Autonomous queue deconfliction has recovered estimated 7m turnaround delay."", ""previous_timing"": ""+13m projected delay"", ""new_timing"": ""+6m adjusted window"", ""timestamp"": ""2026-09-09 14:00:30"", ""requires_acknowledgement"": false, ""is_acknowledged"": true, ""acknowledged_at"": ""2026-09-09 14:02:30""}"
Q-FC5EEB4AE015,14_notifications.csv,NOTIF-00168,Notification references quarantined order_id 'LO-PS10-9506',RULE_ORPHANED_FOREIGN_KEY,2026-09-15T14:24:01.777168,"{""notification_id"": ""NOTIF-00168"", ""order_id"": ""LO-PS10-9506"", ""omc_id"": ""rubis"", ""depot_id"": ""nairobi"", ""recipient_role"": ""OMC"", ""notification_type"": ""PREDICTED_GATE_OUT_CHANGE"", ""priority"": ""INFO"", ""title"": ""Collection Re-sequenced at Nairobi Terminal (PS10)"", ""message"": ""Autonomous queue deconfliction has recovered estimated 12m turnaround delay."", ""previous_timing"": ""+18m projected delay"", ""new_timing"": ""+6m adjusted window"", ""timestamp"": ""2026-09-10 16:00:21"", ""requires_acknowledgement"": false, ""is_acknowledged"": true, ""acknowledged_at"": ""2026-09-10 16:02:21""}"
Q-83E746FE0851,14_notifications.csv,NOTIF-00169,Notification references quarantined order_id 'LO-PS27-7619',RULE_ORPHANED_FOREIGN_KEY,2026-09-15T14:24:01.777279,"{""notification_id"": ""NOTIF-00169"", ""order_id"": ""LO-PS27-7619"", ""omc_id"": ""rubis"", ""depot_id"": ""eldoret"", ""recipient_role"": ""DRIVER"", ""notification_type"": ""PREDICTED_GATE_OUT_CHANGE"", ""priority"": ""INFO"", ""title"": ""Collection Re-sequenced at Eldoret Depot (PS27)"", ""message"": ""Autonomous queue deconfliction has recovered estimated 12m turnaround delay."", ""previous_timing"": ""+20m projected delay"", ""new_timing"": ""+8m adjusted window"", ""timestamp"": ""2026-09-11 10:00:42"", ""requires_acknowledgement"": false, ""is_acknowledged"": true, ""acknowledged_at"": ""2026-09-11 10:02:42""}"
Q-AAAA6D36494F,14_notifications.csv,NOTIF-00170,Notification references quarantined order_id 'LO-PS10-6733',RULE_ORPHANED_FOREIGN_KEY,2026-09-15T14:24:01.777391,"{""notification_id"": ""NOTIF-00170"", ""order_id"": ""LO-PS10-6733"", ""omc_id"": ""lakeoil"", ""depot_id"": ""nairobi"", ""recipient_role"": ""DRIVER"", ""notification_type"": ""INSTRUCTION_UPDATE"", ""priority"": ""IMPORTANT"", ""title"": ""Collection Re-sequenced at Nairobi Terminal (PS10)"", ""message"": ""Autonomous queue deconfliction has recovered estimated 27m turnaround delay."", ""previous_timing"": ""+43m projected delay"", ""new_timing"": ""+16m adjusted window"", ""timestamp"": ""2026-09-12 17:00:19"", ""requires_acknowledgement"": false, ""is_acknowledged"": true, ""acknowledged_at"": ""2026-09-12 17:02:19""}"
Q-C9271336729D,14_notifications.csv,NOTIF-00171,Notification references quarantined order_id 'LO-PS28-7961',RULE_ORPHANED_FOREIGN_KEY,2026-09-15T14:24:01.777502,"{""notification_id"": ""NOTIF-00171"", ""order_id"": ""LO-PS28-7961"", ""omc_id"": ""petrocity"", ""depot_id"": ""kisumu"", ""recipient_role"": ""DRIVER"", ""notification_type"": ""PREDICTED_GATE_OUT_CHANGE"", ""priority"": ""INFO"", ""title"": ""Collection Re-sequenced at Kisumu Depot (PS28)"", ""message"": ""Autonomous queue deconfliction has recovered estimated 6m turnaround delay."", ""previous_timing"": ""+10m projected delay"", ""new_timing"": ""+4m adjusted window"", ""timestamp"": ""2026-09-15 03:00:37"", ""requires_acknowledgement"": false, ""is_acknowledged"": true, ""acknowledged_at"": ""2026-09-15 03:02:37""}"
Q-2A655EB80FD9,14_notifications.csv,NOTIF-00172,Notification references quarantined order_id 'LO-PS10-5679',RULE_ORPHANED_FOREIGN_KEY,2026-09-15T14:24:01.777614,"{""notification_id"": ""NOTIF-00172"", ""order_id"": ""LO-PS10-5679"", ""omc_id"": ""hass"", ""depot_id"": ""nairobi"", ""recipient_role"": ""DRIVER"", ""notification_type"": ""INSTRUCTION_UPDATE"", ""priority"": ""INFO"", ""title"": ""Collection Re-sequenced at Nairobi Terminal (PS10)"", ""message"": ""Autonomous queue deconfliction has recovered estimated 7m turnaround delay."", ""previous_timing"": ""+14m projected delay"", ""new_timing"": ""+7m adjusted window"", ""timestamp"": ""2026-09-15 08:00:34"", ""requires_acknowledgement"": false, ""is_acknowledged"": true, ""acknowledged_at"": ""2026-09-15 08:02:34""}"
Q-3C236AD8ACD5,14_notifications.csv,NOTIF-00173,Notification references quarantined order_id 'LO-PS10-1108',RULE_ORPHANED_FOREIGN_KEY,2026-09-15T14:24:01.777723,"{""notification_id"": ""NOTIF-00173"", ""order_id"": ""LO-PS10-1108"", ""omc_id"": ""vivo"", ""depot_id"": ""nairobi"", ""recipient_role"": ""DRIVER"", ""notification_type"": ""INSTRUCTION_UPDATE"", ""priority"": ""IMPORTANT"", ""title"": ""Collection Re-sequenced at Nairobi Terminal (PS10)"", ""message"": ""Autonomous queue deconfliction has recovered estimated 7m turnaround delay."", ""previous_timing"": ""+13m projected delay"", ""new_timing"": ""+6m adjusted window"", ""timestamp"": ""2026-09-15 15:00:27"", ""requires_acknowledgement"": false, ""is_acknowledged"": true, ""acknowledged_at"": ""2026-09-15 15:02:27""}"
