stage_id,decision_id,stage_sequence,stage_name,stage_timestamp,stage_status,metric_label,metric_value,payload_summary
STG-DEC0142-01,DEC-0142,1,SIGNAL,2026-09-15 10:02:18,COMPLETED,Trigger Received,Expected Demand 18 orders vs 11 capacity,Telemetry ingested from Smart Gate and SCADA DCS
STG-DEC0142-02,DEC-0142,2,PREDICT,2026-09-15 10:02:36,COMPLETED,Predicted Dwell Blowout,114m turnaround (+49m above baseline SLA),Forecasted queue blowout with 92.4% confidence
STG-DEC0142-03,DEC-0142,3,DIAGNOSE,2026-09-15 10:02:40,COMPLETED,Causal Attribution,-7 tankers / 90m capacity deficit,Primary cause: Loading capacity deficit; Secondary: Metering drag
STG-DEC0142-04,DEC-0142,4,OPTIMIZE,2026-09-15 10:02:43,COMPLETED,Candidate Ranking,OPT-03 selected (Score 94/100),Evaluated 4 candidate options; chosen for -38m projected recovery
STG-DEC0142-05,DEC-0142,5,DECIDE,2026-09-15 10:02:45,COMPLETED,Policy Gate,POL-042 (L2 Passed),"Autonomy rule satisfied: Dwell > 25m, zero hazardous cargo conflict"
STG-DEC0142-06,DEC-0142,6,EXECUTE,2026-09-15 10:02:47,COMPLETED,Actuation Dispatch,Dispatched to Bays P01 & P04,Ack latency 142ms; orders LO-NBO-8821 re-sequenced
STG-DEC0142-07,DEC-0142,7,VERIFY,2026-09-15 10:48:15,COMPLETED,Closed-Loop Recovery,Verified -34 min reduction,Recovery attainment 89.5%; KES 1.42M exposure protected
STG-DEC0142-08,DEC-0142,8,LOG,2026-09-15 10:48:22,COMPLETED,Audit Digest Stamped,SHA-256 Digest Confirmed,Tamper-evident record sealed to immutable operational audit store
STG-DEC-00002-01,DEC-00002,1,SIGNAL,2026-06-11 14:59:58,COMPLETED,Trigger Received,Demand surge at PS27,Telemetry ingested from Smart Gate and SCADA DCS
STG-DEC-00002-02,DEC-00002,2,PREDICT,2026-06-11 15:00:07,COMPLETED,Predicted Dwell Blowout,82m turnaround (+32m above baseline SLA),Forecasted queue blowout with 91% confidence
STG-DEC-00002-03,DEC-00002,3,DIAGNOSE,2026-06-11 15:00:13,COMPLETED,Causal Attribution,Tank Recertification Hold,Bottleneck identified at PS27
STG-DEC-00002-04,DEC-00002,4,OPTIMIZE,2026-06-11 15:00:19,COMPLETED,Candidate Ranking,OPT-03 selected (Score 92/100),Evaluated candidate options for -24m recovery
STG-DEC-00002-05,DEC-00002,5,DECIDE,2026-06-11 15:00:25,COMPLETED,L3_APPROVAL_REQUIRED Policy Check,Status: APPROVED,Autonomy rule evaluation completed
STG-DEC-00002-06,DEC-00002,6,EXECUTE,2026-06-11 15:00:27,COMPLETED,Actuation Dispatch,Actuation command routed,Control payload delivered to terminal gateway
STG-DEC-00002-07,DEC-00002,7,VERIFY,2026-06-11 15:45:25,COMPLETED,Closed-Loop Recovery,Observed dwell delta reduction,Field telemetry feedback verified
STG-DEC-00002-08,DEC-00002,8,LOG,2026-06-11 15:45:32,COMPLETED,Audit Record Sealed,SHA-256 Digest Confirmed,Tamper-evident record sealed to immutable operational audit store
STG-DEC-00003-01,DEC-00003,1,SIGNAL,2026-06-12 10:00:17,COMPLETED,Trigger Received,Demand surge at PS27,Telemetry ingested from Smart Gate and SCADA DCS
STG-DEC-00003-02,DEC-00003,2,PREDICT,2026-06-12 10:00:26,COMPLETED,Predicted Dwell Blowout,74m turnaround (+24m above baseline SLA),Forecasted queue blowout with 91% confidence
STG-DEC-00003-03,DEC-00003,3,DIAGNOSE,2026-06-12 10:00:32,COMPLETED,Causal Attribution,Gantry Queue Congestion + Slow Metering,Bottleneck identified at PS27
STG-DEC-00003-04,DEC-00003,4,OPTIMIZE,2026-06-12 10:00:38,COMPLETED,Candidate Ranking,OPT-03 selected (Score 92/100),Evaluated candidate options for -18m recovery
STG-DEC-00003-05,DEC-00003,5,DECIDE,2026-06-12 10:00:44,COMPLETED,L2_AUTO_EXECUTABLE Policy Check,Status: EXECUTED,Autonomy rule evaluation completed
STG-DEC-00003-06,DEC-00003,6,EXECUTE,2026-06-12 10:00:46,COMPLETED,Actuation Dispatch,Actuation command routed,Control payload delivered to terminal gateway
STG-DEC-00003-07,DEC-00003,7,VERIFY,2026-06-12 10:45:44,COMPLETED,Closed-Loop Recovery,Observed dwell delta reduction,Field telemetry feedback verified
STG-DEC-00003-08,DEC-00003,8,LOG,2026-06-12 10:45:51,COMPLETED,Audit Record Sealed,SHA-256 Digest Confirmed,Tamper-evident record sealed to immutable operational audit store
STG-DEC-00004-01,DEC-00004,1,SIGNAL,2026-06-13 19:00:13,COMPLETED,Trigger Received,Demand surge at PS25,Telemetry ingested from Smart Gate and SCADA DCS
STG-DEC-00004-02,DEC-00004,2,PREDICT,2026-06-13 19:00:22,COMPLETED,Predicted Dwell Blowout,65m turnaround (+7m above baseline SLA),Forecasted queue blowout with 91% confidence
STG-DEC-00004-03,DEC-00004,3,DIAGNOSE,2026-06-13 19:00:28,COMPLETED,Causal Attribution,Clustered Transporter Arrivals,Bottleneck identified at PS25
STG-DEC-00004-04,DEC-00004,4,OPTIMIZE,2026-06-13 19:00:34,COMPLETED,Candidate Ranking,OPT-03 selected (Score 92/100),Evaluated candidate options for -5m recovery
STG-DEC-00004-05,DEC-00004,5,DECIDE,2026-06-13 19:00:40,COMPLETED,L2_AUTO_EXECUTABLE Policy Check,Status: EXECUTED,Autonomy rule evaluation completed
STG-DEC-00004-06,DEC-00004,6,EXECUTE,2026-06-13 19:00:42,COMPLETED,Actuation Dispatch,Actuation command routed,Control payload delivered to terminal gateway
STG-DEC-00004-07,DEC-00004,7,VERIFY,2026-06-13 19:45:40,COMPLETED,Closed-Loop Recovery,Observed dwell delta reduction,Field telemetry feedback verified
STG-DEC-00004-08,DEC-00004,8,LOG,2026-06-13 19:45:47,COMPLETED,Audit Record Sealed,SHA-256 Digest Confirmed,Tamper-evident record sealed to immutable operational audit store
STG-DEC-00005-01,DEC-00005,1,SIGNAL,2026-06-14 12:59:55,COMPLETED,Trigger Received,Demand surge at KOT-PS1,Telemetry ingested from Smart Gate and SCADA DCS
STG-DEC-00005-02,DEC-00005,2,PREDICT,2026-06-14 13:00:04,COMPLETED,Predicted Dwell Blowout,111m turnaround (+39m above baseline SLA),Forecasted queue blowout with 91% confidence
STG-DEC-00005-03,DEC-00005,3,DIAGNOSE,2026-06-14 13:00:10,COMPLETED,Causal Attribution,Morning Peak Arrival Surge,Bottleneck identified at KOT-PS1
STG-DEC-00005-04,DEC-00005,4,OPTIMIZE,2026-06-14 13:00:16,COMPLETED,Candidate Ranking,OPT-03 selected (Score 92/100),Evaluated candidate options for -29m recovery
STG-DEC-00005-05,DEC-00005,5,DECIDE,2026-06-14 13:00:22,COMPLETED,L2_AUTO_EXECUTABLE Policy Check,Status: EXECUTED,Autonomy rule evaluation completed
STG-DEC-00005-06,DEC-00005,6,EXECUTE,2026-06-14 13:00:24,COMPLETED,Actuation Dispatch,Actuation command routed,Control payload delivered to terminal gateway
STG-DEC-00005-07,DEC-00005,7,VERIFY,2026-06-14 13:45:22,COMPLETED,Closed-Loop Recovery,Observed dwell delta reduction,Field telemetry feedback verified
STG-DEC-00005-08,DEC-00005,8,LOG,2026-06-14 13:45:29,COMPLETED,Audit Record Sealed,SHA-256 Digest Confirmed,Tamper-evident record sealed to immutable operational audit store
STG-DEC-00006-01,DEC-00006,1,SIGNAL,2026-06-14 21:00:17,COMPLETED,Trigger Received,Demand surge at PS10,Telemetry ingested from Smart Gate and SCADA DCS
STG-DEC-00006-02,DEC-00006,2,PREDICT,2026-06-14 21:00:26,COMPLETED,Predicted Dwell Blowout,71m turnaround (+6m above baseline SLA),Forecasted queue blowout with 91% confidence
STG-DEC-00006-03,DEC-00006,3,DIAGNOSE,2026-06-14 21:00:32,COMPLETED,Causal Attribution,Flow Meter Temperature Sensor Drift,Bottleneck identified at PS10
STG-DEC-00006-04,DEC-00006,4,OPTIMIZE,2026-06-14 21:00:38,COMPLETED,Candidate Ranking,OPT-03 selected (Score 92/100),Evaluated candidate options for -4m recovery
STG-DEC-00006-05,DEC-00006,5,DECIDE,2026-06-14 21:00:44,BLOCKED,L1_ADVISORY Policy Check,Status: BLOCKED_BY_POLICY,Autonomy rule evaluation completed
STG-DEC-00006-06,DEC-00006,6,EXECUTE,2026-06-14 21:00:46,SKIPPED,Actuation Dispatch,Actuation command routed,Control payload delivered to terminal gateway
STG-DEC-00006-07,DEC-00006,7,VERIFY,2026-06-14 21:45:44,SKIPPED,Closed-Loop Recovery,Observed dwell delta reduction,Field telemetry feedback verified
STG-DEC-00006-08,DEC-00006,8,LOG,2026-06-14 21:45:51,COMPLETED,Audit Record Sealed,SHA-256 Digest Confirmed,Tamper-evident record sealed to immutable operational audit store
STG-DEC-00007-01,DEC-00007,1,SIGNAL,2026-06-15 05:59:50,COMPLETED,Trigger Received,Demand surge at PS27,Telemetry ingested from Smart Gate and SCADA DCS
STG-DEC-00007-02,DEC-00007,2,PREDICT,2026-06-15 05:59:59,COMPLETED,Predicted Dwell Blowout,93m turnaround (+43m above baseline SLA),Forecasted queue blowout with 91% confidence
STG-DEC-00007-03,DEC-00007,3,DIAGNOSE,2026-06-15 06:00:05,COMPLETED,Causal Attribution,Loading Position Offline for Maintenance,Bottleneck identified at PS27
STG-DEC-00007-04,DEC-00007,4,OPTIMIZE,2026-06-15 06:00:11,COMPLETED,Candidate Ranking,OPT-03 selected (Score 92/100),Evaluated candidate options for -32m recovery
STG-DEC-00007-05,DEC-00007,5,DECIDE,2026-06-15 06:00:17,COMPLETED,L2_AUTO_EXECUTABLE Policy Check,Status: EXECUTED,Autonomy rule evaluation completed
STG-DEC-00007-06,DEC-00007,6,EXECUTE,2026-06-15 06:00:19,COMPLETED,Actuation Dispatch,Actuation command routed,Control payload delivered to terminal gateway
STG-DEC-00007-07,DEC-00007,7,VERIFY,2026-06-15 06:45:17,COMPLETED,Closed-Loop Recovery,Observed dwell delta reduction,Field telemetry feedback verified
STG-DEC-00007-08,DEC-00007,8,LOG,2026-06-15 06:45:24,COMPLETED,Audit Record Sealed,SHA-256 Digest Confirmed,Tamper-evident record sealed to immutable operational audit store
STG-DEC-00008-01,DEC-00008,1,SIGNAL,2026-06-15 09:59:51,COMPLETED,Trigger Received,Demand surge at KOT-PS1,Telemetry ingested from Smart Gate and SCADA DCS
STG-DEC-00008-02,DEC-00008,2,PREDICT,2026-06-15 10:00:00,COMPLETED,Predicted Dwell Blowout,89m turnaround (+17m above baseline SLA),Forecasted queue blowout with 91% confidence
STG-DEC-00008-03,DEC-00008,3,DIAGNOSE,2026-06-15 10:00:06,COMPLETED,Causal Attribution,Loading Position Offline for Maintenance,Bottleneck identified at KOT-PS1
STG-DEC-00008-04,DEC-00008,4,OPTIMIZE,2026-06-15 10:00:12,COMPLETED,Candidate Ranking,OPT-03 selected (Score 92/100),Evaluated candidate options for -12m recovery
STG-DEC-00008-05,DEC-00008,5,DECIDE,2026-06-15 10:00:18,COMPLETED,L2_AUTO_EXECUTABLE Policy Check,Status: EXECUTED,Autonomy rule evaluation completed
STG-DEC-00008-06,DEC-00008,6,EXECUTE,2026-06-15 10:00:20,COMPLETED,Actuation Dispatch,Actuation command routed,Control payload delivered to terminal gateway
STG-DEC-00008-07,DEC-00008,7,VERIFY,2026-06-15 10:45:18,COMPLETED,Closed-Loop Recovery,Observed dwell delta reduction,Field telemetry feedback verified
STG-DEC-00008-08,DEC-00008,8,LOG,2026-06-15 10:45:25,COMPLETED,Audit Record Sealed,SHA-256 Digest Confirmed,Tamper-evident record sealed to immutable operational audit store
STG-DEC-00009-01,DEC-00009,1,SIGNAL,2026-06-15 16:00:12,COMPLETED,Trigger Received,Demand surge at PS10,Telemetry ingested from Smart Gate and SCADA DCS
STG-DEC-00009-02,DEC-00009,2,PREDICT,2026-06-15 16:00:21,COMPLETED,Predicted Dwell Blowout,84m turnaround (+19m above baseline SLA),Forecasted queue blowout with 91% confidence
STG-DEC-00009-03,DEC-00009,3,DIAGNOSE,2026-06-15 16:00:27,COMPLETED,Causal Attribution,Tank Recertification Hold,Bottleneck identified at PS10
STG-DEC-00009-04,DEC-00009,4,OPTIMIZE,2026-06-15 16:00:33,COMPLETED,Candidate Ranking,OPT-03 selected (Score 92/100),Evaluated candidate options for -14m recovery
STG-DEC-00009-05,DEC-00009,5,DECIDE,2026-06-15 16:00:39,COMPLETED,L2_AUTO_EXECUTABLE Policy Check,Status: EXECUTED,Autonomy rule evaluation completed
STG-DEC-00009-06,DEC-00009,6,EXECUTE,2026-06-15 16:00:41,COMPLETED,Actuation Dispatch,Actuation command routed,Control payload delivered to terminal gateway
STG-DEC-00009-07,DEC-00009,7,VERIFY,2026-06-15 16:45:39,COMPLETED,Closed-Loop Recovery,Observed dwell delta reduction,Field telemetry feedback verified
STG-DEC-00009-08,DEC-00009,8,LOG,2026-06-15 16:45:46,COMPLETED,Audit Record Sealed,SHA-256 Digest Confirmed,Tamper-evident record sealed to immutable operational audit store
STG-DEC-00010-01,DEC-00010,1,SIGNAL,2026-06-16 07:00:14,COMPLETED,Trigger Received,Demand surge at KOT-PS1,Telemetry ingested from Smart Gate and SCADA DCS
STG-DEC-00010-02,DEC-00010,2,PREDICT,2026-06-16 07:00:23,COMPLETED,Predicted Dwell Blowout,85m turnaround (+13m above baseline SLA),Forecasted queue blowout with 91% confidence
STG-DEC-00010-03,DEC-00010,3,DIAGNOSE,2026-06-16 07:00:29,COMPLETED,Causal Attribution,Morning Peak Arrival Surge,Bottleneck identified at KOT-PS1
STG-DEC-00010-04,DEC-00010,4,OPTIMIZE,2026-06-16 07:00:35,COMPLETED,Candidate Ranking,OPT-03 selected (Score 92/100),Evaluated candidate options for -9m recovery
STG-DEC-00010-05,DEC-00010,5,DECIDE,2026-06-16 07:00:41,COMPLETED,L1_ADVISORY Policy Check,Status: ADVISORY_POSTED,Autonomy rule evaluation completed
STG-DEC-00010-06,DEC-00010,6,EXECUTE,2026-06-16 07:00:43,SKIPPED,Actuation Dispatch,Actuation command routed,Control payload delivered to terminal gateway
STG-DEC-00010-07,DEC-00010,7,VERIFY,2026-06-16 07:45:41,SKIPPED,Closed-Loop Recovery,Observed dwell delta reduction,Field telemetry feedback verified
STG-DEC-00010-08,DEC-00010,8,LOG,2026-06-16 07:45:48,COMPLETED,Audit Record Sealed,SHA-256 Digest Confirmed,Tamper-evident record sealed to immutable operational audit store
STG-DEC-00011-01,DEC-00011,1,SIGNAL,2026-06-16 11:59:59,COMPLETED,Trigger Received,Demand surge at PS10,Telemetry ingested from Smart Gate and SCADA DCS
STG-DEC-00011-02,DEC-00011,2,PREDICT,2026-06-16 12:00:08,COMPLETED,Predicted Dwell Blowout,106m turnaround (+41m above baseline SLA),Forecasted queue blowout with 91% confidence
STG-DEC-00011-03,DEC-00011,3,DIAGNOSE,2026-06-16 12:00:14,COMPLETED,Causal Attribution,Gantry Queue Congestion + Slow Metering,Bottleneck identified at PS10
STG-DEC-00011-04,DEC-00011,4,OPTIMIZE,2026-06-16 12:00:20,COMPLETED,Candidate Ranking,OPT-03 selected (Score 92/100),Evaluated candidate options for -30m recovery
STG-DEC-00011-05,DEC-00011,5,DECIDE,2026-06-16 12:00:26,COMPLETED,L2_AUTO_EXECUTABLE Policy Check,Status: EXECUTED,Autonomy rule evaluation completed
STG-DEC-00011-06,DEC-00011,6,EXECUTE,2026-06-16 12:00:28,COMPLETED,Actuation Dispatch,Actuation command routed,Control payload delivered to terminal gateway
STG-DEC-00011-07,DEC-00011,7,VERIFY,2026-06-16 12:45:26,COMPLETED,Closed-Loop Recovery,Observed dwell delta reduction,Field telemetry feedback verified
STG-DEC-00011-08,DEC-00011,8,LOG,2026-06-16 12:45:33,COMPLETED,Audit Record Sealed,SHA-256 Digest Confirmed,Tamper-evident record sealed to immutable operational audit store
STG-DEC-00012-01,DEC-00012,1,SIGNAL,2026-06-16 19:59:50,COMPLETED,Trigger Received,Demand surge at PS10,Telemetry ingested from Smart Gate and SCADA DCS
STG-DEC-00012-02,DEC-00012,2,PREDICT,2026-06-16 19:59:59,COMPLETED,Predicted Dwell Blowout,83m turnaround (+18m above baseline SLA),Forecasted queue blowout with 91% confidence
STG-DEC-00012-03,DEC-00012,3,DIAGNOSE,2026-06-16 20:00:05,COMPLETED,Causal Attribution,Morning Peak Arrival Surge,Bottleneck identified at PS10
STG-DEC-00012-04,DEC-00012,4,OPTIMIZE,2026-06-16 20:00:11,COMPLETED,Candidate Ranking,OPT-03 selected (Score 92/100),Evaluated candidate options for -13m recovery
STG-DEC-00012-05,DEC-00012,5,DECIDE,2026-06-16 20:00:17,COMPLETED,L3_APPROVAL_REQUIRED Policy Check,Status: APPROVED,Autonomy rule evaluation completed
STG-DEC-00012-06,DEC-00012,6,EXECUTE,2026-06-16 20:00:19,COMPLETED,Actuation Dispatch,Actuation command routed,Control payload delivered to terminal gateway
STG-DEC-00012-07,DEC-00012,7,VERIFY,2026-06-16 20:45:17,COMPLETED,Closed-Loop Recovery,Observed dwell delta reduction,Field telemetry feedback verified
STG-DEC-00012-08,DEC-00012,8,LOG,2026-06-16 20:45:24,COMPLETED,Audit Record Sealed,SHA-256 Digest Confirmed,Tamper-evident record sealed to immutable operational audit store
STG-DEC-00013-01,DEC-00013,1,SIGNAL,2026-06-17 13:59:57,COMPLETED,Trigger Received,Demand surge at KOT-PS1,Telemetry ingested from Smart Gate and SCADA DCS
STG-DEC-00013-02,DEC-00013,2,PREDICT,2026-06-17 14:00:06,COMPLETED,Predicted Dwell Blowout,86m turnaround (+14m above baseline SLA),Forecasted queue blowout with 91% confidence
STG-DEC-00013-03,DEC-00013,3,DIAGNOSE,2026-06-17 14:00:12,COMPLETED,Causal Attribution,Gantry Queue Congestion + Slow Metering,Bottleneck identified at KOT-PS1
STG-DEC-00013-04,DEC-00013,4,OPTIMIZE,2026-06-17 14:00:18,COMPLETED,Candidate Ranking,OPT-03 selected (Score 92/100),Evaluated candidate options for -10m recovery
STG-DEC-00013-05,DEC-00013,5,DECIDE,2026-06-17 14:00:24,COMPLETED,L1_ADVISORY Policy Check,Status: ADVISORY_POSTED,Autonomy rule evaluation completed
STG-DEC-00013-06,DEC-00013,6,EXECUTE,2026-06-17 14:00:26,SKIPPED,Actuation Dispatch,Actuation command routed,Control payload delivered to terminal gateway
STG-DEC-00013-07,DEC-00013,7,VERIFY,2026-06-17 14:45:24,SKIPPED,Closed-Loop Recovery,Observed dwell delta reduction,Field telemetry feedback verified
STG-DEC-00013-08,DEC-00013,8,LOG,2026-06-17 14:45:31,COMPLETED,Audit Record Sealed,SHA-256 Digest Confirmed,Tamper-evident record sealed to immutable operational audit store
STG-DEC-00014-01,DEC-00014,1,SIGNAL,2026-06-18 00:00:09,COMPLETED,Trigger Received,Demand surge at PS27,Telemetry ingested from Smart Gate and SCADA DCS
STG-DEC-00014-02,DEC-00014,2,PREDICT,2026-06-18 00:00:18,COMPLETED,Predicted Dwell Blowout,94m turnaround (+44m above baseline SLA),Forecasted queue blowout with 91% confidence
STG-DEC-00014-03,DEC-00014,3,DIAGNOSE,2026-06-18 00:00:24,COMPLETED,Causal Attribution,Loading Position Offline for Maintenance,Bottleneck identified at PS27
STG-DEC-00014-04,DEC-00014,4,OPTIMIZE,2026-06-18 00:00:30,COMPLETED,Candidate Ranking,OPT-03 selected (Score 92/100),Evaluated candidate options for -33m recovery
STG-DEC-00014-05,DEC-00014,5,DECIDE,2026-06-18 00:00:36,COMPLETED,L2_AUTO_EXECUTABLE Policy Check,Status: EXECUTED,Autonomy rule evaluation completed
STG-DEC-00014-06,DEC-00014,6,EXECUTE,2026-06-18 00:00:38,COMPLETED,Actuation Dispatch,Actuation command routed,Control payload delivered to terminal gateway
STG-DEC-00014-07,DEC-00014,7,VERIFY,2026-06-18 00:45:36,COMPLETED,Closed-Loop Recovery,Observed dwell delta reduction,Field telemetry feedback verified
STG-DEC-00014-08,DEC-00014,8,LOG,2026-06-18 00:45:43,COMPLETED,Audit Record Sealed,SHA-256 Digest Confirmed,Tamper-evident record sealed to immutable operational audit store
STG-DEC-00015-01,DEC-00015,1,SIGNAL,2026-06-18 12:00:10,COMPLETED,Trigger Received,Demand surge at KOT-PS1,Telemetry ingested from Smart Gate and SCADA DCS
STG-DEC-00015-02,DEC-00015,2,PREDICT,2026-06-18 12:00:19,COMPLETED,Predicted Dwell Blowout,113m turnaround (+41m above baseline SLA),Forecasted queue blowout with 91% confidence
STG-DEC-00015-03,DEC-00015,3,DIAGNOSE,2026-06-18 12:00:25,COMPLETED,Causal Attribution,Gantry Queue Congestion + Slow Metering,Bottleneck identified at KOT-PS1
STG-DEC-00015-04,DEC-00015,4,OPTIMIZE,2026-06-18 12:00:31,COMPLETED,Candidate Ranking,OPT-03 selected (Score 92/100),Evaluated candidate options for -30m recovery
STG-DEC-00015-05,DEC-00015,5,DECIDE,2026-06-18 12:00:37,COMPLETED,L2_AUTO_EXECUTABLE Policy Check,Status: EXECUTED,Autonomy rule evaluation completed
STG-DEC-00015-06,DEC-00015,6,EXECUTE,2026-06-18 12:00:39,COMPLETED,Actuation Dispatch,Actuation command routed,Control payload delivered to terminal gateway
STG-DEC-00015-07,DEC-00015,7,VERIFY,2026-06-18 12:45:37,COMPLETED,Closed-Loop Recovery,Observed dwell delta reduction,Field telemetry feedback verified
STG-DEC-00015-08,DEC-00015,8,LOG,2026-06-18 12:45:44,COMPLETED,Audit Record Sealed,SHA-256 Digest Confirmed,Tamper-evident record sealed to immutable operational audit store
STG-DEC-00016-01,DEC-00016,1,SIGNAL,2026-06-18 23:59:55,COMPLETED,Trigger Received,Demand surge at PS28,Telemetry ingested from Smart Gate and SCADA DCS
STG-DEC-00016-02,DEC-00016,2,PREDICT,2026-06-19 00:00:04,COMPLETED,Predicted Dwell Blowout,64m turnaround (+19m above baseline SLA),Forecasted queue blowout with 91% confidence
STG-DEC-00016-03,DEC-00016,3,DIAGNOSE,2026-06-19 00:00:10,COMPLETED,Causal Attribution,Gantry Queue Congestion + Slow Metering,Bottleneck identified at PS28
STG-DEC-00016-04,DEC-00016,4,OPTIMIZE,2026-06-19 00:00:16,COMPLETED,Candidate Ranking,OPT-03 selected (Score 92/100),Evaluated candidate options for -14m recovery
STG-DEC-00016-05,DEC-00016,5,DECIDE,2026-06-19 00:00:22,COMPLETED,L2_AUTO_EXECUTABLE Policy Check,Status: EXECUTED,Autonomy rule evaluation completed
STG-DEC-00016-06,DEC-00016,6,EXECUTE,2026-06-19 00:00:24,COMPLETED,Actuation Dispatch,Actuation command routed,Control payload delivered to terminal gateway
STG-DEC-00016-07,DEC-00016,7,VERIFY,2026-06-19 00:45:22,COMPLETED,Closed-Loop Recovery,Observed dwell delta reduction,Field telemetry feedback verified
STG-DEC-00016-08,DEC-00016,8,LOG,2026-06-19 00:45:29,COMPLETED,Audit Record Sealed,SHA-256 Digest Confirmed,Tamper-evident record sealed to immutable operational audit store
STG-DEC-00017-01,DEC-00017,1,SIGNAL,2026-06-19 11:00:16,COMPLETED,Trigger Received,Demand surge at PS10,Telemetry ingested from Smart Gate and SCADA DCS
STG-DEC-00017-02,DEC-00017,2,PREDICT,2026-06-19 11:00:25,COMPLETED,Predicted Dwell Blowout,71m turnaround (+6m above baseline SLA),Forecasted queue blowout with 91% confidence
STG-DEC-00017-03,DEC-00017,3,DIAGNOSE,2026-06-19 11:00:31,COMPLETED,Causal Attribution,Loading Position Offline for Maintenance,Bottleneck identified at PS10
STG-DEC-00017-04,DEC-00017,4,OPTIMIZE,2026-06-19 11:00:37,COMPLETED,Candidate Ranking,OPT-03 selected (Score 92/100),Evaluated candidate options for -4m recovery
STG-DEC-00017-05,DEC-00017,5,DECIDE,2026-06-19 11:00:43,BLOCKED,L1_ADVISORY Policy Check,Status: BLOCKED_BY_POLICY,Autonomy rule evaluation completed
STG-DEC-00017-06,DEC-00017,6,EXECUTE,2026-06-19 11:00:45,SKIPPED,Actuation Dispatch,Actuation command routed,Control payload delivered to terminal gateway
STG-DEC-00017-07,DEC-00017,7,VERIFY,2026-06-19 11:45:43,SKIPPED,Closed-Loop Recovery,Observed dwell delta reduction,Field telemetry feedback verified
STG-DEC-00017-08,DEC-00017,8,LOG,2026-06-19 11:45:50,COMPLETED,Audit Record Sealed,SHA-256 Digest Confirmed,Tamper-evident record sealed to immutable operational audit store
STG-DEC-00018-01,DEC-00018,1,SIGNAL,2026-06-20 00:00:09,COMPLETED,Trigger Received,Demand surge at PS25,Telemetry ingested from Smart Gate and SCADA DCS
STG-DEC-00018-02,DEC-00018,2,PREDICT,2026-06-20 00:00:18,COMPLETED,Predicted Dwell Blowout,74m turnaround (+16m above baseline SLA),Forecasted queue blowout with 91% confidence
STG-DEC-00018-03,DEC-00018,3,DIAGNOSE,2026-06-20 00:00:24,COMPLETED,Causal Attribution,Tank Recertification Hold,Bottleneck identified at PS25
STG-DEC-00018-04,DEC-00018,4,OPTIMIZE,2026-06-20 00:00:30,COMPLETED,Candidate Ranking,OPT-03 selected (Score 92/100),Evaluated candidate options for -12m recovery
STG-DEC-00018-05,DEC-00018,5,DECIDE,2026-06-20 00:00:36,COMPLETED,L1_ADVISORY Policy Check,Status: ADVISORY_POSTED,Autonomy rule evaluation completed
STG-DEC-00018-06,DEC-00018,6,EXECUTE,2026-06-20 00:00:38,SKIPPED,Actuation Dispatch,Actuation command routed,Control payload delivered to terminal gateway
STG-DEC-00018-07,DEC-00018,7,VERIFY,2026-06-20 00:45:36,SKIPPED,Closed-Loop Recovery,Observed dwell delta reduction,Field telemetry feedback verified
STG-DEC-00018-08,DEC-00018,8,LOG,2026-06-20 00:45:43,COMPLETED,Audit Record Sealed,SHA-256 Digest Confirmed,Tamper-evident record sealed to immutable operational audit store
STG-DEC-00019-01,DEC-00019,1,SIGNAL,2026-06-20 07:59:50,COMPLETED,Trigger Received,Demand surge at PS10,Telemetry ingested from Smart Gate and SCADA DCS
STG-DEC-00019-02,DEC-00019,2,PREDICT,2026-06-20 07:59:59,COMPLETED,Predicted Dwell Blowout,77m turnaround (+12m above baseline SLA),Forecasted queue blowout with 91% confidence
STG-DEC-00019-03,DEC-00019,3,DIAGNOSE,2026-06-20 08:00:05,COMPLETED,Causal Attribution,Tank Recertification Hold,Bottleneck identified at PS10
STG-DEC-00019-04,DEC-00019,4,OPTIMIZE,2026-06-20 08:00:11,COMPLETED,Candidate Ranking,OPT-03 selected (Score 92/100),Evaluated candidate options for -9m recovery
STG-DEC-00019-05,DEC-00019,5,DECIDE,2026-06-20 08:00:17,COMPLETED,L3_APPROVAL_REQUIRED Policy Check,Status: APPROVED,Autonomy rule evaluation completed
STG-DEC-00019-06,DEC-00019,6,EXECUTE,2026-06-20 08:00:19,COMPLETED,Actuation Dispatch,Actuation command routed,Control payload delivered to terminal gateway
STG-DEC-00019-07,DEC-00019,7,VERIFY,2026-06-20 08:45:17,COMPLETED,Closed-Loop Recovery,Observed dwell delta reduction,Field telemetry feedback verified
STG-DEC-00019-08,DEC-00019,8,LOG,2026-06-20 08:45:24,COMPLETED,Audit Record Sealed,SHA-256 Digest Confirmed,Tamper-evident record sealed to immutable operational audit store
STG-DEC-00020-01,DEC-00020,1,SIGNAL,2026-06-21 04:59:54,COMPLETED,Trigger Received,Demand surge at PS10,Telemetry ingested from Smart Gate and SCADA DCS
STG-DEC-00020-02,DEC-00020,2,PREDICT,2026-06-21 05:00:03,COMPLETED,Predicted Dwell Blowout,77m turnaround (+12m above baseline SLA),Forecasted queue blowout with 91% confidence
STG-DEC-00020-03,DEC-00020,3,DIAGNOSE,2026-06-21 05:00:09,COMPLETED,Causal Attribution,Flow Meter Temperature Sensor Drift,Bottleneck identified at PS10
STG-DEC-00020-04,DEC-00020,4,OPTIMIZE,2026-06-21 05:00:15,COMPLETED,Candidate Ranking,OPT-03 selected (Score 92/100),Evaluated candidate options for -9m recovery
STG-DEC-00020-05,DEC-00020,5,DECIDE,2026-06-21 05:00:21,COMPLETED,L2_AUTO_EXECUTABLE Policy Check,Status: EXECUTED,Autonomy rule evaluation completed
STG-DEC-00020-06,DEC-00020,6,EXECUTE,2026-06-21 05:00:23,COMPLETED,Actuation Dispatch,Actuation command routed,Control payload delivered to terminal gateway
STG-DEC-00020-07,DEC-00020,7,VERIFY,2026-06-21 05:45:21,COMPLETED,Closed-Loop Recovery,Observed dwell delta reduction,Field telemetry feedback verified
STG-DEC-00020-08,DEC-00020,8,LOG,2026-06-21 05:45:28,COMPLETED,Audit Record Sealed,SHA-256 Digest Confirmed,Tamper-evident record sealed to immutable operational audit store
STG-DEC-00021-01,DEC-00021,1,SIGNAL,2026-06-21 09:59:50,COMPLETED,Trigger Received,Demand surge at PS10,Telemetry ingested from Smart Gate and SCADA DCS
STG-DEC-00021-02,DEC-00021,2,PREDICT,2026-06-21 09:59:59,COMPLETED,Predicted Dwell Blowout,81m turnaround (+16m above baseline SLA),Forecasted queue blowout with 91% confidence
STG-DEC-00021-03,DEC-00021,3,DIAGNOSE,2026-06-21 10:00:05,COMPLETED,Causal Attribution,Flow Meter Temperature Sensor Drift,Bottleneck identified at PS10
STG-DEC-00021-04,DEC-00021,4,OPTIMIZE,2026-06-21 10:00:11,COMPLETED,Candidate Ranking,OPT-03 selected (Score 92/100),Evaluated candidate options for -12m recovery
STG-DEC-00021-05,DEC-00021,5,DECIDE,2026-06-21 10:00:17,COMPLETED,L2_AUTO_EXECUTABLE Policy Check,Status: EXECUTED,Autonomy rule evaluation completed
STG-DEC-00021-06,DEC-00021,6,EXECUTE,2026-06-21 10:00:19,COMPLETED,Actuation Dispatch,Actuation command routed,Control payload delivered to terminal gateway
STG-DEC-00021-07,DEC-00021,7,VERIFY,2026-06-21 10:45:17,COMPLETED,Closed-Loop Recovery,Observed dwell delta reduction,Field telemetry feedback verified
STG-DEC-00021-08,DEC-00021,8,LOG,2026-06-21 10:45:24,COMPLETED,Audit Record Sealed,SHA-256 Digest Confirmed,Tamper-evident record sealed to immutable operational audit store
STG-DEC-00022-01,DEC-00022,1,SIGNAL,2026-06-22 03:00:11,COMPLETED,Trigger Received,Demand surge at PS25,Telemetry ingested from Smart Gate and SCADA DCS
STG-DEC-00022-02,DEC-00022,2,PREDICT,2026-06-22 03:00:20,COMPLETED,Predicted Dwell Blowout,89m turnaround (+31m above baseline SLA),Forecasted queue blowout with 91% confidence
STG-DEC-00022-03,DEC-00022,3,DIAGNOSE,2026-06-22 03:00:26,COMPLETED,Causal Attribution,Loading Position Offline for Maintenance,Bottleneck identified at PS25
STG-DEC-00022-04,DEC-00022,4,OPTIMIZE,2026-06-22 03:00:32,COMPLETED,Candidate Ranking,OPT-03 selected (Score 92/100),Evaluated candidate options for -23m recovery
STG-DEC-00022-05,DEC-00022,5,DECIDE,2026-06-22 03:00:38,COMPLETED,L2_AUTO_EXECUTABLE Policy Check,Status: EXECUTED,Autonomy rule evaluation completed
STG-DEC-00022-06,DEC-00022,6,EXECUTE,2026-06-22 03:00:40,COMPLETED,Actuation Dispatch,Actuation command routed,Control payload delivered to terminal gateway
STG-DEC-00022-07,DEC-00022,7,VERIFY,2026-06-22 03:45:38,COMPLETED,Closed-Loop Recovery,Observed dwell delta reduction,Field telemetry feedback verified
STG-DEC-00022-08,DEC-00022,8,LOG,2026-06-22 03:45:45,COMPLETED,Audit Record Sealed,SHA-256 Digest Confirmed,Tamper-evident record sealed to immutable operational audit store
STG-DEC-00023-01,DEC-00023,1,SIGNAL,2026-06-22 05:00:11,COMPLETED,Trigger Received,Demand surge at PS10,Telemetry ingested from Smart Gate and SCADA DCS
STG-DEC-00023-02,DEC-00023,2,PREDICT,2026-06-22 05:00:20,COMPLETED,Predicted Dwell Blowout,83m turnaround (+18m above baseline SLA),Forecasted queue blowout with 91% confidence
STG-DEC-00023-03,DEC-00023,3,DIAGNOSE,2026-06-22 05:00:26,COMPLETED,Causal Attribution,Flow Meter Temperature Sensor Drift,Bottleneck identified at PS10
STG-DEC-00023-04,DEC-00023,4,OPTIMIZE,2026-06-22 05:00:32,COMPLETED,Candidate Ranking,OPT-03 selected (Score 92/100),Evaluated candidate options for -13m recovery
STG-DEC-00023-05,DEC-00023,5,DECIDE,2026-06-22 05:00:38,COMPLETED,L1_ADVISORY Policy Check,Status: ADVISORY_POSTED,Autonomy rule evaluation completed
STG-DEC-00023-06,DEC-00023,6,EXECUTE,2026-06-22 05:00:40,SKIPPED,Actuation Dispatch,Actuation command routed,Control payload delivered to terminal gateway
STG-DEC-00023-07,DEC-00023,7,VERIFY,2026-06-22 05:45:38,SKIPPED,Closed-Loop Recovery,Observed dwell delta reduction,Field telemetry feedback verified
STG-DEC-00023-08,DEC-00023,8,LOG,2026-06-22 05:45:45,COMPLETED,Audit Record Sealed,SHA-256 Digest Confirmed,Tamper-evident record sealed to immutable operational audit store
STG-DEC-00024-01,DEC-00024,1,SIGNAL,2026-06-22 11:00:04,COMPLETED,Trigger Received,Demand surge at PS27,Telemetry ingested from Smart Gate and SCADA DCS
STG-DEC-00024-02,DEC-00024,2,PREDICT,2026-06-22 11:00:13,COMPLETED,Predicted Dwell Blowout,76m turnaround (+26m above baseline SLA),Forecasted queue blowout with 91% confidence
STG-DEC-00024-03,DEC-00024,3,DIAGNOSE,2026-06-22 11:00:19,COMPLETED,Causal Attribution,Clustered Transporter Arrivals,Bottleneck identified at PS27
STG-DEC-00024-04,DEC-00024,4,OPTIMIZE,2026-06-22 11:00:25,COMPLETED,Candidate Ranking,OPT-03 selected (Score 92/100),Evaluated candidate options for -19m recovery
STG-DEC-00024-05,DEC-00024,5,DECIDE,2026-06-22 11:00:31,COMPLETED,L2_AUTO_EXECUTABLE Policy Check,Status: EXECUTED,Autonomy rule evaluation completed
STG-DEC-00024-06,DEC-00024,6,EXECUTE,2026-06-22 11:00:33,COMPLETED,Actuation Dispatch,Actuation command routed,Control payload delivered to terminal gateway
STG-DEC-00024-07,DEC-00024,7,VERIFY,2026-06-22 11:45:31,COMPLETED,Closed-Loop Recovery,Observed dwell delta reduction,Field telemetry feedback verified
STG-DEC-00024-08,DEC-00024,8,LOG,2026-06-22 11:45:38,COMPLETED,Audit Record Sealed,SHA-256 Digest Confirmed,Tamper-evident record sealed to immutable operational audit store
STG-DEC-00025-01,DEC-00025,1,SIGNAL,2026-06-22 15:59:57,COMPLETED,Trigger Received,Demand surge at KOT-PS1,Telemetry ingested from Smart Gate and SCADA DCS
STG-DEC-00025-02,DEC-00025,2,PREDICT,2026-06-22 16:00:06,COMPLETED,Predicted Dwell Blowout,90m turnaround (+18m above baseline SLA),Forecasted queue blowout with 91% confidence
STG-DEC-00025-03,DEC-00025,3,DIAGNOSE,2026-06-22 16:00:12,COMPLETED,Causal Attribution,Loading Position Offline for Maintenance,Bottleneck identified at KOT-PS1
STG-DEC-00025-04,DEC-00025,4,OPTIMIZE,2026-06-22 16:00:18,COMPLETED,Candidate Ranking,OPT-03 selected (Score 92/100),Evaluated candidate options for -13m recovery
STG-DEC-00025-05,DEC-00025,5,DECIDE,2026-06-22 16:00:24,BLOCKED,L1_ADVISORY Policy Check,Status: BLOCKED_BY_POLICY,Autonomy rule evaluation completed
STG-DEC-00025-06,DEC-00025,6,EXECUTE,2026-06-22 16:00:26,SKIPPED,Actuation Dispatch,Actuation command routed,Control payload delivered to terminal gateway
STG-DEC-00025-07,DEC-00025,7,VERIFY,2026-06-22 16:45:24,SKIPPED,Closed-Loop Recovery,Observed dwell delta reduction,Field telemetry feedback verified
STG-DEC-00025-08,DEC-00025,8,LOG,2026-06-22 16:45:31,COMPLETED,Audit Record Sealed,SHA-256 Digest Confirmed,Tamper-evident record sealed to immutable operational audit store
STG-DEC-00026-01,DEC-00026,1,SIGNAL,2026-06-22 18:00:02,COMPLETED,Trigger Received,Demand surge at PS10,Telemetry ingested from Smart Gate and SCADA DCS
STG-DEC-00026-02,DEC-00026,2,PREDICT,2026-06-22 18:00:11,COMPLETED,Predicted Dwell Blowout,110m turnaround (+45m above baseline SLA),Forecasted queue blowout with 91% confidence
STG-DEC-00026-03,DEC-00026,3,DIAGNOSE,2026-06-22 18:00:17,COMPLETED,Causal Attribution,Flow Meter Temperature Sensor Drift,Bottleneck identified at PS10
STG-DEC-00026-04,DEC-00026,4,OPTIMIZE,2026-06-22 18:00:23,COMPLETED,Candidate Ranking,OPT-03 selected (Score 92/100),Evaluated candidate options for -33m recovery
STG-DEC-00026-05,DEC-00026,5,DECIDE,2026-06-22 18:00:29,COMPLETED,L2_AUTO_EXECUTABLE Policy Check,Status: EXECUTED,Autonomy rule evaluation completed
STG-DEC-00026-06,DEC-00026,6,EXECUTE,2026-06-22 18:00:31,COMPLETED,Actuation Dispatch,Actuation command routed,Control payload delivered to terminal gateway
STG-DEC-00026-07,DEC-00026,7,VERIFY,2026-06-22 18:45:29,COMPLETED,Closed-Loop Recovery,Observed dwell delta reduction,Field telemetry feedback verified
STG-DEC-00026-08,DEC-00026,8,LOG,2026-06-22 18:45:36,COMPLETED,Audit Record Sealed,SHA-256 Digest Confirmed,Tamper-evident record sealed to immutable operational audit store
STG-DEC-00027-01,DEC-00027,1,SIGNAL,2026-06-24 01:59:51,COMPLETED,Trigger Received,Demand surge at PS25,Telemetry ingested from Smart Gate and SCADA DCS
STG-DEC-00027-02,DEC-00027,2,PREDICT,2026-06-24 02:00:00,COMPLETED,Predicted Dwell Blowout,88m turnaround (+30m above baseline SLA),Forecasted queue blowout with 91% confidence
STG-DEC-00027-03,DEC-00027,3,DIAGNOSE,2026-06-24 02:00:06,COMPLETED,Causal Attribution,Tank Recertification Hold,Bottleneck identified at PS25
STG-DEC-00027-04,DEC-00027,4,OPTIMIZE,2026-06-24 02:00:12,COMPLETED,Candidate Ranking,OPT-03 selected (Score 92/100),Evaluated candidate options for -22m recovery
STG-DEC-00027-05,DEC-00027,5,DECIDE,2026-06-24 02:00:18,COMPLETED,L3_APPROVAL_REQUIRED Policy Check,Status: APPROVED,Autonomy rule evaluation completed
STG-DEC-00027-06,DEC-00027,6,EXECUTE,2026-06-24 02:00:20,COMPLETED,Actuation Dispatch,Actuation command routed,Control payload delivered to terminal gateway
STG-DEC-00027-07,DEC-00027,7,VERIFY,2026-06-24 02:45:18,COMPLETED,Closed-Loop Recovery,Observed dwell delta reduction,Field telemetry feedback verified
STG-DEC-00027-08,DEC-00027,8,LOG,2026-06-24 02:45:25,COMPLETED,Audit Record Sealed,SHA-256 Digest Confirmed,Tamper-evident record sealed to immutable operational audit store
STG-DEC-00028-01,DEC-00028,1,SIGNAL,2026-06-24 04:00:04,COMPLETED,Trigger Received,Demand surge at PS10,Telemetry ingested from Smart Gate and SCADA DCS
STG-DEC-00028-02,DEC-00028,2,PREDICT,2026-06-24 04:00:13,COMPLETED,Predicted Dwell Blowout,79m turnaround (+14m above baseline SLA),Forecasted queue blowout with 91% confidence
STG-DEC-00028-03,DEC-00028,3,DIAGNOSE,2026-06-24 04:00:19,COMPLETED,Causal Attribution,Morning Peak Arrival Surge,Bottleneck identified at PS10
STG-DEC-00028-04,DEC-00028,4,OPTIMIZE,2026-06-24 04:00:25,COMPLETED,Candidate Ranking,OPT-03 selected (Score 92/100),Evaluated candidate options for -10m recovery
STG-DEC-00028-05,DEC-00028,5,DECIDE,2026-06-24 04:00:31,COMPLETED,L2_AUTO_EXECUTABLE Policy Check,Status: EXECUTED,Autonomy rule evaluation completed
STG-DEC-00028-06,DEC-00028,6,EXECUTE,2026-06-24 04:00:33,COMPLETED,Actuation Dispatch,Actuation command routed,Control payload delivered to terminal gateway
STG-DEC-00028-07,DEC-00028,7,VERIFY,2026-06-24 04:45:31,COMPLETED,Closed-Loop Recovery,Observed dwell delta reduction,Field telemetry feedback verified
STG-DEC-00028-08,DEC-00028,8,LOG,2026-06-24 04:45:38,COMPLETED,Audit Record Sealed,SHA-256 Digest Confirmed,Tamper-evident record sealed to immutable operational audit store
STG-DEC-00029-01,DEC-00029,1,SIGNAL,2026-06-24 08:00:04,COMPLETED,Trigger Received,Demand surge at PS10,Telemetry ingested from Smart Gate and SCADA DCS
STG-DEC-00029-02,DEC-00029,2,PREDICT,2026-06-24 08:00:13,COMPLETED,Predicted Dwell Blowout,75m turnaround (+10m above baseline SLA),Forecasted queue blowout with 91% confidence
STG-DEC-00029-03,DEC-00029,3,DIAGNOSE,2026-06-24 08:00:19,COMPLETED,Causal Attribution,Loading Position Offline for Maintenance,Bottleneck identified at PS10
STG-DEC-00029-04,DEC-00029,4,OPTIMIZE,2026-06-24 08:00:25,COMPLETED,Candidate Ranking,OPT-03 selected (Score 92/100),Evaluated candidate options for -7m recovery
STG-DEC-00029-05,DEC-00029,5,DECIDE,2026-06-24 08:00:31,COMPLETED,L1_ADVISORY Policy Check,Status: ADVISORY_POSTED,Autonomy rule evaluation completed
STG-DEC-00029-06,DEC-00029,6,EXECUTE,2026-06-24 08:00:33,SKIPPED,Actuation Dispatch,Actuation command routed,Control payload delivered to terminal gateway
STG-DEC-00029-07,DEC-00029,7,VERIFY,2026-06-24 08:45:31,SKIPPED,Closed-Loop Recovery,Observed dwell delta reduction,Field telemetry feedback verified
STG-DEC-00029-08,DEC-00029,8,LOG,2026-06-24 08:45:38,COMPLETED,Audit Record Sealed,SHA-256 Digest Confirmed,Tamper-evident record sealed to immutable operational audit store
STG-DEC-00030-01,DEC-00030,1,SIGNAL,2026-06-24 09:59:56,COMPLETED,Trigger Received,Demand surge at PS27,Telemetry ingested from Smart Gate and SCADA DCS
STG-DEC-00030-02,DEC-00030,2,PREDICT,2026-06-24 10:00:05,COMPLETED,Predicted Dwell Blowout,63m turnaround (+13m above baseline SLA),Forecasted queue blowout with 91% confidence
STG-DEC-00030-03,DEC-00030,3,DIAGNOSE,2026-06-24 10:00:11,COMPLETED,Causal Attribution,Clustered Transporter Arrivals,Bottleneck identified at PS27
STG-DEC-00030-04,DEC-00030,4,OPTIMIZE,2026-06-24 10:00:17,COMPLETED,Candidate Ranking,OPT-03 selected (Score 92/100),Evaluated candidate options for -9m recovery
STG-DEC-00030-05,DEC-00030,5,DECIDE,2026-06-24 10:00:23,COMPLETED,L2_AUTO_EXECUTABLE Policy Check,Status: EXECUTED,Autonomy rule evaluation completed
STG-DEC-00030-06,DEC-00030,6,EXECUTE,2026-06-24 10:00:25,COMPLETED,Actuation Dispatch,Actuation command routed,Control payload delivered to terminal gateway
STG-DEC-00030-07,DEC-00030,7,VERIFY,2026-06-24 10:45:23,COMPLETED,Closed-Loop Recovery,Observed dwell delta reduction,Field telemetry feedback verified
STG-DEC-00030-08,DEC-00030,8,LOG,2026-06-24 10:45:30,COMPLETED,Audit Record Sealed,SHA-256 Digest Confirmed,Tamper-evident record sealed to immutable operational audit store
STG-DEC-00031-01,DEC-00031,1,SIGNAL,2026-06-25 01:59:52,COMPLETED,Trigger Received,Demand surge at KOT-PS1,Telemetry ingested from Smart Gate and SCADA DCS
STG-DEC-00031-02,DEC-00031,2,PREDICT,2026-06-25 02:00:01,COMPLETED,Predicted Dwell Blowout,92m turnaround (+20m above baseline SLA),Forecasted queue blowout with 91% confidence
STG-DEC-00031-03,DEC-00031,3,DIAGNOSE,2026-06-25 02:00:07,COMPLETED,Causal Attribution,Morning Peak Arrival Surge,Bottleneck identified at KOT-PS1
STG-DEC-00031-04,DEC-00031,4,OPTIMIZE,2026-06-25 02:00:13,COMPLETED,Candidate Ranking,OPT-03 selected (Score 92/100),Evaluated candidate options for -15m recovery
STG-DEC-00031-05,DEC-00031,5,DECIDE,2026-06-25 02:00:19,COMPLETED,L2_AUTO_EXECUTABLE Policy Check,Status: EXECUTED,Autonomy rule evaluation completed
STG-DEC-00031-06,DEC-00031,6,EXECUTE,2026-06-25 02:00:21,COMPLETED,Actuation Dispatch,Actuation command routed,Control payload delivered to terminal gateway
STG-DEC-00031-07,DEC-00031,7,VERIFY,2026-06-25 02:45:19,COMPLETED,Closed-Loop Recovery,Observed dwell delta reduction,Field telemetry feedback verified
STG-DEC-00031-08,DEC-00031,8,LOG,2026-06-25 02:45:26,COMPLETED,Audit Record Sealed,SHA-256 Digest Confirmed,Tamper-evident record sealed to immutable operational audit store
STG-DEC-00032-01,DEC-00032,1,SIGNAL,2026-06-25 14:59:56,COMPLETED,Trigger Received,Demand surge at KOT-PS1,Telemetry ingested from Smart Gate and SCADA DCS
STG-DEC-00032-02,DEC-00032,2,PREDICT,2026-06-25 15:00:05,COMPLETED,Predicted Dwell Blowout,91m turnaround (+19m above baseline SLA),Forecasted queue blowout with 91% confidence
STG-DEC-00032-03,DEC-00032,3,DIAGNOSE,2026-06-25 15:00:11,COMPLETED,Causal Attribution,Tank Recertification Hold,Bottleneck identified at KOT-PS1
STG-DEC-00032-04,DEC-00032,4,OPTIMIZE,2026-06-25 15:00:17,COMPLETED,Candidate Ranking,OPT-03 selected (Score 92/100),Evaluated candidate options for -14m recovery
STG-DEC-00032-05,DEC-00032,5,DECIDE,2026-06-25 15:00:23,COMPLETED,L1_ADVISORY Policy Check,Status: ADVISORY_POSTED,Autonomy rule evaluation completed
STG-DEC-00032-06,DEC-00032,6,EXECUTE,2026-06-25 15:00:25,SKIPPED,Actuation Dispatch,Actuation command routed,Control payload delivered to terminal gateway
STG-DEC-00032-07,DEC-00032,7,VERIFY,2026-06-25 15:45:23,SKIPPED,Closed-Loop Recovery,Observed dwell delta reduction,Field telemetry feedback verified
STG-DEC-00032-08,DEC-00032,8,LOG,2026-06-25 15:45:30,COMPLETED,Audit Record Sealed,SHA-256 Digest Confirmed,Tamper-evident record sealed to immutable operational audit store
STG-DEC-00033-01,DEC-00033,1,SIGNAL,2026-06-26 12:00:16,COMPLETED,Trigger Received,Demand surge at PS25,Telemetry ingested from Smart Gate and SCADA DCS
STG-DEC-00033-02,DEC-00033,2,PREDICT,2026-06-26 12:00:25,COMPLETED,Predicted Dwell Blowout,93m turnaround (+35m above baseline SLA),Forecasted queue blowout with 91% confidence
STG-DEC-00033-03,DEC-00033,3,DIAGNOSE,2026-06-26 12:00:31,COMPLETED,Causal Attribution,Flow Meter Temperature Sensor Drift,Bottleneck identified at PS25
STG-DEC-00033-04,DEC-00033,4,OPTIMIZE,2026-06-26 12:00:37,COMPLETED,Candidate Ranking,OPT-03 selected (Score 92/100),Evaluated candidate options for -26m recovery
STG-DEC-00033-05,DEC-00033,5,DECIDE,2026-06-26 12:00:43,COMPLETED,L2_AUTO_EXECUTABLE Policy Check,Status: EXECUTED,Autonomy rule evaluation completed
STG-DEC-00033-06,DEC-00033,6,EXECUTE,2026-06-26 12:00:45,COMPLETED,Actuation Dispatch,Actuation command routed,Control payload delivered to terminal gateway
STG-DEC-00033-07,DEC-00033,7,VERIFY,2026-06-26 12:45:43,COMPLETED,Closed-Loop Recovery,Observed dwell delta reduction,Field telemetry feedback verified
STG-DEC-00033-08,DEC-00033,8,LOG,2026-06-26 12:45:50,COMPLETED,Audit Record Sealed,SHA-256 Digest Confirmed,Tamper-evident record sealed to immutable operational audit store
STG-DEC-00034-01,DEC-00034,1,SIGNAL,2026-06-26 15:59:54,COMPLETED,Trigger Received,Demand surge at PS27,Telemetry ingested from Smart Gate and SCADA DCS
STG-DEC-00034-02,DEC-00034,2,PREDICT,2026-06-26 16:00:03,COMPLETED,Predicted Dwell Blowout,62m turnaround (+12m above baseline SLA),Forecasted queue blowout with 91% confidence
STG-DEC-00034-03,DEC-00034,3,DIAGNOSE,2026-06-26 16:00:09,COMPLETED,Causal Attribution,Flow Meter Temperature Sensor Drift,Bottleneck identified at PS27
STG-DEC-00034-04,DEC-00034,4,OPTIMIZE,2026-06-26 16:00:15,COMPLETED,Candidate Ranking,OPT-03 selected (Score 92/100),Evaluated candidate options for -9m recovery
STG-DEC-00034-05,DEC-00034,5,DECIDE,2026-06-26 16:00:21,COMPLETED,L2_AUTO_EXECUTABLE Policy Check,Status: EXECUTED,Autonomy rule evaluation completed
STG-DEC-00034-06,DEC-00034,6,EXECUTE,2026-06-26 16:00:23,COMPLETED,Actuation Dispatch,Actuation command routed,Control payload delivered to terminal gateway
STG-DEC-00034-07,DEC-00034,7,VERIFY,2026-06-26 16:45:21,COMPLETED,Closed-Loop Recovery,Observed dwell delta reduction,Field telemetry feedback verified
STG-DEC-00034-08,DEC-00034,8,LOG,2026-06-26 16:45:28,COMPLETED,Audit Record Sealed,SHA-256 Digest Confirmed,Tamper-evident record sealed to immutable operational audit store
STG-DEC-00035-01,DEC-00035,1,SIGNAL,2026-06-26 18:59:48,COMPLETED,Trigger Received,Demand surge at KOT-PS1,Telemetry ingested from Smart Gate and SCADA DCS
STG-DEC-00035-02,DEC-00035,2,PREDICT,2026-06-26 18:59:57,COMPLETED,Predicted Dwell Blowout,83m turnaround (+11m above baseline SLA),Forecasted queue blowout with 91% confidence
STG-DEC-00035-03,DEC-00035,3,DIAGNOSE,2026-06-26 19:00:03,COMPLETED,Causal Attribution,Gantry Queue Congestion + Slow Metering,Bottleneck identified at KOT-PS1
STG-DEC-00035-04,DEC-00035,4,OPTIMIZE,2026-06-26 19:00:09,COMPLETED,Candidate Ranking,OPT-03 selected (Score 92/100),Evaluated candidate options for -8m recovery
STG-DEC-00035-05,DEC-00035,5,DECIDE,2026-06-26 19:00:15,COMPLETED,L1_ADVISORY Policy Check,Status: ADVISORY_POSTED,Autonomy rule evaluation completed
STG-DEC-00035-06,DEC-00035,6,EXECUTE,2026-06-26 19:00:17,SKIPPED,Actuation Dispatch,Actuation command routed,Control payload delivered to terminal gateway
STG-DEC-00035-07,DEC-00035,7,VERIFY,2026-06-26 19:45:15,SKIPPED,Closed-Loop Recovery,Observed dwell delta reduction,Field telemetry feedback verified
STG-DEC-00035-08,DEC-00035,8,LOG,2026-06-26 19:45:22,COMPLETED,Audit Record Sealed,SHA-256 Digest Confirmed,Tamper-evident record sealed to immutable operational audit store
STG-DEC-00036-01,DEC-00036,1,SIGNAL,2026-06-27 00:00:03,COMPLETED,Trigger Received,Demand surge at PS10,Telemetry ingested from Smart Gate and SCADA DCS
STG-DEC-00036-02,DEC-00036,2,PREDICT,2026-06-27 00:00:12,COMPLETED,Predicted Dwell Blowout,105m turnaround (+40m above baseline SLA),Forecasted queue blowout with 91% confidence
STG-DEC-00036-03,DEC-00036,3,DIAGNOSE,2026-06-27 00:00:18,COMPLETED,Causal Attribution,Tank Recertification Hold,Bottleneck identified at PS10
STG-DEC-00036-04,DEC-00036,4,OPTIMIZE,2026-06-27 00:00:24,COMPLETED,Candidate Ranking,OPT-03 selected (Score 92/100),Evaluated candidate options for -30m recovery
STG-DEC-00036-05,DEC-00036,5,DECIDE,2026-06-27 00:00:30,COMPLETED,L2_AUTO_EXECUTABLE Policy Check,Status: EXECUTED,Autonomy rule evaluation completed
STG-DEC-00036-06,DEC-00036,6,EXECUTE,2026-06-27 00:00:32,COMPLETED,Actuation Dispatch,Actuation command routed,Control payload delivered to terminal gateway
STG-DEC-00036-07,DEC-00036,7,VERIFY,2026-06-27 00:45:30,COMPLETED,Closed-Loop Recovery,Observed dwell delta reduction,Field telemetry feedback verified
STG-DEC-00036-08,DEC-00036,8,LOG,2026-06-27 00:45:37,COMPLETED,Audit Record Sealed,SHA-256 Digest Confirmed,Tamper-evident record sealed to immutable operational audit store
STG-DEC-00037-01,DEC-00037,1,SIGNAL,2026-06-27 13:59:55,COMPLETED,Trigger Received,Demand surge at PS27,Telemetry ingested from Smart Gate and SCADA DCS
STG-DEC-00037-02,DEC-00037,2,PREDICT,2026-06-27 14:00:04,COMPLETED,Predicted Dwell Blowout,77m turnaround (+27m above baseline SLA),Forecasted queue blowout with 91% confidence
STG-DEC-00037-03,DEC-00037,3,DIAGNOSE,2026-06-27 14:00:10,COMPLETED,Causal Attribution,Loading Position Offline for Maintenance,Bottleneck identified at PS27
STG-DEC-00037-04,DEC-00037,4,OPTIMIZE,2026-06-27 14:00:16,COMPLETED,Candidate Ranking,OPT-03 selected (Score 92/100),Evaluated candidate options for -20m recovery
STG-DEC-00037-05,DEC-00037,5,DECIDE,2026-06-27 14:00:22,COMPLETED,L2_AUTO_EXECUTABLE Policy Check,Status: EXECUTED,Autonomy rule evaluation completed
STG-DEC-00037-06,DEC-00037,6,EXECUTE,2026-06-27 14:00:24,COMPLETED,Actuation Dispatch,Actuation command routed,Control payload delivered to terminal gateway
STG-DEC-00037-07,DEC-00037,7,VERIFY,2026-06-27 14:45:22,COMPLETED,Closed-Loop Recovery,Observed dwell delta reduction,Field telemetry feedback verified
STG-DEC-00037-08,DEC-00037,8,LOG,2026-06-27 14:45:29,COMPLETED,Audit Record Sealed,SHA-256 Digest Confirmed,Tamper-evident record sealed to immutable operational audit store
STG-DEC-00038-01,DEC-00038,1,SIGNAL,2026-06-27 19:59:58,COMPLETED,Trigger Received,Demand surge at PS10,Telemetry ingested from Smart Gate and SCADA DCS
STG-DEC-00038-02,DEC-00038,2,PREDICT,2026-06-27 20:00:07,COMPLETED,Predicted Dwell Blowout,103m turnaround (+38m above baseline SLA),Forecasted queue blowout with 91% confidence
STG-DEC-00038-03,DEC-00038,3,DIAGNOSE,2026-06-27 20:00:13,COMPLETED,Causal Attribution,Gantry Queue Congestion + Slow Metering,Bottleneck identified at PS10
STG-DEC-00038-04,DEC-00038,4,OPTIMIZE,2026-06-27 20:00:19,COMPLETED,Candidate Ranking,OPT-03 selected (Score 92/100),Evaluated candidate options for -28m recovery
STG-DEC-00038-05,DEC-00038,5,DECIDE,2026-06-27 20:00:25,COMPLETED,L2_AUTO_EXECUTABLE Policy Check,Status: EXECUTED,Autonomy rule evaluation completed
STG-DEC-00038-06,DEC-00038,6,EXECUTE,2026-06-27 20:00:27,COMPLETED,Actuation Dispatch,Actuation command routed,Control payload delivered to terminal gateway
STG-DEC-00038-07,DEC-00038,7,VERIFY,2026-06-27 20:45:25,COMPLETED,Closed-Loop Recovery,Observed dwell delta reduction,Field telemetry feedback verified
STG-DEC-00038-08,DEC-00038,8,LOG,2026-06-27 20:45:32,COMPLETED,Audit Record Sealed,SHA-256 Digest Confirmed,Tamper-evident record sealed to immutable operational audit store
STG-DEC-00039-01,DEC-00039,1,SIGNAL,2026-06-27 21:59:56,COMPLETED,Trigger Received,Demand surge at PS10,Telemetry ingested from Smart Gate and SCADA DCS
STG-DEC-00039-02,DEC-00039,2,PREDICT,2026-06-27 22:00:05,COMPLETED,Predicted Dwell Blowout,83m turnaround (+18m above baseline SLA),Forecasted queue blowout with 91% confidence
STG-DEC-00039-03,DEC-00039,3,DIAGNOSE,2026-06-27 22:00:11,COMPLETED,Causal Attribution,Tank Recertification Hold,Bottleneck identified at PS10
STG-DEC-00039-04,DEC-00039,4,OPTIMIZE,2026-06-27 22:00:17,COMPLETED,Candidate Ranking,OPT-03 selected (Score 92/100),Evaluated candidate options for -13m recovery
STG-DEC-00039-05,DEC-00039,5,DECIDE,2026-06-27 22:00:23,COMPLETED,L2_AUTO_EXECUTABLE Policy Check,Status: EXECUTED,Autonomy rule evaluation completed
STG-DEC-00039-06,DEC-00039,6,EXECUTE,2026-06-27 22:00:25,COMPLETED,Actuation Dispatch,Actuation command routed,Control payload delivered to terminal gateway
STG-DEC-00039-07,DEC-00039,7,VERIFY,2026-06-27 22:45:23,COMPLETED,Closed-Loop Recovery,Observed dwell delta reduction,Field telemetry feedback verified
STG-DEC-00039-08,DEC-00039,8,LOG,2026-06-27 22:45:30,COMPLETED,Audit Record Sealed,SHA-256 Digest Confirmed,Tamper-evident record sealed to immutable operational audit store
STG-DEC-00040-01,DEC-00040,1,SIGNAL,2026-06-28 09:59:59,COMPLETED,Trigger Received,Demand surge at KOT-PS1,Telemetry ingested from Smart Gate and SCADA DCS
STG-DEC-00040-02,DEC-00040,2,PREDICT,2026-06-28 10:00:08,COMPLETED,Predicted Dwell Blowout,79m turnaround (+7m above baseline SLA),Forecasted queue blowout with 91% confidence
STG-DEC-00040-03,DEC-00040,3,DIAGNOSE,2026-06-28 10:00:14,COMPLETED,Causal Attribution,Flow Meter Temperature Sensor Drift,Bottleneck identified at KOT-PS1
STG-DEC-00040-04,DEC-00040,4,OPTIMIZE,2026-06-28 10:00:20,COMPLETED,Candidate Ranking,OPT-03 selected (Score 92/100),Evaluated candidate options for -5m recovery
STG-DEC-00040-05,DEC-00040,5,DECIDE,2026-06-28 10:00:26,COMPLETED,L2_AUTO_EXECUTABLE Policy Check,Status: EXECUTED,Autonomy rule evaluation completed
STG-DEC-00040-06,DEC-00040,6,EXECUTE,2026-06-28 10:00:28,COMPLETED,Actuation Dispatch,Actuation command routed,Control payload delivered to terminal gateway
STG-DEC-00040-07,DEC-00040,7,VERIFY,2026-06-28 10:45:26,COMPLETED,Closed-Loop Recovery,Observed dwell delta reduction,Field telemetry feedback verified
STG-DEC-00040-08,DEC-00040,8,LOG,2026-06-28 10:45:33,COMPLETED,Audit Record Sealed,SHA-256 Digest Confirmed,Tamper-evident record sealed to immutable operational audit store
STG-DEC-00041-01,DEC-00041,1,SIGNAL,2026-06-28 14:00:00,COMPLETED,Trigger Received,Demand surge at PS10,Telemetry ingested from Smart Gate and SCADA DCS
STG-DEC-00041-02,DEC-00041,2,PREDICT,2026-06-28 14:00:09,COMPLETED,Predicted Dwell Blowout,93m turnaround (+28m above baseline SLA),Forecasted queue blowout with 91% confidence
STG-DEC-00041-03,DEC-00041,3,DIAGNOSE,2026-06-28 14:00:15,COMPLETED,Causal Attribution,Gantry Queue Congestion + Slow Metering,Bottleneck identified at PS10
STG-DEC-00041-04,DEC-00041,4,OPTIMIZE,2026-06-28 14:00:21,COMPLETED,Candidate Ranking,OPT-03 selected (Score 92/100),Evaluated candidate options for -21m recovery
STG-DEC-00041-05,DEC-00041,5,DECIDE,2026-06-28 14:00:27,COMPLETED,L2_AUTO_EXECUTABLE Policy Check,Status: EXECUTED,Autonomy rule evaluation completed
STG-DEC-00041-06,DEC-00041,6,EXECUTE,2026-06-28 14:00:29,COMPLETED,Actuation Dispatch,Actuation command routed,Control payload delivered to terminal gateway
STG-DEC-00041-07,DEC-00041,7,VERIFY,2026-06-28 14:45:27,COMPLETED,Closed-Loop Recovery,Observed dwell delta reduction,Field telemetry feedback verified
STG-DEC-00041-08,DEC-00041,8,LOG,2026-06-28 14:45:34,COMPLETED,Audit Record Sealed,SHA-256 Digest Confirmed,Tamper-evident record sealed to immutable operational audit store
STG-DEC-00042-01,DEC-00042,1,SIGNAL,2026-06-29 16:00:06,COMPLETED,Trigger Received,Demand surge at PS27,Telemetry ingested from Smart Gate and SCADA DCS
STG-DEC-00042-02,DEC-00042,2,PREDICT,2026-06-29 16:00:15,COMPLETED,Predicted Dwell Blowout,56m turnaround (+6m above baseline SLA),Forecasted queue blowout with 91% confidence
STG-DEC-00042-03,DEC-00042,3,DIAGNOSE,2026-06-29 16:00:21,COMPLETED,Causal Attribution,Tank Recertification Hold,Bottleneck identified at PS27
STG-DEC-00042-04,DEC-00042,4,OPTIMIZE,2026-06-29 16:00:27,COMPLETED,Candidate Ranking,OPT-03 selected (Score 92/100),Evaluated candidate options for -4m recovery
STG-DEC-00042-05,DEC-00042,5,DECIDE,2026-06-29 16:00:33,COMPLETED,L1_ADVISORY Policy Check,Status: ADVISORY_POSTED,Autonomy rule evaluation completed
STG-DEC-00042-06,DEC-00042,6,EXECUTE,2026-06-29 16:00:35,SKIPPED,Actuation Dispatch,Actuation command routed,Control payload delivered to terminal gateway
STG-DEC-00042-07,DEC-00042,7,VERIFY,2026-06-29 16:45:33,SKIPPED,Closed-Loop Recovery,Observed dwell delta reduction,Field telemetry feedback verified
STG-DEC-00042-08,DEC-00042,8,LOG,2026-06-29 16:45:40,COMPLETED,Audit Record Sealed,SHA-256 Digest Confirmed,Tamper-evident record sealed to immutable operational audit store
STG-DEC-00043-01,DEC-00043,1,SIGNAL,2026-06-29 18:00:18,COMPLETED,Trigger Received,Demand surge at PS10,Telemetry ingested from Smart Gate and SCADA DCS
STG-DEC-00043-02,DEC-00043,2,PREDICT,2026-06-29 18:00:27,COMPLETED,Predicted Dwell Blowout,76m turnaround (+11m above baseline SLA),Forecasted queue blowout with 91% confidence
STG-DEC-00043-03,DEC-00043,3,DIAGNOSE,2026-06-29 18:00:33,COMPLETED,Causal Attribution,Gantry Queue Congestion + Slow Metering,Bottleneck identified at PS10
STG-DEC-00043-04,DEC-00043,4,OPTIMIZE,2026-06-29 18:00:39,COMPLETED,Candidate Ranking,OPT-03 selected (Score 92/100),Evaluated candidate options for -8m recovery
STG-DEC-00043-05,DEC-00043,5,DECIDE,2026-06-29 18:00:45,COMPLETED,L1_ADVISORY Policy Check,Status: ADVISORY_POSTED,Autonomy rule evaluation completed
STG-DEC-00043-06,DEC-00043,6,EXECUTE,2026-06-29 18:00:47,SKIPPED,Actuation Dispatch,Actuation command routed,Control payload delivered to terminal gateway
STG-DEC-00043-07,DEC-00043,7,VERIFY,2026-06-29 18:45:45,SKIPPED,Closed-Loop Recovery,Observed dwell delta reduction,Field telemetry feedback verified
STG-DEC-00043-08,DEC-00043,8,LOG,2026-06-29 18:45:52,COMPLETED,Audit Record Sealed,SHA-256 Digest Confirmed,Tamper-evident record sealed to immutable operational audit store
STG-DEC-00044-01,DEC-00044,1,SIGNAL,2026-06-30 04:59:52,COMPLETED,Trigger Received,Demand surge at PS25,Telemetry ingested from Smart Gate and SCADA DCS
STG-DEC-00044-02,DEC-00044,2,PREDICT,2026-06-30 05:00:01,COMPLETED,Predicted Dwell Blowout,67m turnaround (+9m above baseline SLA),Forecasted queue blowout with 91% confidence
STG-DEC-00044-03,DEC-00044,3,DIAGNOSE,2026-06-30 05:00:07,COMPLETED,Causal Attribution,Clustered Transporter Arrivals,Bottleneck identified at PS25
STG-DEC-00044-04,DEC-00044,4,OPTIMIZE,2026-06-30 05:00:13,COMPLETED,Candidate Ranking,OPT-03 selected (Score 92/100),Evaluated candidate options for -6m recovery
STG-DEC-00044-05,DEC-00044,5,DECIDE,2026-06-30 05:00:19,COMPLETED,L1_ADVISORY Policy Check,Status: ADVISORY_POSTED,Autonomy rule evaluation completed
STG-DEC-00044-06,DEC-00044,6,EXECUTE,2026-06-30 05:00:21,SKIPPED,Actuation Dispatch,Actuation command routed,Control payload delivered to terminal gateway
STG-DEC-00044-07,DEC-00044,7,VERIFY,2026-06-30 05:45:19,SKIPPED,Closed-Loop Recovery,Observed dwell delta reduction,Field telemetry feedback verified
STG-DEC-00044-08,DEC-00044,8,LOG,2026-06-30 05:45:26,COMPLETED,Audit Record Sealed,SHA-256 Digest Confirmed,Tamper-evident record sealed to immutable operational audit store
STG-DEC-00045-01,DEC-00045,1,SIGNAL,2026-06-30 06:59:50,COMPLETED,Trigger Received,Demand surge at PS25,Telemetry ingested from Smart Gate and SCADA DCS
STG-DEC-00045-02,DEC-00045,2,PREDICT,2026-06-30 06:59:59,COMPLETED,Predicted Dwell Blowout,64m turnaround (+6m above baseline SLA),Forecasted queue blowout with 91% confidence
STG-DEC-00045-03,DEC-00045,3,DIAGNOSE,2026-06-30 07:00:05,COMPLETED,Causal Attribution,Flow Meter Temperature Sensor Drift,Bottleneck identified at PS25
STG-DEC-00045-04,DEC-00045,4,OPTIMIZE,2026-06-30 07:00:11,COMPLETED,Candidate Ranking,OPT-03 selected (Score 92/100),Evaluated candidate options for -4m recovery
STG-DEC-00045-05,DEC-00045,5,DECIDE,2026-06-30 07:00:17,COMPLETED,L2_AUTO_EXECUTABLE Policy Check,Status: EXECUTED,Autonomy rule evaluation completed
STG-DEC-00045-06,DEC-00045,6,EXECUTE,2026-06-30 07:00:19,COMPLETED,Actuation Dispatch,Actuation command routed,Control payload delivered to terminal gateway
STG-DEC-00045-07,DEC-00045,7,VERIFY,2026-06-30 07:45:17,COMPLETED,Closed-Loop Recovery,Observed dwell delta reduction,Field telemetry feedback verified
STG-DEC-00045-08,DEC-00045,8,LOG,2026-06-30 07:45:24,COMPLETED,Audit Record Sealed,SHA-256 Digest Confirmed,Tamper-evident record sealed to immutable operational audit store
STG-DEC-00046-01,DEC-00046,1,SIGNAL,2026-06-30 18:00:04,COMPLETED,Trigger Received,Demand surge at PS28,Telemetry ingested from Smart Gate and SCADA DCS
STG-DEC-00046-02,DEC-00046,2,PREDICT,2026-06-30 18:00:13,COMPLETED,Predicted Dwell Blowout,71m turnaround (+26m above baseline SLA),Forecasted queue blowout with 91% confidence
STG-DEC-00046-03,DEC-00046,3,DIAGNOSE,2026-06-30 18:00:19,COMPLETED,Causal Attribution,Morning Peak Arrival Surge,Bottleneck identified at PS28
STG-DEC-00046-04,DEC-00046,4,OPTIMIZE,2026-06-30 18:00:25,COMPLETED,Candidate Ranking,OPT-03 selected (Score 92/100),Evaluated candidate options for -19m recovery
STG-DEC-00046-05,DEC-00046,5,DECIDE,2026-06-30 18:00:31,COMPLETED,L2_AUTO_EXECUTABLE Policy Check,Status: EXECUTED,Autonomy rule evaluation completed
STG-DEC-00046-06,DEC-00046,6,EXECUTE,2026-06-30 18:00:33,COMPLETED,Actuation Dispatch,Actuation command routed,Control payload delivered to terminal gateway
STG-DEC-00046-07,DEC-00046,7,VERIFY,2026-06-30 18:45:31,COMPLETED,Closed-Loop Recovery,Observed dwell delta reduction,Field telemetry feedback verified
STG-DEC-00046-08,DEC-00046,8,LOG,2026-06-30 18:45:38,COMPLETED,Audit Record Sealed,SHA-256 Digest Confirmed,Tamper-evident record sealed to immutable operational audit store
STG-DEC-00047-01,DEC-00047,1,SIGNAL,2026-07-01 10:00:14,COMPLETED,Trigger Received,Demand surge at PS10,Telemetry ingested from Smart Gate and SCADA DCS
STG-DEC-00047-02,DEC-00047,2,PREDICT,2026-07-01 10:00:23,COMPLETED,Predicted Dwell Blowout,85m turnaround (+20m above baseline SLA),Forecasted queue blowout with 91% confidence
STG-DEC-00047-03,DEC-00047,3,DIAGNOSE,2026-07-01 10:00:29,COMPLETED,Causal Attribution,Tank Recertification Hold,Bottleneck identified at PS10
STG-DEC-00047-04,DEC-00047,4,OPTIMIZE,2026-07-01 10:00:35,COMPLETED,Candidate Ranking,OPT-03 selected (Score 92/100),Evaluated candidate options for -15m recovery
STG-DEC-00047-05,DEC-00047,5,DECIDE,2026-07-01 10:00:41,COMPLETED,L2_AUTO_EXECUTABLE Policy Check,Status: EXECUTED,Autonomy rule evaluation completed
STG-DEC-00047-06,DEC-00047,6,EXECUTE,2026-07-01 10:00:43,COMPLETED,Actuation Dispatch,Actuation command routed,Control payload delivered to terminal gateway
STG-DEC-00047-07,DEC-00047,7,VERIFY,2026-07-01 10:45:41,COMPLETED,Closed-Loop Recovery,Observed dwell delta reduction,Field telemetry feedback verified
STG-DEC-00047-08,DEC-00047,8,LOG,2026-07-01 10:45:48,COMPLETED,Audit Record Sealed,SHA-256 Digest Confirmed,Tamper-evident record sealed to immutable operational audit store
STG-DEC-00048-01,DEC-00048,1,SIGNAL,2026-07-01 15:00:01,COMPLETED,Trigger Received,Demand surge at PS27,Telemetry ingested from Smart Gate and SCADA DCS
STG-DEC-00048-02,DEC-00048,2,PREDICT,2026-07-01 15:00:10,COMPLETED,Predicted Dwell Blowout,83m turnaround (+33m above baseline SLA),Forecasted queue blowout with 91% confidence
STG-DEC-00048-03,DEC-00048,3,DIAGNOSE,2026-07-01 15:00:16,COMPLETED,Causal Attribution,Gantry Queue Congestion + Slow Metering,Bottleneck identified at PS27
STG-DEC-00048-04,DEC-00048,4,OPTIMIZE,2026-07-01 15:00:22,COMPLETED,Candidate Ranking,OPT-03 selected (Score 92/100),Evaluated candidate options for -24m recovery
STG-DEC-00048-05,DEC-00048,5,DECIDE,2026-07-01 15:00:28,COMPLETED,L1_ADVISORY Policy Check,Status: ADVISORY_POSTED,Autonomy rule evaluation completed
STG-DEC-00048-06,DEC-00048,6,EXECUTE,2026-07-01 15:00:30,SKIPPED,Actuation Dispatch,Actuation command routed,Control payload delivered to terminal gateway
STG-DEC-00048-07,DEC-00048,7,VERIFY,2026-07-01 15:45:28,SKIPPED,Closed-Loop Recovery,Observed dwell delta reduction,Field telemetry feedback verified
STG-DEC-00048-08,DEC-00048,8,LOG,2026-07-01 15:45:35,COMPLETED,Audit Record Sealed,SHA-256 Digest Confirmed,Tamper-evident record sealed to immutable operational audit store
STG-DEC-00049-01,DEC-00049,1,SIGNAL,2026-07-02 02:00:15,COMPLETED,Trigger Received,Demand surge at PS10,Telemetry ingested from Smart Gate and SCADA DCS
STG-DEC-00049-02,DEC-00049,2,PREDICT,2026-07-02 02:00:24,COMPLETED,Predicted Dwell Blowout,80m turnaround (+15m above baseline SLA),Forecasted queue blowout with 91% confidence
STG-DEC-00049-03,DEC-00049,3,DIAGNOSE,2026-07-02 02:00:30,COMPLETED,Causal Attribution,Flow Meter Temperature Sensor Drift,Bottleneck identified at PS10
STG-DEC-00049-04,DEC-00049,4,OPTIMIZE,2026-07-02 02:00:36,COMPLETED,Candidate Ranking,OPT-03 selected (Score 92/100),Evaluated candidate options for -11m recovery
STG-DEC-00049-05,DEC-00049,5,DECIDE,2026-07-02 02:00:42,COMPLETED,L1_ADVISORY Policy Check,Status: ADVISORY_POSTED,Autonomy rule evaluation completed
STG-DEC-00049-06,DEC-00049,6,EXECUTE,2026-07-02 02:00:44,SKIPPED,Actuation Dispatch,Actuation command routed,Control payload delivered to terminal gateway
STG-DEC-00049-07,DEC-00049,7,VERIFY,2026-07-02 02:45:42,SKIPPED,Closed-Loop Recovery,Observed dwell delta reduction,Field telemetry feedback verified
STG-DEC-00049-08,DEC-00049,8,LOG,2026-07-02 02:45:49,COMPLETED,Audit Record Sealed,SHA-256 Digest Confirmed,Tamper-evident record sealed to immutable operational audit store
STG-DEC-00050-01,DEC-00050,1,SIGNAL,2026-07-02 07:00:08,COMPLETED,Trigger Received,Demand surge at PS25,Telemetry ingested from Smart Gate and SCADA DCS
STG-DEC-00050-02,DEC-00050,2,PREDICT,2026-07-02 07:00:17,COMPLETED,Predicted Dwell Blowout,101m turnaround (+43m above baseline SLA),Forecasted queue blowout with 91% confidence
STG-DEC-00050-03,DEC-00050,3,DIAGNOSE,2026-07-02 07:00:23,COMPLETED,Causal Attribution,Tank Recertification Hold,Bottleneck identified at PS25
STG-DEC-00050-04,DEC-00050,4,OPTIMIZE,2026-07-02 07:00:29,COMPLETED,Candidate Ranking,OPT-03 selected (Score 92/100),Evaluated candidate options for -32m recovery
STG-DEC-00050-05,DEC-00050,5,DECIDE,2026-07-02 07:00:35,COMPLETED,L2_AUTO_EXECUTABLE Policy Check,Status: EXECUTED,Autonomy rule evaluation completed
STG-DEC-00050-06,DEC-00050,6,EXECUTE,2026-07-02 07:00:37,COMPLETED,Actuation Dispatch,Actuation command routed,Control payload delivered to terminal gateway
STG-DEC-00050-07,DEC-00050,7,VERIFY,2026-07-02 07:45:35,COMPLETED,Closed-Loop Recovery,Observed dwell delta reduction,Field telemetry feedback verified
STG-DEC-00050-08,DEC-00050,8,LOG,2026-07-02 07:45:42,COMPLETED,Audit Record Sealed,SHA-256 Digest Confirmed,Tamper-evident record sealed to immutable operational audit store
STG-DEC-00051-01,DEC-00051,1,SIGNAL,2026-07-02 10:00:02,COMPLETED,Trigger Received,Demand surge at PS28,Telemetry ingested from Smart Gate and SCADA DCS
STG-DEC-00051-02,DEC-00051,2,PREDICT,2026-07-02 10:00:11,COMPLETED,Predicted Dwell Blowout,81m turnaround (+36m above baseline SLA),Forecasted queue blowout with 91% confidence
STG-DEC-00051-03,DEC-00051,3,DIAGNOSE,2026-07-02 10:00:17,COMPLETED,Causal Attribution,Flow Meter Temperature Sensor Drift,Bottleneck identified at PS28
STG-DEC-00051-04,DEC-00051,4,OPTIMIZE,2026-07-02 10:00:23,COMPLETED,Candidate Ranking,OPT-03 selected (Score 92/100),Evaluated candidate options for -27m recovery
STG-DEC-00051-05,DEC-00051,5,DECIDE,2026-07-02 10:00:29,COMPLETED,L1_ADVISORY Policy Check,Status: ADVISORY_POSTED,Autonomy rule evaluation completed
STG-DEC-00051-06,DEC-00051,6,EXECUTE,2026-07-02 10:00:31,SKIPPED,Actuation Dispatch,Actuation command routed,Control payload delivered to terminal gateway
STG-DEC-00051-07,DEC-00051,7,VERIFY,2026-07-02 10:45:29,SKIPPED,Closed-Loop Recovery,Observed dwell delta reduction,Field telemetry feedback verified
STG-DEC-00051-08,DEC-00051,8,LOG,2026-07-02 10:45:36,COMPLETED,Audit Record Sealed,SHA-256 Digest Confirmed,Tamper-evident record sealed to immutable operational audit store
STG-DEC-00052-01,DEC-00052,1,SIGNAL,2026-07-02 13:59:48,COMPLETED,Trigger Received,Demand surge at KOT-PS1,Telemetry ingested from Smart Gate and SCADA DCS
STG-DEC-00052-02,DEC-00052,2,PREDICT,2026-07-02 13:59:57,COMPLETED,Predicted Dwell Blowout,99m turnaround (+27m above baseline SLA),Forecasted queue blowout with 91% confidence
STG-DEC-00052-03,DEC-00052,3,DIAGNOSE,2026-07-02 14:00:03,COMPLETED,Causal Attribution,Loading Position Offline for Maintenance,Bottleneck identified at KOT-PS1
STG-DEC-00052-04,DEC-00052,4,OPTIMIZE,2026-07-02 14:00:09,COMPLETED,Candidate Ranking,OPT-03 selected (Score 92/100),Evaluated candidate options for -20m recovery
STG-DEC-00052-05,DEC-00052,5,DECIDE,2026-07-02 14:00:15,BLOCKED,L1_ADVISORY Policy Check,Status: BLOCKED_BY_POLICY,Autonomy rule evaluation completed
STG-DEC-00052-06,DEC-00052,6,EXECUTE,2026-07-02 14:00:17,SKIPPED,Actuation Dispatch,Actuation command routed,Control payload delivered to terminal gateway
STG-DEC-00052-07,DEC-00052,7,VERIFY,2026-07-02 14:45:15,SKIPPED,Closed-Loop Recovery,Observed dwell delta reduction,Field telemetry feedback verified
STG-DEC-00052-08,DEC-00052,8,LOG,2026-07-02 14:45:22,COMPLETED,Audit Record Sealed,SHA-256 Digest Confirmed,Tamper-evident record sealed to immutable operational audit store
STG-DEC-00053-01,DEC-00053,1,SIGNAL,2026-07-02 19:00:13,COMPLETED,Trigger Received,Demand surge at PS25,Telemetry ingested from Smart Gate and SCADA DCS
STG-DEC-00053-02,DEC-00053,2,PREDICT,2026-07-02 19:00:22,COMPLETED,Predicted Dwell Blowout,74m turnaround (+16m above baseline SLA),Forecasted queue blowout with 91% confidence
STG-DEC-00053-03,DEC-00053,3,DIAGNOSE,2026-07-02 19:00:28,COMPLETED,Causal Attribution,Gantry Queue Congestion + Slow Metering,Bottleneck identified at PS25
STG-DEC-00053-04,DEC-00053,4,OPTIMIZE,2026-07-02 19:00:34,COMPLETED,Candidate Ranking,OPT-03 selected (Score 92/100),Evaluated candidate options for -12m recovery
STG-DEC-00053-05,DEC-00053,5,DECIDE,2026-07-02 19:00:40,COMPLETED,L2_AUTO_EXECUTABLE Policy Check,Status: EXECUTED,Autonomy rule evaluation completed
STG-DEC-00053-06,DEC-00053,6,EXECUTE,2026-07-02 19:00:42,COMPLETED,Actuation Dispatch,Actuation command routed,Control payload delivered to terminal gateway
STG-DEC-00053-07,DEC-00053,7,VERIFY,2026-07-02 19:45:40,COMPLETED,Closed-Loop Recovery,Observed dwell delta reduction,Field telemetry feedback verified
STG-DEC-00053-08,DEC-00053,8,LOG,2026-07-02 19:45:47,COMPLETED,Audit Record Sealed,SHA-256 Digest Confirmed,Tamper-evident record sealed to immutable operational audit store
STG-DEC-00054-01,DEC-00054,1,SIGNAL,2026-07-03 01:00:13,COMPLETED,Trigger Received,Demand surge at PS10,Telemetry ingested from Smart Gate and SCADA DCS
STG-DEC-00054-02,DEC-00054,2,PREDICT,2026-07-03 01:00:22,COMPLETED,Predicted Dwell Blowout,78m turnaround (+13m above baseline SLA),Forecasted queue blowout with 91% confidence
STG-DEC-00054-03,DEC-00054,3,DIAGNOSE,2026-07-03 01:00:28,COMPLETED,Causal Attribution,Flow Meter Temperature Sensor Drift,Bottleneck identified at PS10
STG-DEC-00054-04,DEC-00054,4,OPTIMIZE,2026-07-03 01:00:34,COMPLETED,Candidate Ranking,OPT-03 selected (Score 92/100),Evaluated candidate options for -9m recovery
STG-DEC-00054-05,DEC-00054,5,DECIDE,2026-07-03 01:00:40,COMPLETED,L2_AUTO_EXECUTABLE Policy Check,Status: EXECUTED,Autonomy rule evaluation completed
STG-DEC-00054-06,DEC-00054,6,EXECUTE,2026-07-03 01:00:42,COMPLETED,Actuation Dispatch,Actuation command routed,Control payload delivered to terminal gateway
STG-DEC-00054-07,DEC-00054,7,VERIFY,2026-07-03 01:45:40,COMPLETED,Closed-Loop Recovery,Observed dwell delta reduction,Field telemetry feedback verified
STG-DEC-00054-08,DEC-00054,8,LOG,2026-07-03 01:45:47,COMPLETED,Audit Record Sealed,SHA-256 Digest Confirmed,Tamper-evident record sealed to immutable operational audit store
STG-DEC-00055-01,DEC-00055,1,SIGNAL,2026-07-03 06:00:06,COMPLETED,Trigger Received,Demand surge at PS10,Telemetry ingested from Smart Gate and SCADA DCS
STG-DEC-00055-02,DEC-00055,2,PREDICT,2026-07-03 06:00:15,COMPLETED,Predicted Dwell Blowout,82m turnaround (+17m above baseline SLA),Forecasted queue blowout with 91% confidence
STG-DEC-00055-03,DEC-00055,3,DIAGNOSE,2026-07-03 06:00:21,COMPLETED,Causal Attribution,Flow Meter Temperature Sensor Drift,Bottleneck identified at PS10
STG-DEC-00055-04,DEC-00055,4,OPTIMIZE,2026-07-03 06:00:27,COMPLETED,Candidate Ranking,OPT-03 selected (Score 92/100),Evaluated candidate options for -12m recovery
STG-DEC-00055-05,DEC-00055,5,DECIDE,2026-07-03 06:00:33,COMPLETED,L2_AUTO_EXECUTABLE Policy Check,Status: EXECUTED,Autonomy rule evaluation completed
STG-DEC-00055-06,DEC-00055,6,EXECUTE,2026-07-03 06:00:35,COMPLETED,Actuation Dispatch,Actuation command routed,Control payload delivered to terminal gateway
STG-DEC-00055-07,DEC-00055,7,VERIFY,2026-07-03 06:45:33,COMPLETED,Closed-Loop Recovery,Observed dwell delta reduction,Field telemetry feedback verified
STG-DEC-00055-08,DEC-00055,8,LOG,2026-07-03 06:45:40,COMPLETED,Audit Record Sealed,SHA-256 Digest Confirmed,Tamper-evident record sealed to immutable operational audit store
STG-DEC-00056-01,DEC-00056,1,SIGNAL,2026-07-03 14:00:16,COMPLETED,Trigger Received,Demand surge at PS10,Telemetry ingested from Smart Gate and SCADA DCS
STG-DEC-00056-02,DEC-00056,2,PREDICT,2026-07-03 14:00:25,COMPLETED,Predicted Dwell Blowout,75m turnaround (+10m above baseline SLA),Forecasted queue blowout with 91% confidence
STG-DEC-00056-03,DEC-00056,3,DIAGNOSE,2026-07-03 14:00:31,COMPLETED,Causal Attribution,Gantry Queue Congestion + Slow Metering,Bottleneck identified at PS10
STG-DEC-00056-04,DEC-00056,4,OPTIMIZE,2026-07-03 14:00:37,COMPLETED,Candidate Ranking,OPT-03 selected (Score 92/100),Evaluated candidate options for -7m recovery
STG-DEC-00056-05,DEC-00056,5,DECIDE,2026-07-03 14:00:43,COMPLETED,L2_AUTO_EXECUTABLE Policy Check,Status: EXECUTED,Autonomy rule evaluation completed
STG-DEC-00056-06,DEC-00056,6,EXECUTE,2026-07-03 14:00:45,COMPLETED,Actuation Dispatch,Actuation command routed,Control payload delivered to terminal gateway
STG-DEC-00056-07,DEC-00056,7,VERIFY,2026-07-03 14:45:43,COMPLETED,Closed-Loop Recovery,Observed dwell delta reduction,Field telemetry feedback verified
STG-DEC-00056-08,DEC-00056,8,LOG,2026-07-03 14:45:50,COMPLETED,Audit Record Sealed,SHA-256 Digest Confirmed,Tamper-evident record sealed to immutable operational audit store
STG-DEC-00057-01,DEC-00057,1,SIGNAL,2026-07-03 16:00:07,COMPLETED,Trigger Received,Demand surge at PS10,Telemetry ingested from Smart Gate and SCADA DCS
STG-DEC-00057-02,DEC-00057,2,PREDICT,2026-07-03 16:00:16,COMPLETED,Predicted Dwell Blowout,85m turnaround (+20m above baseline SLA),Forecasted queue blowout with 91% confidence
STG-DEC-00057-03,DEC-00057,3,DIAGNOSE,2026-07-03 16:00:22,COMPLETED,Causal Attribution,Morning Peak Arrival Surge,Bottleneck identified at PS10
STG-DEC-00057-04,DEC-00057,4,OPTIMIZE,2026-07-03 16:00:28,COMPLETED,Candidate Ranking,OPT-03 selected (Score 92/100),Evaluated candidate options for -15m recovery
STG-DEC-00057-05,DEC-00057,5,DECIDE,2026-07-03 16:00:34,COMPLETED,L1_ADVISORY Policy Check,Status: ADVISORY_POSTED,Autonomy rule evaluation completed
STG-DEC-00057-06,DEC-00057,6,EXECUTE,2026-07-03 16:00:36,SKIPPED,Actuation Dispatch,Actuation command routed,Control payload delivered to terminal gateway
STG-DEC-00057-07,DEC-00057,7,VERIFY,2026-07-03 16:45:34,SKIPPED,Closed-Loop Recovery,Observed dwell delta reduction,Field telemetry feedback verified
STG-DEC-00057-08,DEC-00057,8,LOG,2026-07-03 16:45:41,COMPLETED,Audit Record Sealed,SHA-256 Digest Confirmed,Tamper-evident record sealed to immutable operational audit store
STG-DEC-00058-01,DEC-00058,1,SIGNAL,2026-07-03 22:59:57,COMPLETED,Trigger Received,Demand surge at PS10,Telemetry ingested from Smart Gate and SCADA DCS
STG-DEC-00058-02,DEC-00058,2,PREDICT,2026-07-03 23:00:06,COMPLETED,Predicted Dwell Blowout,105m turnaround (+40m above baseline SLA),Forecasted queue blowout with 91% confidence
STG-DEC-00058-03,DEC-00058,3,DIAGNOSE,2026-07-03 23:00:12,COMPLETED,Causal Attribution,Gantry Queue Congestion + Slow Metering,Bottleneck identified at PS10
STG-DEC-00058-04,DEC-00058,4,OPTIMIZE,2026-07-03 23:00:18,COMPLETED,Candidate Ranking,OPT-03 selected (Score 92/100),Evaluated candidate options for -30m recovery
STG-DEC-00058-05,DEC-00058,5,DECIDE,2026-07-03 23:00:24,COMPLETED,L1_ADVISORY Policy Check,Status: ADVISORY_POSTED,Autonomy rule evaluation completed
STG-DEC-00058-06,DEC-00058,6,EXECUTE,2026-07-03 23:00:26,SKIPPED,Actuation Dispatch,Actuation command routed,Control payload delivered to terminal gateway
STG-DEC-00058-07,DEC-00058,7,VERIFY,2026-07-03 23:45:24,SKIPPED,Closed-Loop Recovery,Observed dwell delta reduction,Field telemetry feedback verified
STG-DEC-00058-08,DEC-00058,8,LOG,2026-07-03 23:45:31,COMPLETED,Audit Record Sealed,SHA-256 Digest Confirmed,Tamper-evident record sealed to immutable operational audit store
STG-DEC-00059-01,DEC-00059,1,SIGNAL,2026-07-04 02:59:54,COMPLETED,Trigger Received,Demand surge at PS10,Telemetry ingested from Smart Gate and SCADA DCS
STG-DEC-00059-02,DEC-00059,2,PREDICT,2026-07-04 03:00:03,COMPLETED,Predicted Dwell Blowout,85m turnaround (+20m above baseline SLA),Forecasted queue blowout with 91% confidence
STG-DEC-00059-03,DEC-00059,3,DIAGNOSE,2026-07-04 03:00:09,COMPLETED,Causal Attribution,Loading Position Offline for Maintenance,Bottleneck identified at PS10
STG-DEC-00059-04,DEC-00059,4,OPTIMIZE,2026-07-04 03:00:15,COMPLETED,Candidate Ranking,OPT-03 selected (Score 92/100),Evaluated candidate options for -15m recovery
STG-DEC-00059-05,DEC-00059,5,DECIDE,2026-07-04 03:00:21,COMPLETED,L2_AUTO_EXECUTABLE Policy Check,Status: EXECUTED,Autonomy rule evaluation completed
STG-DEC-00059-06,DEC-00059,6,EXECUTE,2026-07-04 03:00:23,COMPLETED,Actuation Dispatch,Actuation command routed,Control payload delivered to terminal gateway
STG-DEC-00059-07,DEC-00059,7,VERIFY,2026-07-04 03:45:21,COMPLETED,Closed-Loop Recovery,Observed dwell delta reduction,Field telemetry feedback verified
STG-DEC-00059-08,DEC-00059,8,LOG,2026-07-04 03:45:28,COMPLETED,Audit Record Sealed,SHA-256 Digest Confirmed,Tamper-evident record sealed to immutable operational audit store
STG-DEC-00060-01,DEC-00060,1,SIGNAL,2026-07-04 05:00:00,COMPLETED,Trigger Received,Demand surge at PS28,Telemetry ingested from Smart Gate and SCADA DCS
STG-DEC-00060-02,DEC-00060,2,PREDICT,2026-07-04 05:00:09,COMPLETED,Predicted Dwell Blowout,55m turnaround (+10m above baseline SLA),Forecasted queue blowout with 91% confidence
STG-DEC-00060-03,DEC-00060,3,DIAGNOSE,2026-07-04 05:00:15,COMPLETED,Causal Attribution,Morning Peak Arrival Surge,Bottleneck identified at PS28
STG-DEC-00060-04,DEC-00060,4,OPTIMIZE,2026-07-04 05:00:21,COMPLETED,Candidate Ranking,OPT-03 selected (Score 92/100),Evaluated candidate options for -7m recovery
STG-DEC-00060-05,DEC-00060,5,DECIDE,2026-07-04 05:00:27,BLOCKED,L1_ADVISORY Policy Check,Status: BLOCKED_BY_POLICY,Autonomy rule evaluation completed
STG-DEC-00060-06,DEC-00060,6,EXECUTE,2026-07-04 05:00:29,SKIPPED,Actuation Dispatch,Actuation command routed,Control payload delivered to terminal gateway
STG-DEC-00060-07,DEC-00060,7,VERIFY,2026-07-04 05:45:27,SKIPPED,Closed-Loop Recovery,Observed dwell delta reduction,Field telemetry feedback verified
STG-DEC-00060-08,DEC-00060,8,LOG,2026-07-04 05:45:34,COMPLETED,Audit Record Sealed,SHA-256 Digest Confirmed,Tamper-evident record sealed to immutable operational audit store
STG-DEC-00061-01,DEC-00061,1,SIGNAL,2026-07-04 10:00:14,COMPLETED,Trigger Received,Demand surge at PS25,Telemetry ingested from Smart Gate and SCADA DCS
STG-DEC-00061-02,DEC-00061,2,PREDICT,2026-07-04 10:00:23,COMPLETED,Predicted Dwell Blowout,91m turnaround (+33m above baseline SLA),Forecasted queue blowout with 91% confidence
STG-DEC-00061-03,DEC-00061,3,DIAGNOSE,2026-07-04 10:00:29,COMPLETED,Causal Attribution,Gantry Queue Congestion + Slow Metering,Bottleneck identified at PS25
STG-DEC-00061-04,DEC-00061,4,OPTIMIZE,2026-07-04 10:00:35,COMPLETED,Candidate Ranking,OPT-03 selected (Score 92/100),Evaluated candidate options for -24m recovery
STG-DEC-00061-05,DEC-00061,5,DECIDE,2026-07-04 10:00:41,COMPLETED,L2_AUTO_EXECUTABLE Policy Check,Status: EXECUTED,Autonomy rule evaluation completed
STG-DEC-00061-06,DEC-00061,6,EXECUTE,2026-07-04 10:00:43,COMPLETED,Actuation Dispatch,Actuation command routed,Control payload delivered to terminal gateway
STG-DEC-00061-07,DEC-00061,7,VERIFY,2026-07-04 10:45:41,COMPLETED,Closed-Loop Recovery,Observed dwell delta reduction,Field telemetry feedback verified
STG-DEC-00061-08,DEC-00061,8,LOG,2026-07-04 10:45:48,COMPLETED,Audit Record Sealed,SHA-256 Digest Confirmed,Tamper-evident record sealed to immutable operational audit store
STG-DEC-00062-01,DEC-00062,1,SIGNAL,2026-07-04 13:59:55,COMPLETED,Trigger Received,Demand surge at PS27,Telemetry ingested from Smart Gate and SCADA DCS
STG-DEC-00062-02,DEC-00062,2,PREDICT,2026-07-04 14:00:04,COMPLETED,Predicted Dwell Blowout,85m turnaround (+35m above baseline SLA),Forecasted queue blowout with 91% confidence
STG-DEC-00062-03,DEC-00062,3,DIAGNOSE,2026-07-04 14:00:10,COMPLETED,Causal Attribution,Flow Meter Temperature Sensor Drift,Bottleneck identified at PS27
STG-DEC-00062-04,DEC-00062,4,OPTIMIZE,2026-07-04 14:00:16,COMPLETED,Candidate Ranking,OPT-03 selected (Score 92/100),Evaluated candidate options for -26m recovery
STG-DEC-00062-05,DEC-00062,5,DECIDE,2026-07-04 14:00:22,COMPLETED,L2_AUTO_EXECUTABLE Policy Check,Status: EXECUTED,Autonomy rule evaluation completed
STG-DEC-00062-06,DEC-00062,6,EXECUTE,2026-07-04 14:00:24,COMPLETED,Actuation Dispatch,Actuation command routed,Control payload delivered to terminal gateway
STG-DEC-00062-07,DEC-00062,7,VERIFY,2026-07-04 14:45:22,COMPLETED,Closed-Loop Recovery,Observed dwell delta reduction,Field telemetry feedback verified
STG-DEC-00062-08,DEC-00062,8,LOG,2026-07-04 14:45:29,COMPLETED,Audit Record Sealed,SHA-256 Digest Confirmed,Tamper-evident record sealed to immutable operational audit store
STG-DEC-00063-01,DEC-00063,1,SIGNAL,2026-07-04 17:59:57,COMPLETED,Trigger Received,Demand surge at PS10,Telemetry ingested from Smart Gate and SCADA DCS
STG-DEC-00063-02,DEC-00063,2,PREDICT,2026-07-04 18:00:06,COMPLETED,Predicted Dwell Blowout,80m turnaround (+15m above baseline SLA),Forecasted queue blowout with 91% confidence
STG-DEC-00063-03,DEC-00063,3,DIAGNOSE,2026-07-04 18:00:12,COMPLETED,Causal Attribution,Morning Peak Arrival Surge,Bottleneck identified at PS10
STG-DEC-00063-04,DEC-00063,4,OPTIMIZE,2026-07-04 18:00:18,COMPLETED,Candidate Ranking,OPT-03 selected (Score 92/100),Evaluated candidate options for -11m recovery
STG-DEC-00063-05,DEC-00063,5,DECIDE,2026-07-04 18:00:24,BLOCKED,L1_ADVISORY Policy Check,Status: BLOCKED_BY_POLICY,Autonomy rule evaluation completed
STG-DEC-00063-06,DEC-00063,6,EXECUTE,2026-07-04 18:00:26,SKIPPED,Actuation Dispatch,Actuation command routed,Control payload delivered to terminal gateway
STG-DEC-00063-07,DEC-00063,7,VERIFY,2026-07-04 18:45:24,SKIPPED,Closed-Loop Recovery,Observed dwell delta reduction,Field telemetry feedback verified
STG-DEC-00063-08,DEC-00063,8,LOG,2026-07-04 18:45:31,COMPLETED,Audit Record Sealed,SHA-256 Digest Confirmed,Tamper-evident record sealed to immutable operational audit store
STG-DEC-00064-01,DEC-00064,1,SIGNAL,2026-07-04 21:00:09,COMPLETED,Trigger Received,Demand surge at KOT-PS1,Telemetry ingested from Smart Gate and SCADA DCS
STG-DEC-00064-02,DEC-00064,2,PREDICT,2026-07-04 21:00:18,COMPLETED,Predicted Dwell Blowout,102m turnaround (+30m above baseline SLA),Forecasted queue blowout with 91% confidence
STG-DEC-00064-03,DEC-00064,3,DIAGNOSE,2026-07-04 21:00:24,COMPLETED,Causal Attribution,Clustered Transporter Arrivals,Bottleneck identified at KOT-PS1
STG-DEC-00064-04,DEC-00064,4,OPTIMIZE,2026-07-04 21:00:30,COMPLETED,Candidate Ranking,OPT-03 selected (Score 92/100),Evaluated candidate options for -22m recovery
STG-DEC-00064-05,DEC-00064,5,DECIDE,2026-07-04 21:00:36,COMPLETED,L2_AUTO_EXECUTABLE Policy Check,Status: EXECUTED,Autonomy rule evaluation completed
STG-DEC-00064-06,DEC-00064,6,EXECUTE,2026-07-04 21:00:38,COMPLETED,Actuation Dispatch,Actuation command routed,Control payload delivered to terminal gateway
STG-DEC-00064-07,DEC-00064,7,VERIFY,2026-07-04 21:45:36,COMPLETED,Closed-Loop Recovery,Observed dwell delta reduction,Field telemetry feedback verified
STG-DEC-00064-08,DEC-00064,8,LOG,2026-07-04 21:45:43,COMPLETED,Audit Record Sealed,SHA-256 Digest Confirmed,Tamper-evident record sealed to immutable operational audit store
STG-DEC-00065-01,DEC-00065,1,SIGNAL,2026-07-05 03:00:15,COMPLETED,Trigger Received,Demand surge at PS10,Telemetry ingested from Smart Gate and SCADA DCS
STG-DEC-00065-02,DEC-00065,2,PREDICT,2026-07-05 03:00:24,COMPLETED,Predicted Dwell Blowout,90m turnaround (+25m above baseline SLA),Forecasted queue blowout with 91% confidence
STG-DEC-00065-03,DEC-00065,3,DIAGNOSE,2026-07-05 03:00:30,COMPLETED,Causal Attribution,Gantry Queue Congestion + Slow Metering,Bottleneck identified at PS10
STG-DEC-00065-04,DEC-00065,4,OPTIMIZE,2026-07-05 03:00:36,COMPLETED,Candidate Ranking,OPT-03 selected (Score 92/100),Evaluated candidate options for -18m recovery
STG-DEC-00065-05,DEC-00065,5,DECIDE,2026-07-05 03:00:42,COMPLETED,L1_ADVISORY Policy Check,Status: ADVISORY_POSTED,Autonomy rule evaluation completed
STG-DEC-00065-06,DEC-00065,6,EXECUTE,2026-07-05 03:00:44,SKIPPED,Actuation Dispatch,Actuation command routed,Control payload delivered to terminal gateway
STG-DEC-00065-07,DEC-00065,7,VERIFY,2026-07-05 03:45:42,SKIPPED,Closed-Loop Recovery,Observed dwell delta reduction,Field telemetry feedback verified
STG-DEC-00065-08,DEC-00065,8,LOG,2026-07-05 03:45:49,COMPLETED,Audit Record Sealed,SHA-256 Digest Confirmed,Tamper-evident record sealed to immutable operational audit store
STG-DEC-00066-01,DEC-00066,1,SIGNAL,2026-07-05 10:00:07,COMPLETED,Trigger Received,Demand surge at KOT-PS1,Telemetry ingested from Smart Gate and SCADA DCS
STG-DEC-00066-02,DEC-00066,2,PREDICT,2026-07-05 10:00:16,COMPLETED,Predicted Dwell Blowout,80m turnaround (+8m above baseline SLA),Forecasted queue blowout with 91% confidence
STG-DEC-00066-03,DEC-00066,3,DIAGNOSE,2026-07-05 10:00:22,COMPLETED,Causal Attribution,Gantry Queue Congestion + Slow Metering,Bottleneck identified at KOT-PS1
STG-DEC-00066-04,DEC-00066,4,OPTIMIZE,2026-07-05 10:00:28,COMPLETED,Candidate Ranking,OPT-03 selected (Score 92/100),Evaluated candidate options for -6m recovery
STG-DEC-00066-05,DEC-00066,5,DECIDE,2026-07-05 10:00:34,COMPLETED,L1_ADVISORY Policy Check,Status: ADVISORY_POSTED,Autonomy rule evaluation completed
STG-DEC-00066-06,DEC-00066,6,EXECUTE,2026-07-05 10:00:36,SKIPPED,Actuation Dispatch,Actuation command routed,Control payload delivered to terminal gateway
STG-DEC-00066-07,DEC-00066,7,VERIFY,2026-07-05 10:45:34,SKIPPED,Closed-Loop Recovery,Observed dwell delta reduction,Field telemetry feedback verified
STG-DEC-00066-08,DEC-00066,8,LOG,2026-07-05 10:45:41,COMPLETED,Audit Record Sealed,SHA-256 Digest Confirmed,Tamper-evident record sealed to immutable operational audit store
STG-DEC-00067-01,DEC-00067,1,SIGNAL,2026-07-05 18:00:03,COMPLETED,Trigger Received,Demand surge at KOT-PS1,Telemetry ingested from Smart Gate and SCADA DCS
STG-DEC-00067-02,DEC-00067,2,PREDICT,2026-07-05 18:00:12,COMPLETED,Predicted Dwell Blowout,90m turnaround (+18m above baseline SLA),Forecasted queue blowout with 91% confidence
STG-DEC-00067-03,DEC-00067,3,DIAGNOSE,2026-07-05 18:00:18,COMPLETED,Causal Attribution,Flow Meter Temperature Sensor Drift,Bottleneck identified at KOT-PS1
STG-DEC-00067-04,DEC-00067,4,OPTIMIZE,2026-07-05 18:00:24,COMPLETED,Candidate Ranking,OPT-03 selected (Score 92/100),Evaluated candidate options for -13m recovery
STG-DEC-00067-05,DEC-00067,5,DECIDE,2026-07-05 18:00:30,COMPLETED,L2_AUTO_EXECUTABLE Policy Check,Status: EXECUTED,Autonomy rule evaluation completed
STG-DEC-00067-06,DEC-00067,6,EXECUTE,2026-07-05 18:00:32,COMPLETED,Actuation Dispatch,Actuation command routed,Control payload delivered to terminal gateway
STG-DEC-00067-07,DEC-00067,7,VERIFY,2026-07-05 18:45:30,COMPLETED,Closed-Loop Recovery,Observed dwell delta reduction,Field telemetry feedback verified
STG-DEC-00067-08,DEC-00067,8,LOG,2026-07-05 18:45:37,COMPLETED,Audit Record Sealed,SHA-256 Digest Confirmed,Tamper-evident record sealed to immutable operational audit store
STG-DEC-00068-01,DEC-00068,1,SIGNAL,2026-07-05 23:00:12,COMPLETED,Trigger Received,Demand surge at PS25,Telemetry ingested from Smart Gate and SCADA DCS
STG-DEC-00068-02,DEC-00068,2,PREDICT,2026-07-05 23:00:21,COMPLETED,Predicted Dwell Blowout,71m turnaround (+13m above baseline SLA),Forecasted queue blowout with 91% confidence
STG-DEC-00068-03,DEC-00068,3,DIAGNOSE,2026-07-05 23:00:27,COMPLETED,Causal Attribution,Morning Peak Arrival Surge,Bottleneck identified at PS25
STG-DEC-00068-04,DEC-00068,4,OPTIMIZE,2026-07-05 23:00:33,COMPLETED,Candidate Ranking,OPT-03 selected (Score 92/100),Evaluated candidate options for -9m recovery
STG-DEC-00068-05,DEC-00068,5,DECIDE,2026-07-05 23:00:39,COMPLETED,L2_AUTO_EXECUTABLE Policy Check,Status: EXECUTED,Autonomy rule evaluation completed
STG-DEC-00068-06,DEC-00068,6,EXECUTE,2026-07-05 23:00:41,COMPLETED,Actuation Dispatch,Actuation command routed,Control payload delivered to terminal gateway
STG-DEC-00068-07,DEC-00068,7,VERIFY,2026-07-05 23:45:39,COMPLETED,Closed-Loop Recovery,Observed dwell delta reduction,Field telemetry feedback verified
STG-DEC-00068-08,DEC-00068,8,LOG,2026-07-05 23:45:46,COMPLETED,Audit Record Sealed,SHA-256 Digest Confirmed,Tamper-evident record sealed to immutable operational audit store
STG-DEC-00069-01,DEC-00069,1,SIGNAL,2026-07-06 02:00:06,COMPLETED,Trigger Received,Demand surge at PS25,Telemetry ingested from Smart Gate and SCADA DCS
STG-DEC-00069-02,DEC-00069,2,PREDICT,2026-07-06 02:00:15,COMPLETED,Predicted Dwell Blowout,76m turnaround (+18m above baseline SLA),Forecasted queue blowout with 91% confidence
STG-DEC-00069-03,DEC-00069,3,DIAGNOSE,2026-07-06 02:00:21,COMPLETED,Causal Attribution,Gantry Queue Congestion + Slow Metering,Bottleneck identified at PS25
STG-DEC-00069-04,DEC-00069,4,OPTIMIZE,2026-07-06 02:00:27,COMPLETED,Candidate Ranking,OPT-03 selected (Score 92/100),Evaluated candidate options for -13m recovery
STG-DEC-00069-05,DEC-00069,5,DECIDE,2026-07-06 02:00:33,COMPLETED,L2_AUTO_EXECUTABLE Policy Check,Status: EXECUTED,Autonomy rule evaluation completed
STG-DEC-00069-06,DEC-00069,6,EXECUTE,2026-07-06 02:00:35,COMPLETED,Actuation Dispatch,Actuation command routed,Control payload delivered to terminal gateway
STG-DEC-00069-07,DEC-00069,7,VERIFY,2026-07-06 02:45:33,COMPLETED,Closed-Loop Recovery,Observed dwell delta reduction,Field telemetry feedback verified
STG-DEC-00069-08,DEC-00069,8,LOG,2026-07-06 02:45:40,COMPLETED,Audit Record Sealed,SHA-256 Digest Confirmed,Tamper-evident record sealed to immutable operational audit store
STG-DEC-00070-01,DEC-00070,1,SIGNAL,2026-07-06 11:00:13,COMPLETED,Trigger Received,Demand surge at PS25,Telemetry ingested from Smart Gate and SCADA DCS
STG-DEC-00070-02,DEC-00070,2,PREDICT,2026-07-06 11:00:22,COMPLETED,Predicted Dwell Blowout,70m turnaround (+12m above baseline SLA),Forecasted queue blowout with 91% confidence
STG-DEC-00070-03,DEC-00070,3,DIAGNOSE,2026-07-06 11:00:28,COMPLETED,Causal Attribution,Gantry Queue Congestion + Slow Metering,Bottleneck identified at PS25
STG-DEC-00070-04,DEC-00070,4,OPTIMIZE,2026-07-06 11:00:34,COMPLETED,Candidate Ranking,OPT-03 selected (Score 92/100),Evaluated candidate options for -9m recovery
STG-DEC-00070-05,DEC-00070,5,DECIDE,2026-07-06 11:00:40,COMPLETED,L2_AUTO_EXECUTABLE Policy Check,Status: EXECUTED,Autonomy rule evaluation completed
STG-DEC-00070-06,DEC-00070,6,EXECUTE,2026-07-06 11:00:42,COMPLETED,Actuation Dispatch,Actuation command routed,Control payload delivered to terminal gateway
STG-DEC-00070-07,DEC-00070,7,VERIFY,2026-07-06 11:45:40,COMPLETED,Closed-Loop Recovery,Observed dwell delta reduction,Field telemetry feedback verified
STG-DEC-00070-08,DEC-00070,8,LOG,2026-07-06 11:45:47,COMPLETED,Audit Record Sealed,SHA-256 Digest Confirmed,Tamper-evident record sealed to immutable operational audit store
STG-DEC-00071-01,DEC-00071,1,SIGNAL,2026-07-07 02:00:12,COMPLETED,Trigger Received,Demand surge at PS25,Telemetry ingested from Smart Gate and SCADA DCS
STG-DEC-00071-02,DEC-00071,2,PREDICT,2026-07-07 02:00:21,COMPLETED,Predicted Dwell Blowout,78m turnaround (+20m above baseline SLA),Forecasted queue blowout with 91% confidence
STG-DEC-00071-03,DEC-00071,3,DIAGNOSE,2026-07-07 02:00:27,COMPLETED,Causal Attribution,Morning Peak Arrival Surge,Bottleneck identified at PS25
STG-DEC-00071-04,DEC-00071,4,OPTIMIZE,2026-07-07 02:00:33,COMPLETED,Candidate Ranking,OPT-03 selected (Score 92/100),Evaluated candidate options for -15m recovery
STG-DEC-00071-05,DEC-00071,5,DECIDE,2026-07-07 02:00:39,COMPLETED,L2_AUTO_EXECUTABLE Policy Check,Status: EXECUTED,Autonomy rule evaluation completed
STG-DEC-00071-06,DEC-00071,6,EXECUTE,2026-07-07 02:00:41,COMPLETED,Actuation Dispatch,Actuation command routed,Control payload delivered to terminal gateway
STG-DEC-00071-07,DEC-00071,7,VERIFY,2026-07-07 02:45:39,COMPLETED,Closed-Loop Recovery,Observed dwell delta reduction,Field telemetry feedback verified
STG-DEC-00071-08,DEC-00071,8,LOG,2026-07-07 02:45:46,COMPLETED,Audit Record Sealed,SHA-256 Digest Confirmed,Tamper-evident record sealed to immutable operational audit store
STG-DEC-00072-01,DEC-00072,1,SIGNAL,2026-07-07 03:59:49,COMPLETED,Trigger Received,Demand surge at PS27,Telemetry ingested from Smart Gate and SCADA DCS
STG-DEC-00072-02,DEC-00072,2,PREDICT,2026-07-07 03:59:58,COMPLETED,Predicted Dwell Blowout,77m turnaround (+27m above baseline SLA),Forecasted queue blowout with 91% confidence
STG-DEC-00072-03,DEC-00072,3,DIAGNOSE,2026-07-07 04:00:04,COMPLETED,Causal Attribution,Gantry Queue Congestion + Slow Metering,Bottleneck identified at PS27
STG-DEC-00072-04,DEC-00072,4,OPTIMIZE,2026-07-07 04:00:10,COMPLETED,Candidate Ranking,OPT-03 selected (Score 92/100),Evaluated candidate options for -20m recovery
STG-DEC-00072-05,DEC-00072,5,DECIDE,2026-07-07 04:00:16,COMPLETED,L2_AUTO_EXECUTABLE Policy Check,Status: EXECUTED,Autonomy rule evaluation completed
STG-DEC-00072-06,DEC-00072,6,EXECUTE,2026-07-07 04:00:18,COMPLETED,Actuation Dispatch,Actuation command routed,Control payload delivered to terminal gateway
STG-DEC-00072-07,DEC-00072,7,VERIFY,2026-07-07 04:45:16,COMPLETED,Closed-Loop Recovery,Observed dwell delta reduction,Field telemetry feedback verified
STG-DEC-00072-08,DEC-00072,8,LOG,2026-07-07 04:45:23,COMPLETED,Audit Record Sealed,SHA-256 Digest Confirmed,Tamper-evident record sealed to immutable operational audit store
STG-DEC-00073-01,DEC-00073,1,SIGNAL,2026-07-07 07:59:53,COMPLETED,Trigger Received,Demand surge at KOT-PS1,Telemetry ingested from Smart Gate and SCADA DCS
STG-DEC-00073-02,DEC-00073,2,PREDICT,2026-07-07 08:00:02,COMPLETED,Predicted Dwell Blowout,83m turnaround (+11m above baseline SLA),Forecasted queue blowout with 91% confidence
STG-DEC-00073-03,DEC-00073,3,DIAGNOSE,2026-07-07 08:00:08,COMPLETED,Causal Attribution,Flow Meter Temperature Sensor Drift,Bottleneck identified at KOT-PS1
STG-DEC-00073-04,DEC-00073,4,OPTIMIZE,2026-07-07 08:00:14,COMPLETED,Candidate Ranking,OPT-03 selected (Score 92/100),Evaluated candidate options for -8m recovery
STG-DEC-00073-05,DEC-00073,5,DECIDE,2026-07-07 08:00:20,COMPLETED,L1_ADVISORY Policy Check,Status: ADVISORY_POSTED,Autonomy rule evaluation completed
STG-DEC-00073-06,DEC-00073,6,EXECUTE,2026-07-07 08:00:22,SKIPPED,Actuation Dispatch,Actuation command routed,Control payload delivered to terminal gateway
STG-DEC-00073-07,DEC-00073,7,VERIFY,2026-07-07 08:45:20,SKIPPED,Closed-Loop Recovery,Observed dwell delta reduction,Field telemetry feedback verified
STG-DEC-00073-08,DEC-00073,8,LOG,2026-07-07 08:45:27,COMPLETED,Audit Record Sealed,SHA-256 Digest Confirmed,Tamper-evident record sealed to immutable operational audit store
STG-DEC-00074-01,DEC-00074,1,SIGNAL,2026-07-08 11:59:59,COMPLETED,Trigger Received,Demand surge at KOT-PS1,Telemetry ingested from Smart Gate and SCADA DCS
STG-DEC-00074-02,DEC-00074,2,PREDICT,2026-07-08 12:00:08,COMPLETED,Predicted Dwell Blowout,87m turnaround (+15m above baseline SLA),Forecasted queue blowout with 91% confidence
STG-DEC-00074-03,DEC-00074,3,DIAGNOSE,2026-07-08 12:00:14,COMPLETED,Causal Attribution,Gantry Queue Congestion + Slow Metering,Bottleneck identified at KOT-PS1
STG-DEC-00074-04,DEC-00074,4,OPTIMIZE,2026-07-08 12:00:20,COMPLETED,Candidate Ranking,OPT-03 selected (Score 92/100),Evaluated candidate options for -11m recovery
STG-DEC-00074-05,DEC-00074,5,DECIDE,2026-07-08 12:00:26,COMPLETED,L2_AUTO_EXECUTABLE Policy Check,Status: EXECUTED,Autonomy rule evaluation completed
STG-DEC-00074-06,DEC-00074,6,EXECUTE,2026-07-08 12:00:28,COMPLETED,Actuation Dispatch,Actuation command routed,Control payload delivered to terminal gateway
STG-DEC-00074-07,DEC-00074,7,VERIFY,2026-07-08 12:45:26,COMPLETED,Closed-Loop Recovery,Observed dwell delta reduction,Field telemetry feedback verified
STG-DEC-00074-08,DEC-00074,8,LOG,2026-07-08 12:45:33,COMPLETED,Audit Record Sealed,SHA-256 Digest Confirmed,Tamper-evident record sealed to immutable operational audit store
STG-DEC-00075-01,DEC-00075,1,SIGNAL,2026-07-09 01:00:14,COMPLETED,Trigger Received,Demand surge at KOT-PS1,Telemetry ingested from Smart Gate and SCADA DCS
STG-DEC-00075-02,DEC-00075,2,PREDICT,2026-07-09 01:00:23,COMPLETED,Predicted Dwell Blowout,88m turnaround (+16m above baseline SLA),Forecasted queue blowout with 91% confidence
STG-DEC-00075-03,DEC-00075,3,DIAGNOSE,2026-07-09 01:00:29,COMPLETED,Causal Attribution,Clustered Transporter Arrivals,Bottleneck identified at KOT-PS1
STG-DEC-00075-04,DEC-00075,4,OPTIMIZE,2026-07-09 01:00:35,COMPLETED,Candidate Ranking,OPT-03 selected (Score 92/100),Evaluated candidate options for -12m recovery
STG-DEC-00075-05,DEC-00075,5,DECIDE,2026-07-09 01:00:41,COMPLETED,L2_AUTO_EXECUTABLE Policy Check,Status: EXECUTED,Autonomy rule evaluation completed
STG-DEC-00075-06,DEC-00075,6,EXECUTE,2026-07-09 01:00:43,COMPLETED,Actuation Dispatch,Actuation command routed,Control payload delivered to terminal gateway
STG-DEC-00075-07,DEC-00075,7,VERIFY,2026-07-09 01:45:41,COMPLETED,Closed-Loop Recovery,Observed dwell delta reduction,Field telemetry feedback verified
STG-DEC-00075-08,DEC-00075,8,LOG,2026-07-09 01:45:48,COMPLETED,Audit Record Sealed,SHA-256 Digest Confirmed,Tamper-evident record sealed to immutable operational audit store
STG-DEC-00076-01,DEC-00076,1,SIGNAL,2026-07-09 11:00:04,COMPLETED,Trigger Received,Demand surge at PS10,Telemetry ingested from Smart Gate and SCADA DCS
STG-DEC-00076-02,DEC-00076,2,PREDICT,2026-07-09 11:00:13,COMPLETED,Predicted Dwell Blowout,83m turnaround (+18m above baseline SLA),Forecasted queue blowout with 91% confidence
STG-DEC-00076-03,DEC-00076,3,DIAGNOSE,2026-07-09 11:00:19,COMPLETED,Causal Attribution,Tank Recertification Hold,Bottleneck identified at PS10
STG-DEC-00076-04,DEC-00076,4,OPTIMIZE,2026-07-09 11:00:25,COMPLETED,Candidate Ranking,OPT-03 selected (Score 92/100),Evaluated candidate options for -13m recovery
STG-DEC-00076-05,DEC-00076,5,DECIDE,2026-07-09 11:00:31,BLOCKED,L1_ADVISORY Policy Check,Status: BLOCKED_BY_POLICY,Autonomy rule evaluation completed
STG-DEC-00076-06,DEC-00076,6,EXECUTE,2026-07-09 11:00:33,SKIPPED,Actuation Dispatch,Actuation command routed,Control payload delivered to terminal gateway
STG-DEC-00076-07,DEC-00076,7,VERIFY,2026-07-09 11:45:31,SKIPPED,Closed-Loop Recovery,Observed dwell delta reduction,Field telemetry feedback verified
STG-DEC-00076-08,DEC-00076,8,LOG,2026-07-09 11:45:38,COMPLETED,Audit Record Sealed,SHA-256 Digest Confirmed,Tamper-evident record sealed to immutable operational audit store
STG-DEC-00077-01,DEC-00077,1,SIGNAL,2026-07-09 18:59:48,COMPLETED,Trigger Received,Demand surge at PS28,Telemetry ingested from Smart Gate and SCADA DCS
STG-DEC-00077-02,DEC-00077,2,PREDICT,2026-07-09 18:59:57,COMPLETED,Predicted Dwell Blowout,56m turnaround (+11m above baseline SLA),Forecasted queue blowout with 91% confidence
STG-DEC-00077-03,DEC-00077,3,DIAGNOSE,2026-07-09 19:00:03,COMPLETED,Causal Attribution,Gantry Queue Congestion + Slow Metering,Bottleneck identified at PS28
STG-DEC-00077-04,DEC-00077,4,OPTIMIZE,2026-07-09 19:00:09,COMPLETED,Candidate Ranking,OPT-03 selected (Score 92/100),Evaluated candidate options for -8m recovery
STG-DEC-00077-05,DEC-00077,5,DECIDE,2026-07-09 19:00:15,COMPLETED,L2_AUTO_EXECUTABLE Policy Check,Status: EXECUTED,Autonomy rule evaluation completed
STG-DEC-00077-06,DEC-00077,6,EXECUTE,2026-07-09 19:00:17,COMPLETED,Actuation Dispatch,Actuation command routed,Control payload delivered to terminal gateway
STG-DEC-00077-07,DEC-00077,7,VERIFY,2026-07-09 19:45:15,COMPLETED,Closed-Loop Recovery,Observed dwell delta reduction,Field telemetry feedback verified
STG-DEC-00077-08,DEC-00077,8,LOG,2026-07-09 19:45:22,COMPLETED,Audit Record Sealed,SHA-256 Digest Confirmed,Tamper-evident record sealed to immutable operational audit store
STG-DEC-00078-01,DEC-00078,1,SIGNAL,2026-07-10 01:00:01,COMPLETED,Trigger Received,Demand surge at PS28,Telemetry ingested from Smart Gate and SCADA DCS
STG-DEC-00078-02,DEC-00078,2,PREDICT,2026-07-10 01:00:10,COMPLETED,Predicted Dwell Blowout,61m turnaround (+16m above baseline SLA),Forecasted queue blowout with 91% confidence
STG-DEC-00078-03,DEC-00078,3,DIAGNOSE,2026-07-10 01:00:16,COMPLETED,Causal Attribution,Clustered Transporter Arrivals,Bottleneck identified at PS28
STG-DEC-00078-04,DEC-00078,4,OPTIMIZE,2026-07-10 01:00:22,COMPLETED,Candidate Ranking,OPT-03 selected (Score 92/100),Evaluated candidate options for -12m recovery
STG-DEC-00078-05,DEC-00078,5,DECIDE,2026-07-10 01:00:28,COMPLETED,L2_AUTO_EXECUTABLE Policy Check,Status: EXECUTED,Autonomy rule evaluation completed
STG-DEC-00078-06,DEC-00078,6,EXECUTE,2026-07-10 01:00:30,COMPLETED,Actuation Dispatch,Actuation command routed,Control payload delivered to terminal gateway
STG-DEC-00078-07,DEC-00078,7,VERIFY,2026-07-10 01:45:28,COMPLETED,Closed-Loop Recovery,Observed dwell delta reduction,Field telemetry feedback verified
STG-DEC-00078-08,DEC-00078,8,LOG,2026-07-10 01:45:35,COMPLETED,Audit Record Sealed,SHA-256 Digest Confirmed,Tamper-evident record sealed to immutable operational audit store
STG-DEC-00079-01,DEC-00079,1,SIGNAL,2026-07-10 04:00:15,COMPLETED,Trigger Received,Demand surge at PS28,Telemetry ingested from Smart Gate and SCADA DCS
STG-DEC-00079-02,DEC-00079,2,PREDICT,2026-07-10 04:00:24,COMPLETED,Predicted Dwell Blowout,63m turnaround (+18m above baseline SLA),Forecasted queue blowout with 91% confidence
STG-DEC-00079-03,DEC-00079,3,DIAGNOSE,2026-07-10 04:00:30,COMPLETED,Causal Attribution,Gantry Queue Congestion + Slow Metering,Bottleneck identified at PS28
STG-DEC-00079-04,DEC-00079,4,OPTIMIZE,2026-07-10 04:00:36,COMPLETED,Candidate Ranking,OPT-03 selected (Score 92/100),Evaluated candidate options for -13m recovery
STG-DEC-00079-05,DEC-00079,5,DECIDE,2026-07-10 04:00:42,COMPLETED,L2_AUTO_EXECUTABLE Policy Check,Status: EXECUTED,Autonomy rule evaluation completed
STG-DEC-00079-06,DEC-00079,6,EXECUTE,2026-07-10 04:00:44,COMPLETED,Actuation Dispatch,Actuation command routed,Control payload delivered to terminal gateway
STG-DEC-00079-07,DEC-00079,7,VERIFY,2026-07-10 04:45:42,COMPLETED,Closed-Loop Recovery,Observed dwell delta reduction,Field telemetry feedback verified
STG-DEC-00079-08,DEC-00079,8,LOG,2026-07-10 04:45:49,COMPLETED,Audit Record Sealed,SHA-256 Digest Confirmed,Tamper-evident record sealed to immutable operational audit store
STG-DEC-00080-01,DEC-00080,1,SIGNAL,2026-07-10 19:00:12,COMPLETED,Trigger Received,Demand surge at KOT-PS1,Telemetry ingested from Smart Gate and SCADA DCS
STG-DEC-00080-02,DEC-00080,2,PREDICT,2026-07-10 19:00:21,COMPLETED,Predicted Dwell Blowout,106m turnaround (+34m above baseline SLA),Forecasted queue blowout with 91% confidence
STG-DEC-00080-03,DEC-00080,3,DIAGNOSE,2026-07-10 19:00:27,COMPLETED,Causal Attribution,Loading Position Offline for Maintenance,Bottleneck identified at KOT-PS1
STG-DEC-00080-04,DEC-00080,4,OPTIMIZE,2026-07-10 19:00:33,COMPLETED,Candidate Ranking,OPT-03 selected (Score 92/100),Evaluated candidate options for -25m recovery
STG-DEC-00080-05,DEC-00080,5,DECIDE,2026-07-10 19:00:39,BLOCKED,L1_ADVISORY Policy Check,Status: BLOCKED_BY_POLICY,Autonomy rule evaluation completed
STG-DEC-00080-06,DEC-00080,6,EXECUTE,2026-07-10 19:00:41,SKIPPED,Actuation Dispatch,Actuation command routed,Control payload delivered to terminal gateway
STG-DEC-00080-07,DEC-00080,7,VERIFY,2026-07-10 19:45:39,SKIPPED,Closed-Loop Recovery,Observed dwell delta reduction,Field telemetry feedback verified
STG-DEC-00080-08,DEC-00080,8,LOG,2026-07-10 19:45:46,COMPLETED,Audit Record Sealed,SHA-256 Digest Confirmed,Tamper-evident record sealed to immutable operational audit store
STG-DEC-00081-01,DEC-00081,1,SIGNAL,2026-07-10 21:00:03,COMPLETED,Trigger Received,Demand surge at PS10,Telemetry ingested from Smart Gate and SCADA DCS
STG-DEC-00081-02,DEC-00081,2,PREDICT,2026-07-10 21:00:12,COMPLETED,Predicted Dwell Blowout,101m turnaround (+36m above baseline SLA),Forecasted queue blowout with 91% confidence
STG-DEC-00081-03,DEC-00081,3,DIAGNOSE,2026-07-10 21:00:18,COMPLETED,Causal Attribution,Morning Peak Arrival Surge,Bottleneck identified at PS10
STG-DEC-00081-04,DEC-00081,4,OPTIMIZE,2026-07-10 21:00:24,COMPLETED,Candidate Ranking,OPT-03 selected (Score 92/100),Evaluated candidate options for -27m recovery
STG-DEC-00081-05,DEC-00081,5,DECIDE,2026-07-10 21:00:30,COMPLETED,L3_APPROVAL_REQUIRED Policy Check,Status: APPROVED,Autonomy rule evaluation completed
STG-DEC-00081-06,DEC-00081,6,EXECUTE,2026-07-10 21:00:32,COMPLETED,Actuation Dispatch,Actuation command routed,Control payload delivered to terminal gateway
STG-DEC-00081-07,DEC-00081,7,VERIFY,2026-07-10 21:45:30,COMPLETED,Closed-Loop Recovery,Observed dwell delta reduction,Field telemetry feedback verified
STG-DEC-00081-08,DEC-00081,8,LOG,2026-07-10 21:45:37,COMPLETED,Audit Record Sealed,SHA-256 Digest Confirmed,Tamper-evident record sealed to immutable operational audit store
STG-DEC-00082-01,DEC-00082,1,SIGNAL,2026-07-11 03:00:11,COMPLETED,Trigger Received,Demand surge at PS10,Telemetry ingested from Smart Gate and SCADA DCS
STG-DEC-00082-02,DEC-00082,2,PREDICT,2026-07-11 03:00:20,COMPLETED,Predicted Dwell Blowout,109m turnaround (+44m above baseline SLA),Forecasted queue blowout with 91% confidence
STG-DEC-00082-03,DEC-00082,3,DIAGNOSE,2026-07-11 03:00:26,COMPLETED,Causal Attribution,Morning Peak Arrival Surge,Bottleneck identified at PS10
STG-DEC-00082-04,DEC-00082,4,OPTIMIZE,2026-07-11 03:00:32,COMPLETED,Candidate Ranking,OPT-03 selected (Score 92/100),Evaluated candidate options for -33m recovery
STG-DEC-00082-05,DEC-00082,5,DECIDE,2026-07-11 03:00:38,COMPLETED,L1_ADVISORY Policy Check,Status: ADVISORY_POSTED,Autonomy rule evaluation completed
STG-DEC-00082-06,DEC-00082,6,EXECUTE,2026-07-11 03:00:40,SKIPPED,Actuation Dispatch,Actuation command routed,Control payload delivered to terminal gateway
STG-DEC-00082-07,DEC-00082,7,VERIFY,2026-07-11 03:45:38,SKIPPED,Closed-Loop Recovery,Observed dwell delta reduction,Field telemetry feedback verified
STG-DEC-00082-08,DEC-00082,8,LOG,2026-07-11 03:45:45,COMPLETED,Audit Record Sealed,SHA-256 Digest Confirmed,Tamper-evident record sealed to immutable operational audit store
STG-DEC-00083-01,DEC-00083,1,SIGNAL,2026-07-11 09:00:15,COMPLETED,Trigger Received,Demand surge at PS27,Telemetry ingested from Smart Gate and SCADA DCS
STG-DEC-00083-02,DEC-00083,2,PREDICT,2026-07-11 09:00:24,COMPLETED,Predicted Dwell Blowout,68m turnaround (+18m above baseline SLA),Forecasted queue blowout with 91% confidence
STG-DEC-00083-03,DEC-00083,3,DIAGNOSE,2026-07-11 09:00:30,COMPLETED,Causal Attribution,Morning Peak Arrival Surge,Bottleneck identified at PS27
STG-DEC-00083-04,DEC-00083,4,OPTIMIZE,2026-07-11 09:00:36,COMPLETED,Candidate Ranking,OPT-03 selected (Score 92/100),Evaluated candidate options for -13m recovery
STG-DEC-00083-05,DEC-00083,5,DECIDE,2026-07-11 09:00:42,COMPLETED,L2_AUTO_EXECUTABLE Policy Check,Status: EXECUTED,Autonomy rule evaluation completed
STG-DEC-00083-06,DEC-00083,6,EXECUTE,2026-07-11 09:00:44,COMPLETED,Actuation Dispatch,Actuation command routed,Control payload delivered to terminal gateway
STG-DEC-00083-07,DEC-00083,7,VERIFY,2026-07-11 09:45:42,COMPLETED,Closed-Loop Recovery,Observed dwell delta reduction,Field telemetry feedback verified
STG-DEC-00083-08,DEC-00083,8,LOG,2026-07-11 09:45:49,COMPLETED,Audit Record Sealed,SHA-256 Digest Confirmed,Tamper-evident record sealed to immutable operational audit store
STG-DEC-00084-01,DEC-00084,1,SIGNAL,2026-07-11 11:00:17,COMPLETED,Trigger Received,Demand surge at PS10,Telemetry ingested from Smart Gate and SCADA DCS
STG-DEC-00084-02,DEC-00084,2,PREDICT,2026-07-11 11:00:26,COMPLETED,Predicted Dwell Blowout,80m turnaround (+15m above baseline SLA),Forecasted queue blowout with 91% confidence
STG-DEC-00084-03,DEC-00084,3,DIAGNOSE,2026-07-11 11:00:32,COMPLETED,Causal Attribution,Loading Position Offline for Maintenance,Bottleneck identified at PS10
STG-DEC-00084-04,DEC-00084,4,OPTIMIZE,2026-07-11 11:00:38,COMPLETED,Candidate Ranking,OPT-03 selected (Score 92/100),Evaluated candidate options for -11m recovery
STG-DEC-00084-05,DEC-00084,5,DECIDE,2026-07-11 11:00:44,COMPLETED,L2_AUTO_EXECUTABLE Policy Check,Status: EXECUTED,Autonomy rule evaluation completed
STG-DEC-00084-06,DEC-00084,6,EXECUTE,2026-07-11 11:00:46,COMPLETED,Actuation Dispatch,Actuation command routed,Control payload delivered to terminal gateway
STG-DEC-00084-07,DEC-00084,7,VERIFY,2026-07-11 11:45:44,COMPLETED,Closed-Loop Recovery,Observed dwell delta reduction,Field telemetry feedback verified
STG-DEC-00084-08,DEC-00084,8,LOG,2026-07-11 11:45:51,COMPLETED,Audit Record Sealed,SHA-256 Digest Confirmed,Tamper-evident record sealed to immutable operational audit store
STG-DEC-00085-01,DEC-00085,1,SIGNAL,2026-07-11 21:00:02,COMPLETED,Trigger Received,Demand surge at KOT-PS1,Telemetry ingested from Smart Gate and SCADA DCS
STG-DEC-00085-02,DEC-00085,2,PREDICT,2026-07-11 21:00:11,COMPLETED,Predicted Dwell Blowout,91m turnaround (+19m above baseline SLA),Forecasted queue blowout with 91% confidence
STG-DEC-00085-03,DEC-00085,3,DIAGNOSE,2026-07-11 21:00:17,COMPLETED,Causal Attribution,Gantry Queue Congestion + Slow Metering,Bottleneck identified at KOT-PS1
STG-DEC-00085-04,DEC-00085,4,OPTIMIZE,2026-07-11 21:00:23,COMPLETED,Candidate Ranking,OPT-03 selected (Score 92/100),Evaluated candidate options for -14m recovery
STG-DEC-00085-05,DEC-00085,5,DECIDE,2026-07-11 21:00:29,COMPLETED,L2_AUTO_EXECUTABLE Policy Check,Status: EXECUTED,Autonomy rule evaluation completed
STG-DEC-00085-06,DEC-00085,6,EXECUTE,2026-07-11 21:00:31,COMPLETED,Actuation Dispatch,Actuation command routed,Control payload delivered to terminal gateway
STG-DEC-00085-07,DEC-00085,7,VERIFY,2026-07-11 21:45:29,COMPLETED,Closed-Loop Recovery,Observed dwell delta reduction,Field telemetry feedback verified
STG-DEC-00085-08,DEC-00085,8,LOG,2026-07-11 21:45:36,COMPLETED,Audit Record Sealed,SHA-256 Digest Confirmed,Tamper-evident record sealed to immutable operational audit store
STG-DEC-00086-01,DEC-00086,1,SIGNAL,2026-07-12 00:59:52,COMPLETED,Trigger Received,Demand surge at PS25,Telemetry ingested from Smart Gate and SCADA DCS
STG-DEC-00086-02,DEC-00086,2,PREDICT,2026-07-12 01:00:01,COMPLETED,Predicted Dwell Blowout,89m turnaround (+31m above baseline SLA),Forecasted queue blowout with 91% confidence
STG-DEC-00086-03,DEC-00086,3,DIAGNOSE,2026-07-12 01:00:07,COMPLETED,Causal Attribution,Flow Meter Temperature Sensor Drift,Bottleneck identified at PS25
STG-DEC-00086-04,DEC-00086,4,OPTIMIZE,2026-07-12 01:00:13,COMPLETED,Candidate Ranking,OPT-03 selected (Score 92/100),Evaluated candidate options for -23m recovery
STG-DEC-00086-05,DEC-00086,5,DECIDE,2026-07-12 01:00:19,COMPLETED,L2_AUTO_EXECUTABLE Policy Check,Status: EXECUTED,Autonomy rule evaluation completed
STG-DEC-00086-06,DEC-00086,6,EXECUTE,2026-07-12 01:00:21,COMPLETED,Actuation Dispatch,Actuation command routed,Control payload delivered to terminal gateway
STG-DEC-00086-07,DEC-00086,7,VERIFY,2026-07-12 01:45:19,COMPLETED,Closed-Loop Recovery,Observed dwell delta reduction,Field telemetry feedback verified
STG-DEC-00086-08,DEC-00086,8,LOG,2026-07-12 01:45:26,COMPLETED,Audit Record Sealed,SHA-256 Digest Confirmed,Tamper-evident record sealed to immutable operational audit store
STG-DEC-00087-01,DEC-00087,1,SIGNAL,2026-07-12 04:59:54,COMPLETED,Trigger Received,Demand surge at PS10,Telemetry ingested from Smart Gate and SCADA DCS
STG-DEC-00087-02,DEC-00087,2,PREDICT,2026-07-12 05:00:03,COMPLETED,Predicted Dwell Blowout,77m turnaround (+12m above baseline SLA),Forecasted queue blowout with 91% confidence
STG-DEC-00087-03,DEC-00087,3,DIAGNOSE,2026-07-12 05:00:09,COMPLETED,Causal Attribution,Clustered Transporter Arrivals,Bottleneck identified at PS10
STG-DEC-00087-04,DEC-00087,4,OPTIMIZE,2026-07-12 05:00:15,COMPLETED,Candidate Ranking,OPT-03 selected (Score 92/100),Evaluated candidate options for -9m recovery
STG-DEC-00087-05,DEC-00087,5,DECIDE,2026-07-12 05:00:21,COMPLETED,L1_ADVISORY Policy Check,Status: ADVISORY_POSTED,Autonomy rule evaluation completed
STG-DEC-00087-06,DEC-00087,6,EXECUTE,2026-07-12 05:00:23,SKIPPED,Actuation Dispatch,Actuation command routed,Control payload delivered to terminal gateway
STG-DEC-00087-07,DEC-00087,7,VERIFY,2026-07-12 05:45:21,SKIPPED,Closed-Loop Recovery,Observed dwell delta reduction,Field telemetry feedback verified
STG-DEC-00087-08,DEC-00087,8,LOG,2026-07-12 05:45:28,COMPLETED,Audit Record Sealed,SHA-256 Digest Confirmed,Tamper-evident record sealed to immutable operational audit store
STG-DEC-00088-01,DEC-00088,1,SIGNAL,2026-07-12 08:59:55,COMPLETED,Trigger Received,Demand surge at PS27,Telemetry ingested from Smart Gate and SCADA DCS
STG-DEC-00088-02,DEC-00088,2,PREDICT,2026-07-12 09:00:04,COMPLETED,Predicted Dwell Blowout,80m turnaround (+30m above baseline SLA),Forecasted queue blowout with 91% confidence
STG-DEC-00088-03,DEC-00088,3,DIAGNOSE,2026-07-12 09:00:10,COMPLETED,Causal Attribution,Morning Peak Arrival Surge,Bottleneck identified at PS27
STG-DEC-00088-04,DEC-00088,4,OPTIMIZE,2026-07-12 09:00:16,COMPLETED,Candidate Ranking,OPT-03 selected (Score 92/100),Evaluated candidate options for -22m recovery
STG-DEC-00088-05,DEC-00088,5,DECIDE,2026-07-12 09:00:22,COMPLETED,L2_AUTO_EXECUTABLE Policy Check,Status: EXECUTED,Autonomy rule evaluation completed
STG-DEC-00088-06,DEC-00088,6,EXECUTE,2026-07-12 09:00:24,COMPLETED,Actuation Dispatch,Actuation command routed,Control payload delivered to terminal gateway
STG-DEC-00088-07,DEC-00088,7,VERIFY,2026-07-12 09:45:22,COMPLETED,Closed-Loop Recovery,Observed dwell delta reduction,Field telemetry feedback verified
STG-DEC-00088-08,DEC-00088,8,LOG,2026-07-12 09:45:29,COMPLETED,Audit Record Sealed,SHA-256 Digest Confirmed,Tamper-evident record sealed to immutable operational audit store
STG-DEC-00089-01,DEC-00089,1,SIGNAL,2026-07-12 18:00:04,COMPLETED,Trigger Received,Demand surge at KOT-PS1,Telemetry ingested from Smart Gate and SCADA DCS
STG-DEC-00089-02,DEC-00089,2,PREDICT,2026-07-12 18:00:13,COMPLETED,Predicted Dwell Blowout,92m turnaround (+20m above baseline SLA),Forecasted queue blowout with 91% confidence
STG-DEC-00089-03,DEC-00089,3,DIAGNOSE,2026-07-12 18:00:19,COMPLETED,Causal Attribution,Flow Meter Temperature Sensor Drift,Bottleneck identified at KOT-PS1
STG-DEC-00089-04,DEC-00089,4,OPTIMIZE,2026-07-12 18:00:25,COMPLETED,Candidate Ranking,OPT-03 selected (Score 92/100),Evaluated candidate options for -15m recovery
STG-DEC-00089-05,DEC-00089,5,DECIDE,2026-07-12 18:00:31,COMPLETED,L1_ADVISORY Policy Check,Status: ADVISORY_POSTED,Autonomy rule evaluation completed
STG-DEC-00089-06,DEC-00089,6,EXECUTE,2026-07-12 18:00:33,SKIPPED,Actuation Dispatch,Actuation command routed,Control payload delivered to terminal gateway
STG-DEC-00089-07,DEC-00089,7,VERIFY,2026-07-12 18:45:31,SKIPPED,Closed-Loop Recovery,Observed dwell delta reduction,Field telemetry feedback verified
STG-DEC-00089-08,DEC-00089,8,LOG,2026-07-12 18:45:38,COMPLETED,Audit Record Sealed,SHA-256 Digest Confirmed,Tamper-evident record sealed to immutable operational audit store
STG-DEC-00090-01,DEC-00090,1,SIGNAL,2026-07-12 21:00:15,COMPLETED,Trigger Received,Demand surge at KOT-PS1,Telemetry ingested from Smart Gate and SCADA DCS
STG-DEC-00090-02,DEC-00090,2,PREDICT,2026-07-12 21:00:24,COMPLETED,Predicted Dwell Blowout,88m turnaround (+16m above baseline SLA),Forecasted queue blowout with 91% confidence
STG-DEC-00090-03,DEC-00090,3,DIAGNOSE,2026-07-12 21:00:30,COMPLETED,Causal Attribution,Flow Meter Temperature Sensor Drift,Bottleneck identified at KOT-PS1
STG-DEC-00090-04,DEC-00090,4,OPTIMIZE,2026-07-12 21:00:36,COMPLETED,Candidate Ranking,OPT-03 selected (Score 92/100),Evaluated candidate options for -12m recovery
STG-DEC-00090-05,DEC-00090,5,DECIDE,2026-07-12 21:00:42,COMPLETED,L2_AUTO_EXECUTABLE Policy Check,Status: EXECUTED,Autonomy rule evaluation completed
STG-DEC-00090-06,DEC-00090,6,EXECUTE,2026-07-12 21:00:44,COMPLETED,Actuation Dispatch,Actuation command routed,Control payload delivered to terminal gateway
STG-DEC-00090-07,DEC-00090,7,VERIFY,2026-07-12 21:45:42,COMPLETED,Closed-Loop Recovery,Observed dwell delta reduction,Field telemetry feedback verified
STG-DEC-00090-08,DEC-00090,8,LOG,2026-07-12 21:45:49,COMPLETED,Audit Record Sealed,SHA-256 Digest Confirmed,Tamper-evident record sealed to immutable operational audit store
STG-DEC-00091-01,DEC-00091,1,SIGNAL,2026-07-13 08:59:52,COMPLETED,Trigger Received,Demand surge at PS27,Telemetry ingested from Smart Gate and SCADA DCS
STG-DEC-00091-02,DEC-00091,2,PREDICT,2026-07-13 09:00:01,COMPLETED,Predicted Dwell Blowout,70m turnaround (+20m above baseline SLA),Forecasted queue blowout with 91% confidence
STG-DEC-00091-03,DEC-00091,3,DIAGNOSE,2026-07-13 09:00:07,COMPLETED,Causal Attribution,Morning Peak Arrival Surge,Bottleneck identified at PS27
STG-DEC-00091-04,DEC-00091,4,OPTIMIZE,2026-07-13 09:00:13,COMPLETED,Candidate Ranking,OPT-03 selected (Score 92/100),Evaluated candidate options for -15m recovery
STG-DEC-00091-05,DEC-00091,5,DECIDE,2026-07-13 09:00:19,COMPLETED,L2_AUTO_EXECUTABLE Policy Check,Status: EXECUTED,Autonomy rule evaluation completed
STG-DEC-00091-06,DEC-00091,6,EXECUTE,2026-07-13 09:00:21,COMPLETED,Actuation Dispatch,Actuation command routed,Control payload delivered to terminal gateway
STG-DEC-00091-07,DEC-00091,7,VERIFY,2026-07-13 09:45:19,COMPLETED,Closed-Loop Recovery,Observed dwell delta reduction,Field telemetry feedback verified
STG-DEC-00091-08,DEC-00091,8,LOG,2026-07-13 09:45:26,COMPLETED,Audit Record Sealed,SHA-256 Digest Confirmed,Tamper-evident record sealed to immutable operational audit store
STG-DEC-00092-01,DEC-00092,1,SIGNAL,2026-07-13 14:59:57,COMPLETED,Trigger Received,Demand surge at PS10,Telemetry ingested from Smart Gate and SCADA DCS
STG-DEC-00092-02,DEC-00092,2,PREDICT,2026-07-13 15:00:06,COMPLETED,Predicted Dwell Blowout,84m turnaround (+19m above baseline SLA),Forecasted queue blowout with 91% confidence
STG-DEC-00092-03,DEC-00092,3,DIAGNOSE,2026-07-13 15:00:12,COMPLETED,Causal Attribution,Tank Recertification Hold,Bottleneck identified at PS10
STG-DEC-00092-04,DEC-00092,4,OPTIMIZE,2026-07-13 15:00:18,COMPLETED,Candidate Ranking,OPT-03 selected (Score 92/100),Evaluated candidate options for -14m recovery
STG-DEC-00092-05,DEC-00092,5,DECIDE,2026-07-13 15:00:24,COMPLETED,L1_ADVISORY Policy Check,Status: ADVISORY_POSTED,Autonomy rule evaluation completed
STG-DEC-00092-06,DEC-00092,6,EXECUTE,2026-07-13 15:00:26,SKIPPED,Actuation Dispatch,Actuation command routed,Control payload delivered to terminal gateway
STG-DEC-00092-07,DEC-00092,7,VERIFY,2026-07-13 15:45:24,SKIPPED,Closed-Loop Recovery,Observed dwell delta reduction,Field telemetry feedback verified
STG-DEC-00092-08,DEC-00092,8,LOG,2026-07-13 15:45:31,COMPLETED,Audit Record Sealed,SHA-256 Digest Confirmed,Tamper-evident record sealed to immutable operational audit store
STG-DEC-00093-01,DEC-00093,1,SIGNAL,2026-07-14 08:00:12,COMPLETED,Trigger Received,Demand surge at PS10,Telemetry ingested from Smart Gate and SCADA DCS
STG-DEC-00093-02,DEC-00093,2,PREDICT,2026-07-14 08:00:21,COMPLETED,Predicted Dwell Blowout,80m turnaround (+15m above baseline SLA),Forecasted queue blowout with 91% confidence
STG-DEC-00093-03,DEC-00093,3,DIAGNOSE,2026-07-14 08:00:27,COMPLETED,Causal Attribution,Tank Recertification Hold,Bottleneck identified at PS10
STG-DEC-00093-04,DEC-00093,4,OPTIMIZE,2026-07-14 08:00:33,COMPLETED,Candidate Ranking,OPT-03 selected (Score 92/100),Evaluated candidate options for -11m recovery
STG-DEC-00093-05,DEC-00093,5,DECIDE,2026-07-14 08:00:39,BLOCKED,L1_ADVISORY Policy Check,Status: BLOCKED_BY_POLICY,Autonomy rule evaluation completed
STG-DEC-00093-06,DEC-00093,6,EXECUTE,2026-07-14 08:00:41,SKIPPED,Actuation Dispatch,Actuation command routed,Control payload delivered to terminal gateway
STG-DEC-00093-07,DEC-00093,7,VERIFY,2026-07-14 08:45:39,SKIPPED,Closed-Loop Recovery,Observed dwell delta reduction,Field telemetry feedback verified
STG-DEC-00093-08,DEC-00093,8,LOG,2026-07-14 08:45:46,COMPLETED,Audit Record Sealed,SHA-256 Digest Confirmed,Tamper-evident record sealed to immutable operational audit store
STG-DEC-00094-01,DEC-00094,1,SIGNAL,2026-07-15 12:00:04,COMPLETED,Trigger Received,Demand surge at KOT-PS1,Telemetry ingested from Smart Gate and SCADA DCS
STG-DEC-00094-02,DEC-00094,2,PREDICT,2026-07-15 12:00:13,COMPLETED,Predicted Dwell Blowout,84m turnaround (+12m above baseline SLA),Forecasted queue blowout with 91% confidence
STG-DEC-00094-03,DEC-00094,3,DIAGNOSE,2026-07-15 12:00:19,COMPLETED,Causal Attribution,Flow Meter Temperature Sensor Drift,Bottleneck identified at KOT-PS1
STG-DEC-00094-04,DEC-00094,4,OPTIMIZE,2026-07-15 12:00:25,COMPLETED,Candidate Ranking,OPT-03 selected (Score 92/100),Evaluated candidate options for -9m recovery
STG-DEC-00094-05,DEC-00094,5,DECIDE,2026-07-15 12:00:31,COMPLETED,L2_AUTO_EXECUTABLE Policy Check,Status: EXECUTED,Autonomy rule evaluation completed
STG-DEC-00094-06,DEC-00094,6,EXECUTE,2026-07-15 12:00:33,COMPLETED,Actuation Dispatch,Actuation command routed,Control payload delivered to terminal gateway
STG-DEC-00094-07,DEC-00094,7,VERIFY,2026-07-15 12:45:31,COMPLETED,Closed-Loop Recovery,Observed dwell delta reduction,Field telemetry feedback verified
STG-DEC-00094-08,DEC-00094,8,LOG,2026-07-15 12:45:38,COMPLETED,Audit Record Sealed,SHA-256 Digest Confirmed,Tamper-evident record sealed to immutable operational audit store
STG-DEC-00095-01,DEC-00095,1,SIGNAL,2026-07-15 19:00:09,COMPLETED,Trigger Received,Demand surge at PS27,Telemetry ingested from Smart Gate and SCADA DCS
STG-DEC-00095-02,DEC-00095,2,PREDICT,2026-07-15 19:00:18,COMPLETED,Predicted Dwell Blowout,63m turnaround (+13m above baseline SLA),Forecasted queue blowout with 91% confidence
STG-DEC-00095-03,DEC-00095,3,DIAGNOSE,2026-07-15 19:00:24,COMPLETED,Causal Attribution,Clustered Transporter Arrivals,Bottleneck identified at PS27
STG-DEC-00095-04,DEC-00095,4,OPTIMIZE,2026-07-15 19:00:30,COMPLETED,Candidate Ranking,OPT-03 selected (Score 92/100),Evaluated candidate options for -9m recovery
STG-DEC-00095-05,DEC-00095,5,DECIDE,2026-07-15 19:00:36,COMPLETED,L2_AUTO_EXECUTABLE Policy Check,Status: EXECUTED,Autonomy rule evaluation completed
STG-DEC-00095-06,DEC-00095,6,EXECUTE,2026-07-15 19:00:38,COMPLETED,Actuation Dispatch,Actuation command routed,Control payload delivered to terminal gateway
STG-DEC-00095-07,DEC-00095,7,VERIFY,2026-07-15 19:45:36,COMPLETED,Closed-Loop Recovery,Observed dwell delta reduction,Field telemetry feedback verified
STG-DEC-00095-08,DEC-00095,8,LOG,2026-07-15 19:45:43,COMPLETED,Audit Record Sealed,SHA-256 Digest Confirmed,Tamper-evident record sealed to immutable operational audit store
STG-DEC-00096-01,DEC-00096,1,SIGNAL,2026-07-16 19:59:59,COMPLETED,Trigger Received,Demand surge at PS10,Telemetry ingested from Smart Gate and SCADA DCS
STG-DEC-00096-02,DEC-00096,2,PREDICT,2026-07-16 20:00:08,COMPLETED,Predicted Dwell Blowout,102m turnaround (+37m above baseline SLA),Forecasted queue blowout with 91% confidence
STG-DEC-00096-03,DEC-00096,3,DIAGNOSE,2026-07-16 20:00:14,COMPLETED,Causal Attribution,Tank Recertification Hold,Bottleneck identified at PS10
STG-DEC-00096-04,DEC-00096,4,OPTIMIZE,2026-07-16 20:00:20,COMPLETED,Candidate Ranking,OPT-03 selected (Score 92/100),Evaluated candidate options for -27m recovery
STG-DEC-00096-05,DEC-00096,5,DECIDE,2026-07-16 20:00:26,COMPLETED,L1_ADVISORY Policy Check,Status: ADVISORY_POSTED,Autonomy rule evaluation completed
STG-DEC-00096-06,DEC-00096,6,EXECUTE,2026-07-16 20:00:28,SKIPPED,Actuation Dispatch,Actuation command routed,Control payload delivered to terminal gateway
STG-DEC-00096-07,DEC-00096,7,VERIFY,2026-07-16 20:45:26,SKIPPED,Closed-Loop Recovery,Observed dwell delta reduction,Field telemetry feedback verified
STG-DEC-00096-08,DEC-00096,8,LOG,2026-07-16 20:45:33,COMPLETED,Audit Record Sealed,SHA-256 Digest Confirmed,Tamper-evident record sealed to immutable operational audit store
STG-DEC-00097-01,DEC-00097,1,SIGNAL,2026-07-17 00:00:08,COMPLETED,Trigger Received,Demand surge at PS25,Telemetry ingested from Smart Gate and SCADA DCS
STG-DEC-00097-02,DEC-00097,2,PREDICT,2026-07-17 00:00:17,COMPLETED,Predicted Dwell Blowout,73m turnaround (+15m above baseline SLA),Forecasted queue blowout with 91% confidence
STG-DEC-00097-03,DEC-00097,3,DIAGNOSE,2026-07-17 00:00:23,COMPLETED,Causal Attribution,Gantry Queue Congestion + Slow Metering,Bottleneck identified at PS25
STG-DEC-00097-04,DEC-00097,4,OPTIMIZE,2026-07-17 00:00:29,COMPLETED,Candidate Ranking,OPT-03 selected (Score 92/100),Evaluated candidate options for -11m recovery
STG-DEC-00097-05,DEC-00097,5,DECIDE,2026-07-17 00:00:35,COMPLETED,L2_AUTO_EXECUTABLE Policy Check,Status: EXECUTED,Autonomy rule evaluation completed
STG-DEC-00097-06,DEC-00097,6,EXECUTE,2026-07-17 00:00:37,COMPLETED,Actuation Dispatch,Actuation command routed,Control payload delivered to terminal gateway
STG-DEC-00097-07,DEC-00097,7,VERIFY,2026-07-17 00:45:35,COMPLETED,Closed-Loop Recovery,Observed dwell delta reduction,Field telemetry feedback verified
STG-DEC-00097-08,DEC-00097,8,LOG,2026-07-17 00:45:42,COMPLETED,Audit Record Sealed,SHA-256 Digest Confirmed,Tamper-evident record sealed to immutable operational audit store
STG-DEC-00098-01,DEC-00098,1,SIGNAL,2026-07-17 07:59:57,COMPLETED,Trigger Received,Demand surge at PS27,Telemetry ingested from Smart Gate and SCADA DCS
STG-DEC-00098-02,DEC-00098,2,PREDICT,2026-07-17 08:00:06,COMPLETED,Predicted Dwell Blowout,66m turnaround (+16m above baseline SLA),Forecasted queue blowout with 91% confidence
STG-DEC-00098-03,DEC-00098,3,DIAGNOSE,2026-07-17 08:00:12,COMPLETED,Causal Attribution,Flow Meter Temperature Sensor Drift,Bottleneck identified at PS27
STG-DEC-00098-04,DEC-00098,4,OPTIMIZE,2026-07-17 08:00:18,COMPLETED,Candidate Ranking,OPT-03 selected (Score 92/100),Evaluated candidate options for -12m recovery
STG-DEC-00098-05,DEC-00098,5,DECIDE,2026-07-17 08:00:24,COMPLETED,L2_AUTO_EXECUTABLE Policy Check,Status: EXECUTED,Autonomy rule evaluation completed
STG-DEC-00098-06,DEC-00098,6,EXECUTE,2026-07-17 08:00:26,COMPLETED,Actuation Dispatch,Actuation command routed,Control payload delivered to terminal gateway
STG-DEC-00098-07,DEC-00098,7,VERIFY,2026-07-17 08:45:24,COMPLETED,Closed-Loop Recovery,Observed dwell delta reduction,Field telemetry feedback verified
STG-DEC-00098-08,DEC-00098,8,LOG,2026-07-17 08:45:31,COMPLETED,Audit Record Sealed,SHA-256 Digest Confirmed,Tamper-evident record sealed to immutable operational audit store
STG-DEC-00099-01,DEC-00099,1,SIGNAL,2026-07-17 22:00:06,COMPLETED,Trigger Received,Demand surge at KOT-PS1,Telemetry ingested from Smart Gate and SCADA DCS
STG-DEC-00099-02,DEC-00099,2,PREDICT,2026-07-17 22:00:15,COMPLETED,Predicted Dwell Blowout,84m turnaround (+12m above baseline SLA),Forecasted queue blowout with 91% confidence
STG-DEC-00099-03,DEC-00099,3,DIAGNOSE,2026-07-17 22:00:21,COMPLETED,Causal Attribution,Morning Peak Arrival Surge,Bottleneck identified at KOT-PS1
STG-DEC-00099-04,DEC-00099,4,OPTIMIZE,2026-07-17 22:00:27,COMPLETED,Candidate Ranking,OPT-03 selected (Score 92/100),Evaluated candidate options for -9m recovery
STG-DEC-00099-05,DEC-00099,5,DECIDE,2026-07-17 22:00:33,COMPLETED,L1_ADVISORY Policy Check,Status: ADVISORY_POSTED,Autonomy rule evaluation completed
STG-DEC-00099-06,DEC-00099,6,EXECUTE,2026-07-17 22:00:35,SKIPPED,Actuation Dispatch,Actuation command routed,Control payload delivered to terminal gateway
STG-DEC-00099-07,DEC-00099,7,VERIFY,2026-07-17 22:45:33,SKIPPED,Closed-Loop Recovery,Observed dwell delta reduction,Field telemetry feedback verified
STG-DEC-00099-08,DEC-00099,8,LOG,2026-07-17 22:45:40,COMPLETED,Audit Record Sealed,SHA-256 Digest Confirmed,Tamper-evident record sealed to immutable operational audit store
STG-DEC-00100-01,DEC-00100,1,SIGNAL,2026-07-18 01:00:10,COMPLETED,Trigger Received,Demand surge at KOT-PS1,Telemetry ingested from Smart Gate and SCADA DCS
STG-DEC-00100-02,DEC-00100,2,PREDICT,2026-07-18 01:00:19,COMPLETED,Predicted Dwell Blowout,98m turnaround (+26m above baseline SLA),Forecasted queue blowout with 91% confidence
STG-DEC-00100-03,DEC-00100,3,DIAGNOSE,2026-07-18 01:00:25,COMPLETED,Causal Attribution,Clustered Transporter Arrivals,Bottleneck identified at KOT-PS1
STG-DEC-00100-04,DEC-00100,4,OPTIMIZE,2026-07-18 01:00:31,COMPLETED,Candidate Ranking,OPT-03 selected (Score 92/100),Evaluated candidate options for -19m recovery
STG-DEC-00100-05,DEC-00100,5,DECIDE,2026-07-18 01:00:37,COMPLETED,L3_APPROVAL_REQUIRED Policy Check,Status: APPROVED,Autonomy rule evaluation completed
STG-DEC-00100-06,DEC-00100,6,EXECUTE,2026-07-18 01:00:39,COMPLETED,Actuation Dispatch,Actuation command routed,Control payload delivered to terminal gateway
STG-DEC-00100-07,DEC-00100,7,VERIFY,2026-07-18 01:45:37,COMPLETED,Closed-Loop Recovery,Observed dwell delta reduction,Field telemetry feedback verified
STG-DEC-00100-08,DEC-00100,8,LOG,2026-07-18 01:45:44,COMPLETED,Audit Record Sealed,SHA-256 Digest Confirmed,Tamper-evident record sealed to immutable operational audit store
STG-DEC-00101-01,DEC-00101,1,SIGNAL,2026-07-18 17:00:00,COMPLETED,Trigger Received,Demand surge at KOT-PS1,Telemetry ingested from Smart Gate and SCADA DCS
STG-DEC-00101-02,DEC-00101,2,PREDICT,2026-07-18 17:00:09,COMPLETED,Predicted Dwell Blowout,79m turnaround (+7m above baseline SLA),Forecasted queue blowout with 91% confidence
STG-DEC-00101-03,DEC-00101,3,DIAGNOSE,2026-07-18 17:00:15,COMPLETED,Causal Attribution,Tank Recertification Hold,Bottleneck identified at KOT-PS1
STG-DEC-00101-04,DEC-00101,4,OPTIMIZE,2026-07-18 17:00:21,COMPLETED,Candidate Ranking,OPT-03 selected (Score 92/100),Evaluated candidate options for -5m recovery
STG-DEC-00101-05,DEC-00101,5,DECIDE,2026-07-18 17:00:27,COMPLETED,L1_ADVISORY Policy Check,Status: ADVISORY_POSTED,Autonomy rule evaluation completed
STG-DEC-00101-06,DEC-00101,6,EXECUTE,2026-07-18 17:00:29,SKIPPED,Actuation Dispatch,Actuation command routed,Control payload delivered to terminal gateway
STG-DEC-00101-07,DEC-00101,7,VERIFY,2026-07-18 17:45:27,SKIPPED,Closed-Loop Recovery,Observed dwell delta reduction,Field telemetry feedback verified
STG-DEC-00101-08,DEC-00101,8,LOG,2026-07-18 17:45:34,COMPLETED,Audit Record Sealed,SHA-256 Digest Confirmed,Tamper-evident record sealed to immutable operational audit store
STG-DEC-00102-01,DEC-00102,1,SIGNAL,2026-07-19 02:59:58,COMPLETED,Trigger Received,Demand surge at KOT-PS1,Telemetry ingested from Smart Gate and SCADA DCS
STG-DEC-00102-02,DEC-00102,2,PREDICT,2026-07-19 03:00:07,COMPLETED,Predicted Dwell Blowout,82m turnaround (+10m above baseline SLA),Forecasted queue blowout with 91% confidence
STG-DEC-00102-03,DEC-00102,3,DIAGNOSE,2026-07-19 03:00:13,COMPLETED,Causal Attribution,Loading Position Offline for Maintenance,Bottleneck identified at KOT-PS1
STG-DEC-00102-04,DEC-00102,4,OPTIMIZE,2026-07-19 03:00:19,COMPLETED,Candidate Ranking,OPT-03 selected (Score 92/100),Evaluated candidate options for -7m recovery
STG-DEC-00102-05,DEC-00102,5,DECIDE,2026-07-19 03:00:25,COMPLETED,L2_AUTO_EXECUTABLE Policy Check,Status: EXECUTED,Autonomy rule evaluation completed
STG-DEC-00102-06,DEC-00102,6,EXECUTE,2026-07-19 03:00:27,COMPLETED,Actuation Dispatch,Actuation command routed,Control payload delivered to terminal gateway
STG-DEC-00102-07,DEC-00102,7,VERIFY,2026-07-19 03:45:25,COMPLETED,Closed-Loop Recovery,Observed dwell delta reduction,Field telemetry feedback verified
STG-DEC-00102-08,DEC-00102,8,LOG,2026-07-19 03:45:32,COMPLETED,Audit Record Sealed,SHA-256 Digest Confirmed,Tamper-evident record sealed to immutable operational audit store
STG-DEC-00103-01,DEC-00103,1,SIGNAL,2026-07-19 05:59:53,COMPLETED,Trigger Received,Demand surge at PS10,Telemetry ingested from Smart Gate and SCADA DCS
STG-DEC-00103-02,DEC-00103,2,PREDICT,2026-07-19 06:00:02,COMPLETED,Predicted Dwell Blowout,90m turnaround (+25m above baseline SLA),Forecasted queue blowout with 91% confidence
STG-DEC-00103-03,DEC-00103,3,DIAGNOSE,2026-07-19 06:00:08,COMPLETED,Causal Attribution,Clustered Transporter Arrivals,Bottleneck identified at PS10
STG-DEC-00103-04,DEC-00103,4,OPTIMIZE,2026-07-19 06:00:14,COMPLETED,Candidate Ranking,OPT-03 selected (Score 92/100),Evaluated candidate options for -18m recovery
STG-DEC-00103-05,DEC-00103,5,DECIDE,2026-07-19 06:00:20,COMPLETED,L3_APPROVAL_REQUIRED Policy Check,Status: APPROVED,Autonomy rule evaluation completed
STG-DEC-00103-06,DEC-00103,6,EXECUTE,2026-07-19 06:00:22,COMPLETED,Actuation Dispatch,Actuation command routed,Control payload delivered to terminal gateway
STG-DEC-00103-07,DEC-00103,7,VERIFY,2026-07-19 06:45:20,COMPLETED,Closed-Loop Recovery,Observed dwell delta reduction,Field telemetry feedback verified
STG-DEC-00103-08,DEC-00103,8,LOG,2026-07-19 06:45:27,COMPLETED,Audit Record Sealed,SHA-256 Digest Confirmed,Tamper-evident record sealed to immutable operational audit store
STG-DEC-00104-01,DEC-00104,1,SIGNAL,2026-07-19 12:00:05,COMPLETED,Trigger Received,Demand surge at PS10,Telemetry ingested from Smart Gate and SCADA DCS
STG-DEC-00104-02,DEC-00104,2,PREDICT,2026-07-19 12:00:14,COMPLETED,Predicted Dwell Blowout,74m turnaround (+9m above baseline SLA),Forecasted queue blowout with 91% confidence
STG-DEC-00104-03,DEC-00104,3,DIAGNOSE,2026-07-19 12:00:20,COMPLETED,Causal Attribution,Tank Recertification Hold,Bottleneck identified at PS10
STG-DEC-00104-04,DEC-00104,4,OPTIMIZE,2026-07-19 12:00:26,COMPLETED,Candidate Ranking,OPT-03 selected (Score 92/100),Evaluated candidate options for -6m recovery
STG-DEC-00104-05,DEC-00104,5,DECIDE,2026-07-19 12:00:32,COMPLETED,L2_AUTO_EXECUTABLE Policy Check,Status: EXECUTED,Autonomy rule evaluation completed
STG-DEC-00104-06,DEC-00104,6,EXECUTE,2026-07-19 12:00:34,COMPLETED,Actuation Dispatch,Actuation command routed,Control payload delivered to terminal gateway
STG-DEC-00104-07,DEC-00104,7,VERIFY,2026-07-19 12:45:32,COMPLETED,Closed-Loop Recovery,Observed dwell delta reduction,Field telemetry feedback verified
STG-DEC-00104-08,DEC-00104,8,LOG,2026-07-19 12:45:39,COMPLETED,Audit Record Sealed,SHA-256 Digest Confirmed,Tamper-evident record sealed to immutable operational audit store
STG-DEC-00105-01,DEC-00105,1,SIGNAL,2026-07-19 20:59:48,COMPLETED,Trigger Received,Demand surge at KOT-PS1,Telemetry ingested from Smart Gate and SCADA DCS
STG-DEC-00105-02,DEC-00105,2,PREDICT,2026-07-19 20:59:57,COMPLETED,Predicted Dwell Blowout,84m turnaround (+12m above baseline SLA),Forecasted queue blowout with 91% confidence
STG-DEC-00105-03,DEC-00105,3,DIAGNOSE,2026-07-19 21:00:03,COMPLETED,Causal Attribution,Loading Position Offline for Maintenance,Bottleneck identified at KOT-PS1
STG-DEC-00105-04,DEC-00105,4,OPTIMIZE,2026-07-19 21:00:09,COMPLETED,Candidate Ranking,OPT-03 selected (Score 92/100),Evaluated candidate options for -9m recovery
STG-DEC-00105-05,DEC-00105,5,DECIDE,2026-07-19 21:00:15,COMPLETED,L2_AUTO_EXECUTABLE Policy Check,Status: EXECUTED,Autonomy rule evaluation completed
STG-DEC-00105-06,DEC-00105,6,EXECUTE,2026-07-19 21:00:17,COMPLETED,Actuation Dispatch,Actuation command routed,Control payload delivered to terminal gateway
STG-DEC-00105-07,DEC-00105,7,VERIFY,2026-07-19 21:45:15,COMPLETED,Closed-Loop Recovery,Observed dwell delta reduction,Field telemetry feedback verified
STG-DEC-00105-08,DEC-00105,8,LOG,2026-07-19 21:45:22,COMPLETED,Audit Record Sealed,SHA-256 Digest Confirmed,Tamper-evident record sealed to immutable operational audit store
STG-DEC-00106-01,DEC-00106,1,SIGNAL,2026-07-20 19:00:03,COMPLETED,Trigger Received,Demand surge at PS28,Telemetry ingested from Smart Gate and SCADA DCS
STG-DEC-00106-02,DEC-00106,2,PREDICT,2026-07-20 19:00:12,COMPLETED,Predicted Dwell Blowout,55m turnaround (+10m above baseline SLA),Forecasted queue blowout with 91% confidence
STG-DEC-00106-03,DEC-00106,3,DIAGNOSE,2026-07-20 19:00:18,COMPLETED,Causal Attribution,Loading Position Offline for Maintenance,Bottleneck identified at PS28
STG-DEC-00106-04,DEC-00106,4,OPTIMIZE,2026-07-20 19:00:24,COMPLETED,Candidate Ranking,OPT-03 selected (Score 92/100),Evaluated candidate options for -7m recovery
STG-DEC-00106-05,DEC-00106,5,DECIDE,2026-07-20 19:00:30,COMPLETED,L2_AUTO_EXECUTABLE Policy Check,Status: EXECUTED,Autonomy rule evaluation completed
STG-DEC-00106-06,DEC-00106,6,EXECUTE,2026-07-20 19:00:32,COMPLETED,Actuation Dispatch,Actuation command routed,Control payload delivered to terminal gateway
STG-DEC-00106-07,DEC-00106,7,VERIFY,2026-07-20 19:45:30,COMPLETED,Closed-Loop Recovery,Observed dwell delta reduction,Field telemetry feedback verified
STG-DEC-00106-08,DEC-00106,8,LOG,2026-07-20 19:45:37,COMPLETED,Audit Record Sealed,SHA-256 Digest Confirmed,Tamper-evident record sealed to immutable operational audit store
STG-DEC-00107-01,DEC-00107,1,SIGNAL,2026-07-20 21:59:54,COMPLETED,Trigger Received,Demand surge at PS28,Telemetry ingested from Smart Gate and SCADA DCS
STG-DEC-00107-02,DEC-00107,2,PREDICT,2026-07-20 22:00:03,COMPLETED,Predicted Dwell Blowout,60m turnaround (+15m above baseline SLA),Forecasted queue blowout with 91% confidence
STG-DEC-00107-03,DEC-00107,3,DIAGNOSE,2026-07-20 22:00:09,COMPLETED,Causal Attribution,Clustered Transporter Arrivals,Bottleneck identified at PS28
STG-DEC-00107-04,DEC-00107,4,OPTIMIZE,2026-07-20 22:00:15,COMPLETED,Candidate Ranking,OPT-03 selected (Score 92/100),Evaluated candidate options for -11m recovery
STG-DEC-00107-05,DEC-00107,5,DECIDE,2026-07-20 22:00:21,COMPLETED,L3_APPROVAL_REQUIRED Policy Check,Status: APPROVED,Autonomy rule evaluation completed
STG-DEC-00107-06,DEC-00107,6,EXECUTE,2026-07-20 22:00:23,COMPLETED,Actuation Dispatch,Actuation command routed,Control payload delivered to terminal gateway
STG-DEC-00107-07,DEC-00107,7,VERIFY,2026-07-20 22:45:21,COMPLETED,Closed-Loop Recovery,Observed dwell delta reduction,Field telemetry feedback verified
STG-DEC-00107-08,DEC-00107,8,LOG,2026-07-20 22:45:28,COMPLETED,Audit Record Sealed,SHA-256 Digest Confirmed,Tamper-evident record sealed to immutable operational audit store
STG-DEC-00108-01,DEC-00108,1,SIGNAL,2026-07-21 02:00:17,COMPLETED,Trigger Received,Demand surge at PS10,Telemetry ingested from Smart Gate and SCADA DCS
STG-DEC-00108-02,DEC-00108,2,PREDICT,2026-07-21 02:00:26,COMPLETED,Predicted Dwell Blowout,80m turnaround (+15m above baseline SLA),Forecasted queue blowout with 91% confidence
STG-DEC-00108-03,DEC-00108,3,DIAGNOSE,2026-07-21 02:00:32,COMPLETED,Causal Attribution,Flow Meter Temperature Sensor Drift,Bottleneck identified at PS10
STG-DEC-00108-04,DEC-00108,4,OPTIMIZE,2026-07-21 02:00:38,COMPLETED,Candidate Ranking,OPT-03 selected (Score 92/100),Evaluated candidate options for -11m recovery
STG-DEC-00108-05,DEC-00108,5,DECIDE,2026-07-21 02:00:44,COMPLETED,L2_AUTO_EXECUTABLE Policy Check,Status: EXECUTED,Autonomy rule evaluation completed
STG-DEC-00108-06,DEC-00108,6,EXECUTE,2026-07-21 02:00:46,COMPLETED,Actuation Dispatch,Actuation command routed,Control payload delivered to terminal gateway
STG-DEC-00108-07,DEC-00108,7,VERIFY,2026-07-21 02:45:44,COMPLETED,Closed-Loop Recovery,Observed dwell delta reduction,Field telemetry feedback verified
STG-DEC-00108-08,DEC-00108,8,LOG,2026-07-21 02:45:51,COMPLETED,Audit Record Sealed,SHA-256 Digest Confirmed,Tamper-evident record sealed to immutable operational audit store
STG-DEC-00109-01,DEC-00109,1,SIGNAL,2026-07-21 15:00:04,COMPLETED,Trigger Received,Demand surge at PS28,Telemetry ingested from Smart Gate and SCADA DCS
STG-DEC-00109-02,DEC-00109,2,PREDICT,2026-07-21 15:00:13,COMPLETED,Predicted Dwell Blowout,84m turnaround (+39m above baseline SLA),Forecasted queue blowout with 91% confidence
STG-DEC-00109-03,DEC-00109,3,DIAGNOSE,2026-07-21 15:00:19,COMPLETED,Causal Attribution,Tank Recertification Hold,Bottleneck identified at PS28
STG-DEC-00109-04,DEC-00109,4,OPTIMIZE,2026-07-21 15:00:25,COMPLETED,Candidate Ranking,OPT-03 selected (Score 92/100),Evaluated candidate options for -29m recovery
STG-DEC-00109-05,DEC-00109,5,DECIDE,2026-07-21 15:00:31,COMPLETED,L2_AUTO_EXECUTABLE Policy Check,Status: EXECUTED,Autonomy rule evaluation completed
STG-DEC-00109-06,DEC-00109,6,EXECUTE,2026-07-21 15:00:33,COMPLETED,Actuation Dispatch,Actuation command routed,Control payload delivered to terminal gateway
STG-DEC-00109-07,DEC-00109,7,VERIFY,2026-07-21 15:45:31,COMPLETED,Closed-Loop Recovery,Observed dwell delta reduction,Field telemetry feedback verified
STG-DEC-00109-08,DEC-00109,8,LOG,2026-07-21 15:45:38,COMPLETED,Audit Record Sealed,SHA-256 Digest Confirmed,Tamper-evident record sealed to immutable operational audit store
STG-DEC-00110-01,DEC-00110,1,SIGNAL,2026-07-21 18:59:51,COMPLETED,Trigger Received,Demand surge at KOT-PS1,Telemetry ingested from Smart Gate and SCADA DCS
STG-DEC-00110-02,DEC-00110,2,PREDICT,2026-07-21 19:00:00,COMPLETED,Predicted Dwell Blowout,84m turnaround (+12m above baseline SLA),Forecasted queue blowout with 91% confidence
STG-DEC-00110-03,DEC-00110,3,DIAGNOSE,2026-07-21 19:00:06,COMPLETED,Causal Attribution,Tank Recertification Hold,Bottleneck identified at KOT-PS1
STG-DEC-00110-04,DEC-00110,4,OPTIMIZE,2026-07-21 19:00:12,COMPLETED,Candidate Ranking,OPT-03 selected (Score 92/100),Evaluated candidate options for -9m recovery
STG-DEC-00110-05,DEC-00110,5,DECIDE,2026-07-21 19:00:18,COMPLETED,L1_ADVISORY Policy Check,Status: ADVISORY_POSTED,Autonomy rule evaluation completed
STG-DEC-00110-06,DEC-00110,6,EXECUTE,2026-07-21 19:00:20,SKIPPED,Actuation Dispatch,Actuation command routed,Control payload delivered to terminal gateway
STG-DEC-00110-07,DEC-00110,7,VERIFY,2026-07-21 19:45:18,SKIPPED,Closed-Loop Recovery,Observed dwell delta reduction,Field telemetry feedback verified
STG-DEC-00110-08,DEC-00110,8,LOG,2026-07-21 19:45:25,COMPLETED,Audit Record Sealed,SHA-256 Digest Confirmed,Tamper-evident record sealed to immutable operational audit store
STG-DEC-00111-01,DEC-00111,1,SIGNAL,2026-07-22 01:00:05,COMPLETED,Trigger Received,Demand surge at PS10,Telemetry ingested from Smart Gate and SCADA DCS
STG-DEC-00111-02,DEC-00111,2,PREDICT,2026-07-22 01:00:14,COMPLETED,Predicted Dwell Blowout,71m turnaround (+6m above baseline SLA),Forecasted queue blowout with 91% confidence
STG-DEC-00111-03,DEC-00111,3,DIAGNOSE,2026-07-22 01:00:20,COMPLETED,Causal Attribution,Tank Recertification Hold,Bottleneck identified at PS10
STG-DEC-00111-04,DEC-00111,4,OPTIMIZE,2026-07-22 01:00:26,COMPLETED,Candidate Ranking,OPT-03 selected (Score 92/100),Evaluated candidate options for -4m recovery
STG-DEC-00111-05,DEC-00111,5,DECIDE,2026-07-22 01:00:32,COMPLETED,L2_AUTO_EXECUTABLE Policy Check,Status: EXECUTED,Autonomy rule evaluation completed
STG-DEC-00111-06,DEC-00111,6,EXECUTE,2026-07-22 01:00:34,COMPLETED,Actuation Dispatch,Actuation command routed,Control payload delivered to terminal gateway
STG-DEC-00111-07,DEC-00111,7,VERIFY,2026-07-22 01:45:32,COMPLETED,Closed-Loop Recovery,Observed dwell delta reduction,Field telemetry feedback verified
STG-DEC-00111-08,DEC-00111,8,LOG,2026-07-22 01:45:39,COMPLETED,Audit Record Sealed,SHA-256 Digest Confirmed,Tamper-evident record sealed to immutable operational audit store
STG-DEC-00112-01,DEC-00112,1,SIGNAL,2026-07-22 14:00:08,COMPLETED,Trigger Received,Demand surge at KOT-PS1,Telemetry ingested from Smart Gate and SCADA DCS
STG-DEC-00112-02,DEC-00112,2,PREDICT,2026-07-22 14:00:17,COMPLETED,Predicted Dwell Blowout,89m turnaround (+17m above baseline SLA),Forecasted queue blowout with 91% confidence
STG-DEC-00112-03,DEC-00112,3,DIAGNOSE,2026-07-22 14:00:23,COMPLETED,Causal Attribution,Loading Position Offline for Maintenance,Bottleneck identified at KOT-PS1
STG-DEC-00112-04,DEC-00112,4,OPTIMIZE,2026-07-22 14:00:29,COMPLETED,Candidate Ranking,OPT-03 selected (Score 92/100),Evaluated candidate options for -12m recovery
STG-DEC-00112-05,DEC-00112,5,DECIDE,2026-07-22 14:00:35,BLOCKED,L1_ADVISORY Policy Check,Status: BLOCKED_BY_POLICY,Autonomy rule evaluation completed
STG-DEC-00112-06,DEC-00112,6,EXECUTE,2026-07-22 14:00:37,SKIPPED,Actuation Dispatch,Actuation command routed,Control payload delivered to terminal gateway
STG-DEC-00112-07,DEC-00112,7,VERIFY,2026-07-22 14:45:35,SKIPPED,Closed-Loop Recovery,Observed dwell delta reduction,Field telemetry feedback verified
STG-DEC-00112-08,DEC-00112,8,LOG,2026-07-22 14:45:42,COMPLETED,Audit Record Sealed,SHA-256 Digest Confirmed,Tamper-evident record sealed to immutable operational audit store
STG-DEC-00113-01,DEC-00113,1,SIGNAL,2026-07-22 22:59:55,COMPLETED,Trigger Received,Demand surge at PS28,Telemetry ingested from Smart Gate and SCADA DCS
STG-DEC-00113-02,DEC-00113,2,PREDICT,2026-07-22 23:00:04,COMPLETED,Predicted Dwell Blowout,58m turnaround (+13m above baseline SLA),Forecasted queue blowout with 91% confidence
STG-DEC-00113-03,DEC-00113,3,DIAGNOSE,2026-07-22 23:00:10,COMPLETED,Causal Attribution,Morning Peak Arrival Surge,Bottleneck identified at PS28
STG-DEC-00113-04,DEC-00113,4,OPTIMIZE,2026-07-22 23:00:16,COMPLETED,Candidate Ranking,OPT-03 selected (Score 92/100),Evaluated candidate options for -9m recovery
STG-DEC-00113-05,DEC-00113,5,DECIDE,2026-07-22 23:00:22,COMPLETED,L2_AUTO_EXECUTABLE Policy Check,Status: EXECUTED,Autonomy rule evaluation completed
STG-DEC-00113-06,DEC-00113,6,EXECUTE,2026-07-22 23:00:24,COMPLETED,Actuation Dispatch,Actuation command routed,Control payload delivered to terminal gateway
STG-DEC-00113-07,DEC-00113,7,VERIFY,2026-07-22 23:45:22,COMPLETED,Closed-Loop Recovery,Observed dwell delta reduction,Field telemetry feedback verified
STG-DEC-00113-08,DEC-00113,8,LOG,2026-07-22 23:45:29,COMPLETED,Audit Record Sealed,SHA-256 Digest Confirmed,Tamper-evident record sealed to immutable operational audit store
STG-DEC-00114-01,DEC-00114,1,SIGNAL,2026-07-24 01:59:50,COMPLETED,Trigger Received,Demand surge at PS10,Telemetry ingested from Smart Gate and SCADA DCS
STG-DEC-00114-02,DEC-00114,2,PREDICT,2026-07-24 01:59:59,COMPLETED,Predicted Dwell Blowout,83m turnaround (+18m above baseline SLA),Forecasted queue blowout with 91% confidence
STG-DEC-00114-03,DEC-00114,3,DIAGNOSE,2026-07-24 02:00:05,COMPLETED,Causal Attribution,Loading Position Offline for Maintenance,Bottleneck identified at PS10
STG-DEC-00114-04,DEC-00114,4,OPTIMIZE,2026-07-24 02:00:11,COMPLETED,Candidate Ranking,OPT-03 selected (Score 92/100),Evaluated candidate options for -13m recovery
STG-DEC-00114-05,DEC-00114,5,DECIDE,2026-07-24 02:00:17,COMPLETED,L1_ADVISORY Policy Check,Status: ADVISORY_POSTED,Autonomy rule evaluation completed
STG-DEC-00114-06,DEC-00114,6,EXECUTE,2026-07-24 02:00:19,SKIPPED,Actuation Dispatch,Actuation command routed,Control payload delivered to terminal gateway
STG-DEC-00114-07,DEC-00114,7,VERIFY,2026-07-24 02:45:17,SKIPPED,Closed-Loop Recovery,Observed dwell delta reduction,Field telemetry feedback verified
STG-DEC-00114-08,DEC-00114,8,LOG,2026-07-24 02:45:24,COMPLETED,Audit Record Sealed,SHA-256 Digest Confirmed,Tamper-evident record sealed to immutable operational audit store
STG-DEC-00115-01,DEC-00115,1,SIGNAL,2026-07-24 08:00:07,COMPLETED,Trigger Received,Demand surge at PS25,Telemetry ingested from Smart Gate and SCADA DCS
STG-DEC-00115-02,DEC-00115,2,PREDICT,2026-07-24 08:00:16,COMPLETED,Predicted Dwell Blowout,76m turnaround (+18m above baseline SLA),Forecasted queue blowout with 91% confidence
STG-DEC-00115-03,DEC-00115,3,DIAGNOSE,2026-07-24 08:00:22,COMPLETED,Causal Attribution,Morning Peak Arrival Surge,Bottleneck identified at PS25
STG-DEC-00115-04,DEC-00115,4,OPTIMIZE,2026-07-24 08:00:28,COMPLETED,Candidate Ranking,OPT-03 selected (Score 92/100),Evaluated candidate options for -13m recovery
STG-DEC-00115-05,DEC-00115,5,DECIDE,2026-07-24 08:00:34,COMPLETED,L2_AUTO_EXECUTABLE Policy Check,Status: EXECUTED,Autonomy rule evaluation completed
STG-DEC-00115-06,DEC-00115,6,EXECUTE,2026-07-24 08:00:36,COMPLETED,Actuation Dispatch,Actuation command routed,Control payload delivered to terminal gateway
STG-DEC-00115-07,DEC-00115,7,VERIFY,2026-07-24 08:45:34,COMPLETED,Closed-Loop Recovery,Observed dwell delta reduction,Field telemetry feedback verified
STG-DEC-00115-08,DEC-00115,8,LOG,2026-07-24 08:45:41,COMPLETED,Audit Record Sealed,SHA-256 Digest Confirmed,Tamper-evident record sealed to immutable operational audit store
STG-DEC-00116-01,DEC-00116,1,SIGNAL,2026-07-24 11:00:13,COMPLETED,Trigger Received,Demand surge at PS10,Telemetry ingested from Smart Gate and SCADA DCS
STG-DEC-00116-02,DEC-00116,2,PREDICT,2026-07-24 11:00:22,COMPLETED,Predicted Dwell Blowout,79m turnaround (+14m above baseline SLA),Forecasted queue blowout with 91% confidence
STG-DEC-00116-03,DEC-00116,3,DIAGNOSE,2026-07-24 11:00:28,COMPLETED,Causal Attribution,Clustered Transporter Arrivals,Bottleneck identified at PS10
STG-DEC-00116-04,DEC-00116,4,OPTIMIZE,2026-07-24 11:00:34,COMPLETED,Candidate Ranking,OPT-03 selected (Score 92/100),Evaluated candidate options for -10m recovery
STG-DEC-00116-05,DEC-00116,5,DECIDE,2026-07-24 11:00:40,COMPLETED,L1_ADVISORY Policy Check,Status: ADVISORY_POSTED,Autonomy rule evaluation completed
STG-DEC-00116-06,DEC-00116,6,EXECUTE,2026-07-24 11:00:42,SKIPPED,Actuation Dispatch,Actuation command routed,Control payload delivered to terminal gateway
STG-DEC-00116-07,DEC-00116,7,VERIFY,2026-07-24 11:45:40,SKIPPED,Closed-Loop Recovery,Observed dwell delta reduction,Field telemetry feedback verified
STG-DEC-00116-08,DEC-00116,8,LOG,2026-07-24 11:45:47,COMPLETED,Audit Record Sealed,SHA-256 Digest Confirmed,Tamper-evident record sealed to immutable operational audit store
STG-DEC-00117-01,DEC-00117,1,SIGNAL,2026-07-24 15:00:13,COMPLETED,Trigger Received,Demand surge at PS25,Telemetry ingested from Smart Gate and SCADA DCS
STG-DEC-00117-02,DEC-00117,2,PREDICT,2026-07-24 15:00:22,COMPLETED,Predicted Dwell Blowout,86m turnaround (+28m above baseline SLA),Forecasted queue blowout with 91% confidence
STG-DEC-00117-03,DEC-00117,3,DIAGNOSE,2026-07-24 15:00:28,COMPLETED,Causal Attribution,Morning Peak Arrival Surge,Bottleneck identified at PS25
STG-DEC-00117-04,DEC-00117,4,OPTIMIZE,2026-07-24 15:00:34,COMPLETED,Candidate Ranking,OPT-03 selected (Score 92/100),Evaluated candidate options for -21m recovery
STG-DEC-00117-05,DEC-00117,5,DECIDE,2026-07-24 15:00:40,COMPLETED,L1_ADVISORY Policy Check,Status: ADVISORY_POSTED,Autonomy rule evaluation completed
STG-DEC-00117-06,DEC-00117,6,EXECUTE,2026-07-24 15:00:42,SKIPPED,Actuation Dispatch,Actuation command routed,Control payload delivered to terminal gateway
STG-DEC-00117-07,DEC-00117,7,VERIFY,2026-07-24 15:45:40,SKIPPED,Closed-Loop Recovery,Observed dwell delta reduction,Field telemetry feedback verified
STG-DEC-00117-08,DEC-00117,8,LOG,2026-07-24 15:45:47,COMPLETED,Audit Record Sealed,SHA-256 Digest Confirmed,Tamper-evident record sealed to immutable operational audit store
STG-DEC-00118-01,DEC-00118,1,SIGNAL,2026-07-25 16:00:09,COMPLETED,Trigger Received,Demand surge at PS28,Telemetry ingested from Smart Gate and SCADA DCS
STG-DEC-00118-02,DEC-00118,2,PREDICT,2026-07-25 16:00:18,COMPLETED,Predicted Dwell Blowout,61m turnaround (+16m above baseline SLA),Forecasted queue blowout with 91% confidence
STG-DEC-00118-03,DEC-00118,3,DIAGNOSE,2026-07-25 16:00:24,COMPLETED,Causal Attribution,Tank Recertification Hold,Bottleneck identified at PS28
STG-DEC-00118-04,DEC-00118,4,OPTIMIZE,2026-07-25 16:00:30,COMPLETED,Candidate Ranking,OPT-03 selected (Score 92/100),Evaluated candidate options for -12m recovery
STG-DEC-00118-05,DEC-00118,5,DECIDE,2026-07-25 16:00:36,COMPLETED,L2_AUTO_EXECUTABLE Policy Check,Status: EXECUTED,Autonomy rule evaluation completed
STG-DEC-00118-06,DEC-00118,6,EXECUTE,2026-07-25 16:00:38,COMPLETED,Actuation Dispatch,Actuation command routed,Control payload delivered to terminal gateway
STG-DEC-00118-07,DEC-00118,7,VERIFY,2026-07-25 16:45:36,COMPLETED,Closed-Loop Recovery,Observed dwell delta reduction,Field telemetry feedback verified
STG-DEC-00118-08,DEC-00118,8,LOG,2026-07-25 16:45:43,COMPLETED,Audit Record Sealed,SHA-256 Digest Confirmed,Tamper-evident record sealed to immutable operational audit store
STG-DEC-00119-01,DEC-00119,1,SIGNAL,2026-07-26 10:00:10,COMPLETED,Trigger Received,Demand surge at PS10,Telemetry ingested from Smart Gate and SCADA DCS
STG-DEC-00119-02,DEC-00119,2,PREDICT,2026-07-26 10:00:19,COMPLETED,Predicted Dwell Blowout,76m turnaround (+11m above baseline SLA),Forecasted queue blowout with 91% confidence
STG-DEC-00119-03,DEC-00119,3,DIAGNOSE,2026-07-26 10:00:25,COMPLETED,Causal Attribution,Tank Recertification Hold,Bottleneck identified at PS10
STG-DEC-00119-04,DEC-00119,4,OPTIMIZE,2026-07-26 10:00:31,COMPLETED,Candidate Ranking,OPT-03 selected (Score 92/100),Evaluated candidate options for -8m recovery
STG-DEC-00119-05,DEC-00119,5,DECIDE,2026-07-26 10:00:37,COMPLETED,L1_ADVISORY Policy Check,Status: ADVISORY_POSTED,Autonomy rule evaluation completed
STG-DEC-00119-06,DEC-00119,6,EXECUTE,2026-07-26 10:00:39,SKIPPED,Actuation Dispatch,Actuation command routed,Control payload delivered to terminal gateway
STG-DEC-00119-07,DEC-00119,7,VERIFY,2026-07-26 10:45:37,SKIPPED,Closed-Loop Recovery,Observed dwell delta reduction,Field telemetry feedback verified
STG-DEC-00119-08,DEC-00119,8,LOG,2026-07-26 10:45:44,COMPLETED,Audit Record Sealed,SHA-256 Digest Confirmed,Tamper-evident record sealed to immutable operational audit store
STG-DEC-00120-01,DEC-00120,1,SIGNAL,2026-07-27 22:00:10,COMPLETED,Trigger Received,Demand surge at PS27,Telemetry ingested from Smart Gate and SCADA DCS
STG-DEC-00120-02,DEC-00120,2,PREDICT,2026-07-27 22:00:19,COMPLETED,Predicted Dwell Blowout,91m turnaround (+41m above baseline SLA),Forecasted queue blowout with 91% confidence
STG-DEC-00120-03,DEC-00120,3,DIAGNOSE,2026-07-27 22:00:25,COMPLETED,Causal Attribution,Clustered Transporter Arrivals,Bottleneck identified at PS27
STG-DEC-00120-04,DEC-00120,4,OPTIMIZE,2026-07-27 22:00:31,COMPLETED,Candidate Ranking,OPT-03 selected (Score 92/100),Evaluated candidate options for -30m recovery
STG-DEC-00120-05,DEC-00120,5,DECIDE,2026-07-27 22:00:37,COMPLETED,L2_AUTO_EXECUTABLE Policy Check,Status: EXECUTED,Autonomy rule evaluation completed
STG-DEC-00120-06,DEC-00120,6,EXECUTE,2026-07-27 22:00:39,COMPLETED,Actuation Dispatch,Actuation command routed,Control payload delivered to terminal gateway
STG-DEC-00120-07,DEC-00120,7,VERIFY,2026-07-27 22:45:37,COMPLETED,Closed-Loop Recovery,Observed dwell delta reduction,Field telemetry feedback verified
STG-DEC-00120-08,DEC-00120,8,LOG,2026-07-27 22:45:44,COMPLETED,Audit Record Sealed,SHA-256 Digest Confirmed,Tamper-evident record sealed to immutable operational audit store
STG-DEC-00121-01,DEC-00121,1,SIGNAL,2026-07-28 00:00:11,COMPLETED,Trigger Received,Demand surge at KOT-PS1,Telemetry ingested from Smart Gate and SCADA DCS
STG-DEC-00121-02,DEC-00121,2,PREDICT,2026-07-28 00:00:20,COMPLETED,Predicted Dwell Blowout,102m turnaround (+30m above baseline SLA),Forecasted queue blowout with 91% confidence
STG-DEC-00121-03,DEC-00121,3,DIAGNOSE,2026-07-28 00:00:26,COMPLETED,Causal Attribution,Tank Recertification Hold,Bottleneck identified at KOT-PS1
STG-DEC-00121-04,DEC-00121,4,OPTIMIZE,2026-07-28 00:00:32,COMPLETED,Candidate Ranking,OPT-03 selected (Score 92/100),Evaluated candidate options for -22m recovery
STG-DEC-00121-05,DEC-00121,5,DECIDE,2026-07-28 00:00:38,COMPLETED,L2_AUTO_EXECUTABLE Policy Check,Status: EXECUTED,Autonomy rule evaluation completed
STG-DEC-00121-06,DEC-00121,6,EXECUTE,2026-07-28 00:00:40,COMPLETED,Actuation Dispatch,Actuation command routed,Control payload delivered to terminal gateway
STG-DEC-00121-07,DEC-00121,7,VERIFY,2026-07-28 00:45:38,COMPLETED,Closed-Loop Recovery,Observed dwell delta reduction,Field telemetry feedback verified
STG-DEC-00121-08,DEC-00121,8,LOG,2026-07-28 00:45:45,COMPLETED,Audit Record Sealed,SHA-256 Digest Confirmed,Tamper-evident record sealed to immutable operational audit store
STG-DEC-00122-01,DEC-00122,1,SIGNAL,2026-07-28 11:00:13,COMPLETED,Trigger Received,Demand surge at KOT-PS1,Telemetry ingested from Smart Gate and SCADA DCS
STG-DEC-00122-02,DEC-00122,2,PREDICT,2026-07-28 11:00:22,COMPLETED,Predicted Dwell Blowout,85m turnaround (+13m above baseline SLA),Forecasted queue blowout with 91% confidence
STG-DEC-00122-03,DEC-00122,3,DIAGNOSE,2026-07-28 11:00:28,COMPLETED,Causal Attribution,Gantry Queue Congestion + Slow Metering,Bottleneck identified at KOT-PS1
STG-DEC-00122-04,DEC-00122,4,OPTIMIZE,2026-07-28 11:00:34,COMPLETED,Candidate Ranking,OPT-03 selected (Score 92/100),Evaluated candidate options for -9m recovery
STG-DEC-00122-05,DEC-00122,5,DECIDE,2026-07-28 11:00:40,COMPLETED,L1_ADVISORY Policy Check,Status: ADVISORY_POSTED,Autonomy rule evaluation completed
STG-DEC-00122-06,DEC-00122,6,EXECUTE,2026-07-28 11:00:42,SKIPPED,Actuation Dispatch,Actuation command routed,Control payload delivered to terminal gateway
STG-DEC-00122-07,DEC-00122,7,VERIFY,2026-07-28 11:45:40,SKIPPED,Closed-Loop Recovery,Observed dwell delta reduction,Field telemetry feedback verified
STG-DEC-00122-08,DEC-00122,8,LOG,2026-07-28 11:45:47,COMPLETED,Audit Record Sealed,SHA-256 Digest Confirmed,Tamper-evident record sealed to immutable operational audit store
STG-DEC-00123-01,DEC-00123,1,SIGNAL,2026-07-28 16:00:11,COMPLETED,Trigger Received,Demand surge at KOT-PS1,Telemetry ingested from Smart Gate and SCADA DCS
STG-DEC-00123-02,DEC-00123,2,PREDICT,2026-07-28 16:00:20,COMPLETED,Predicted Dwell Blowout,87m turnaround (+15m above baseline SLA),Forecasted queue blowout with 91% confidence
STG-DEC-00123-03,DEC-00123,3,DIAGNOSE,2026-07-28 16:00:26,COMPLETED,Causal Attribution,Tank Recertification Hold,Bottleneck identified at KOT-PS1
STG-DEC-00123-04,DEC-00123,4,OPTIMIZE,2026-07-28 16:00:32,COMPLETED,Candidate Ranking,OPT-03 selected (Score 92/100),Evaluated candidate options for -11m recovery
STG-DEC-00123-05,DEC-00123,5,DECIDE,2026-07-28 16:00:38,COMPLETED,L2_AUTO_EXECUTABLE Policy Check,Status: EXECUTED,Autonomy rule evaluation completed
STG-DEC-00123-06,DEC-00123,6,EXECUTE,2026-07-28 16:00:40,COMPLETED,Actuation Dispatch,Actuation command routed,Control payload delivered to terminal gateway
STG-DEC-00123-07,DEC-00123,7,VERIFY,2026-07-28 16:45:38,COMPLETED,Closed-Loop Recovery,Observed dwell delta reduction,Field telemetry feedback verified
STG-DEC-00123-08,DEC-00123,8,LOG,2026-07-28 16:45:45,COMPLETED,Audit Record Sealed,SHA-256 Digest Confirmed,Tamper-evident record sealed to immutable operational audit store
STG-DEC-00124-01,DEC-00124,1,SIGNAL,2026-07-28 18:00:16,COMPLETED,Trigger Received,Demand surge at PS10,Telemetry ingested from Smart Gate and SCADA DCS
STG-DEC-00124-02,DEC-00124,2,PREDICT,2026-07-28 18:00:25,COMPLETED,Predicted Dwell Blowout,97m turnaround (+32m above baseline SLA),Forecasted queue blowout with 91% confidence
STG-DEC-00124-03,DEC-00124,3,DIAGNOSE,2026-07-28 18:00:31,COMPLETED,Causal Attribution,Tank Recertification Hold,Bottleneck identified at PS10
STG-DEC-00124-04,DEC-00124,4,OPTIMIZE,2026-07-28 18:00:37,COMPLETED,Candidate Ranking,OPT-03 selected (Score 92/100),Evaluated candidate options for -24m recovery
STG-DEC-00124-05,DEC-00124,5,DECIDE,2026-07-28 18:00:43,COMPLETED,L1_ADVISORY Policy Check,Status: ADVISORY_POSTED,Autonomy rule evaluation completed
STG-DEC-00124-06,DEC-00124,6,EXECUTE,2026-07-28 18:00:45,SKIPPED,Actuation Dispatch,Actuation command routed,Control payload delivered to terminal gateway
STG-DEC-00124-07,DEC-00124,7,VERIFY,2026-07-28 18:45:43,SKIPPED,Closed-Loop Recovery,Observed dwell delta reduction,Field telemetry feedback verified
STG-DEC-00124-08,DEC-00124,8,LOG,2026-07-28 18:45:50,COMPLETED,Audit Record Sealed,SHA-256 Digest Confirmed,Tamper-evident record sealed to immutable operational audit store
STG-DEC-00125-01,DEC-00125,1,SIGNAL,2026-07-29 03:59:58,COMPLETED,Trigger Received,Demand surge at PS27,Telemetry ingested from Smart Gate and SCADA DCS
STG-DEC-00125-02,DEC-00125,2,PREDICT,2026-07-29 04:00:07,COMPLETED,Predicted Dwell Blowout,62m turnaround (+12m above baseline SLA),Forecasted queue blowout with 91% confidence
STG-DEC-00125-03,DEC-00125,3,DIAGNOSE,2026-07-29 04:00:13,COMPLETED,Causal Attribution,Morning Peak Arrival Surge,Bottleneck identified at PS27
STG-DEC-00125-04,DEC-00125,4,OPTIMIZE,2026-07-29 04:00:19,COMPLETED,Candidate Ranking,OPT-03 selected (Score 92/100),Evaluated candidate options for -9m recovery
STG-DEC-00125-05,DEC-00125,5,DECIDE,2026-07-29 04:00:25,COMPLETED,L2_AUTO_EXECUTABLE Policy Check,Status: EXECUTED,Autonomy rule evaluation completed
STG-DEC-00125-06,DEC-00125,6,EXECUTE,2026-07-29 04:00:27,COMPLETED,Actuation Dispatch,Actuation command routed,Control payload delivered to terminal gateway
STG-DEC-00125-07,DEC-00125,7,VERIFY,2026-07-29 04:45:25,COMPLETED,Closed-Loop Recovery,Observed dwell delta reduction,Field telemetry feedback verified
STG-DEC-00125-08,DEC-00125,8,LOG,2026-07-29 04:45:32,COMPLETED,Audit Record Sealed,SHA-256 Digest Confirmed,Tamper-evident record sealed to immutable operational audit store
STG-DEC-00126-01,DEC-00126,1,SIGNAL,2026-07-29 06:00:15,COMPLETED,Trigger Received,Demand surge at KOT-PS1,Telemetry ingested from Smart Gate and SCADA DCS
STG-DEC-00126-02,DEC-00126,2,PREDICT,2026-07-29 06:00:24,COMPLETED,Predicted Dwell Blowout,88m turnaround (+16m above baseline SLA),Forecasted queue blowout with 91% confidence
STG-DEC-00126-03,DEC-00126,3,DIAGNOSE,2026-07-29 06:00:30,COMPLETED,Causal Attribution,Tank Recertification Hold,Bottleneck identified at KOT-PS1
STG-DEC-00126-04,DEC-00126,4,OPTIMIZE,2026-07-29 06:00:36,COMPLETED,Candidate Ranking,OPT-03 selected (Score 92/100),Evaluated candidate options for -12m recovery
STG-DEC-00126-05,DEC-00126,5,DECIDE,2026-07-29 06:00:42,COMPLETED,L3_APPROVAL_REQUIRED Policy Check,Status: APPROVED,Autonomy rule evaluation completed
STG-DEC-00126-06,DEC-00126,6,EXECUTE,2026-07-29 06:00:44,COMPLETED,Actuation Dispatch,Actuation command routed,Control payload delivered to terminal gateway
STG-DEC-00126-07,DEC-00126,7,VERIFY,2026-07-29 06:45:42,COMPLETED,Closed-Loop Recovery,Observed dwell delta reduction,Field telemetry feedback verified
STG-DEC-00126-08,DEC-00126,8,LOG,2026-07-29 06:45:49,COMPLETED,Audit Record Sealed,SHA-256 Digest Confirmed,Tamper-evident record sealed to immutable operational audit store
STG-DEC-00127-01,DEC-00127,1,SIGNAL,2026-07-29 11:00:14,COMPLETED,Trigger Received,Demand surge at KOT-PS1,Telemetry ingested from Smart Gate and SCADA DCS
STG-DEC-00127-02,DEC-00127,2,PREDICT,2026-07-29 11:00:23,COMPLETED,Predicted Dwell Blowout,93m turnaround (+21m above baseline SLA),Forecasted queue blowout with 91% confidence
STG-DEC-00127-03,DEC-00127,3,DIAGNOSE,2026-07-29 11:00:29,COMPLETED,Causal Attribution,Tank Recertification Hold,Bottleneck identified at KOT-PS1
STG-DEC-00127-04,DEC-00127,4,OPTIMIZE,2026-07-29 11:00:35,COMPLETED,Candidate Ranking,OPT-03 selected (Score 92/100),Evaluated candidate options for -15m recovery
STG-DEC-00127-05,DEC-00127,5,DECIDE,2026-07-29 11:00:41,COMPLETED,L3_APPROVAL_REQUIRED Policy Check,Status: APPROVED,Autonomy rule evaluation completed
STG-DEC-00127-06,DEC-00127,6,EXECUTE,2026-07-29 11:00:43,COMPLETED,Actuation Dispatch,Actuation command routed,Control payload delivered to terminal gateway
STG-DEC-00127-07,DEC-00127,7,VERIFY,2026-07-29 11:45:41,COMPLETED,Closed-Loop Recovery,Observed dwell delta reduction,Field telemetry feedback verified
STG-DEC-00127-08,DEC-00127,8,LOG,2026-07-29 11:45:48,COMPLETED,Audit Record Sealed,SHA-256 Digest Confirmed,Tamper-evident record sealed to immutable operational audit store
STG-DEC-00128-01,DEC-00128,1,SIGNAL,2026-07-30 18:00:15,COMPLETED,Trigger Received,Demand surge at PS10,Telemetry ingested from Smart Gate and SCADA DCS
STG-DEC-00128-02,DEC-00128,2,PREDICT,2026-07-30 18:00:24,COMPLETED,Predicted Dwell Blowout,82m turnaround (+17m above baseline SLA),Forecasted queue blowout with 91% confidence
STG-DEC-00128-03,DEC-00128,3,DIAGNOSE,2026-07-30 18:00:30,COMPLETED,Causal Attribution,Loading Position Offline for Maintenance,Bottleneck identified at PS10
STG-DEC-00128-04,DEC-00128,4,OPTIMIZE,2026-07-30 18:00:36,COMPLETED,Candidate Ranking,OPT-03 selected (Score 92/100),Evaluated candidate options for -12m recovery
STG-DEC-00128-05,DEC-00128,5,DECIDE,2026-07-30 18:00:42,COMPLETED,L2_AUTO_EXECUTABLE Policy Check,Status: EXECUTED,Autonomy rule evaluation completed
STG-DEC-00128-06,DEC-00128,6,EXECUTE,2026-07-30 18:00:44,COMPLETED,Actuation Dispatch,Actuation command routed,Control payload delivered to terminal gateway
STG-DEC-00128-07,DEC-00128,7,VERIFY,2026-07-30 18:45:42,COMPLETED,Closed-Loop Recovery,Observed dwell delta reduction,Field telemetry feedback verified
STG-DEC-00128-08,DEC-00128,8,LOG,2026-07-30 18:45:49,COMPLETED,Audit Record Sealed,SHA-256 Digest Confirmed,Tamper-evident record sealed to immutable operational audit store
STG-DEC-00129-01,DEC-00129,1,SIGNAL,2026-07-31 09:00:10,COMPLETED,Trigger Received,Demand surge at PS27,Telemetry ingested from Smart Gate and SCADA DCS
STG-DEC-00129-02,DEC-00129,2,PREDICT,2026-07-31 09:00:19,COMPLETED,Predicted Dwell Blowout,72m turnaround (+22m above baseline SLA),Forecasted queue blowout with 91% confidence
STG-DEC-00129-03,DEC-00129,3,DIAGNOSE,2026-07-31 09:00:25,COMPLETED,Causal Attribution,Loading Position Offline for Maintenance,Bottleneck identified at PS27
STG-DEC-00129-04,DEC-00129,4,OPTIMIZE,2026-07-31 09:00:31,COMPLETED,Candidate Ranking,OPT-03 selected (Score 92/100),Evaluated candidate options for -16m recovery
STG-DEC-00129-05,DEC-00129,5,DECIDE,2026-07-31 09:00:37,COMPLETED,L2_AUTO_EXECUTABLE Policy Check,Status: EXECUTED,Autonomy rule evaluation completed
STG-DEC-00129-06,DEC-00129,6,EXECUTE,2026-07-31 09:00:39,COMPLETED,Actuation Dispatch,Actuation command routed,Control payload delivered to terminal gateway
STG-DEC-00129-07,DEC-00129,7,VERIFY,2026-07-31 09:45:37,COMPLETED,Closed-Loop Recovery,Observed dwell delta reduction,Field telemetry feedback verified
STG-DEC-00129-08,DEC-00129,8,LOG,2026-07-31 09:45:44,COMPLETED,Audit Record Sealed,SHA-256 Digest Confirmed,Tamper-evident record sealed to immutable operational audit store
STG-DEC-00130-01,DEC-00130,1,SIGNAL,2026-07-31 11:59:50,COMPLETED,Trigger Received,Demand surge at PS25,Telemetry ingested from Smart Gate and SCADA DCS
STG-DEC-00130-02,DEC-00130,2,PREDICT,2026-07-31 11:59:59,COMPLETED,Predicted Dwell Blowout,83m turnaround (+25m above baseline SLA),Forecasted queue blowout with 91% confidence
STG-DEC-00130-03,DEC-00130,3,DIAGNOSE,2026-07-31 12:00:05,COMPLETED,Causal Attribution,Flow Meter Temperature Sensor Drift,Bottleneck identified at PS25
STG-DEC-00130-04,DEC-00130,4,OPTIMIZE,2026-07-31 12:00:11,COMPLETED,Candidate Ranking,OPT-03 selected (Score 92/100),Evaluated candidate options for -18m recovery
STG-DEC-00130-05,DEC-00130,5,DECIDE,2026-07-31 12:00:17,COMPLETED,L2_AUTO_EXECUTABLE Policy Check,Status: EXECUTED,Autonomy rule evaluation completed
STG-DEC-00130-06,DEC-00130,6,EXECUTE,2026-07-31 12:00:19,COMPLETED,Actuation Dispatch,Actuation command routed,Control payload delivered to terminal gateway
STG-DEC-00130-07,DEC-00130,7,VERIFY,2026-07-31 12:45:17,COMPLETED,Closed-Loop Recovery,Observed dwell delta reduction,Field telemetry feedback verified
STG-DEC-00130-08,DEC-00130,8,LOG,2026-07-31 12:45:24,COMPLETED,Audit Record Sealed,SHA-256 Digest Confirmed,Tamper-evident record sealed to immutable operational audit store
STG-DEC-00131-01,DEC-00131,1,SIGNAL,2026-08-01 02:00:11,COMPLETED,Trigger Received,Demand surge at KOT-PS1,Telemetry ingested from Smart Gate and SCADA DCS
STG-DEC-00131-02,DEC-00131,2,PREDICT,2026-08-01 02:00:20,COMPLETED,Predicted Dwell Blowout,107m turnaround (+35m above baseline SLA),Forecasted queue blowout with 91% confidence
STG-DEC-00131-03,DEC-00131,3,DIAGNOSE,2026-08-01 02:00:26,COMPLETED,Causal Attribution,Morning Peak Arrival Surge,Bottleneck identified at KOT-PS1
STG-DEC-00131-04,DEC-00131,4,OPTIMIZE,2026-08-01 02:00:32,COMPLETED,Candidate Ranking,OPT-03 selected (Score 92/100),Evaluated candidate options for -26m recovery
STG-DEC-00131-05,DEC-00131,5,DECIDE,2026-08-01 02:00:38,COMPLETED,L3_APPROVAL_REQUIRED Policy Check,Status: APPROVED,Autonomy rule evaluation completed
STG-DEC-00131-06,DEC-00131,6,EXECUTE,2026-08-01 02:00:40,COMPLETED,Actuation Dispatch,Actuation command routed,Control payload delivered to terminal gateway
STG-DEC-00131-07,DEC-00131,7,VERIFY,2026-08-01 02:45:38,COMPLETED,Closed-Loop Recovery,Observed dwell delta reduction,Field telemetry feedback verified
STG-DEC-00131-08,DEC-00131,8,LOG,2026-08-01 02:45:45,COMPLETED,Audit Record Sealed,SHA-256 Digest Confirmed,Tamper-evident record sealed to immutable operational audit store
STG-DEC-00132-01,DEC-00132,1,SIGNAL,2026-08-01 08:59:51,COMPLETED,Trigger Received,Demand surge at PS10,Telemetry ingested from Smart Gate and SCADA DCS
STG-DEC-00132-02,DEC-00132,2,PREDICT,2026-08-01 09:00:00,COMPLETED,Predicted Dwell Blowout,82m turnaround (+17m above baseline SLA),Forecasted queue blowout with 91% confidence
STG-DEC-00132-03,DEC-00132,3,DIAGNOSE,2026-08-01 09:00:06,COMPLETED,Causal Attribution,Gantry Queue Congestion + Slow Metering,Bottleneck identified at PS10
STG-DEC-00132-04,DEC-00132,4,OPTIMIZE,2026-08-01 09:00:12,COMPLETED,Candidate Ranking,OPT-03 selected (Score 92/100),Evaluated candidate options for -12m recovery
STG-DEC-00132-05,DEC-00132,5,DECIDE,2026-08-01 09:00:18,COMPLETED,L2_AUTO_EXECUTABLE Policy Check,Status: EXECUTED,Autonomy rule evaluation completed
STG-DEC-00132-06,DEC-00132,6,EXECUTE,2026-08-01 09:00:20,COMPLETED,Actuation Dispatch,Actuation command routed,Control payload delivered to terminal gateway
STG-DEC-00132-07,DEC-00132,7,VERIFY,2026-08-01 09:45:18,COMPLETED,Closed-Loop Recovery,Observed dwell delta reduction,Field telemetry feedback verified
STG-DEC-00132-08,DEC-00132,8,LOG,2026-08-01 09:45:25,COMPLETED,Audit Record Sealed,SHA-256 Digest Confirmed,Tamper-evident record sealed to immutable operational audit store
STG-DEC-00133-01,DEC-00133,1,SIGNAL,2026-08-01 14:59:55,COMPLETED,Trigger Received,Demand surge at KOT-PS1,Telemetry ingested from Smart Gate and SCADA DCS
STG-DEC-00133-02,DEC-00133,2,PREDICT,2026-08-01 15:00:04,COMPLETED,Predicted Dwell Blowout,100m turnaround (+28m above baseline SLA),Forecasted queue blowout with 91% confidence
STG-DEC-00133-03,DEC-00133,3,DIAGNOSE,2026-08-01 15:00:10,COMPLETED,Causal Attribution,Loading Position Offline for Maintenance,Bottleneck identified at KOT-PS1
STG-DEC-00133-04,DEC-00133,4,OPTIMIZE,2026-08-01 15:00:16,COMPLETED,Candidate Ranking,OPT-03 selected (Score 92/100),Evaluated candidate options for -21m recovery
STG-DEC-00133-05,DEC-00133,5,DECIDE,2026-08-01 15:00:22,COMPLETED,L1_ADVISORY Policy Check,Status: ADVISORY_POSTED,Autonomy rule evaluation completed
STG-DEC-00133-06,DEC-00133,6,EXECUTE,2026-08-01 15:00:24,SKIPPED,Actuation Dispatch,Actuation command routed,Control payload delivered to terminal gateway
STG-DEC-00133-07,DEC-00133,7,VERIFY,2026-08-01 15:45:22,SKIPPED,Closed-Loop Recovery,Observed dwell delta reduction,Field telemetry feedback verified
STG-DEC-00133-08,DEC-00133,8,LOG,2026-08-01 15:45:29,COMPLETED,Audit Record Sealed,SHA-256 Digest Confirmed,Tamper-evident record sealed to immutable operational audit store
STG-DEC-00134-01,DEC-00134,1,SIGNAL,2026-08-02 02:59:51,COMPLETED,Trigger Received,Demand surge at PS27,Telemetry ingested from Smart Gate and SCADA DCS
STG-DEC-00134-02,DEC-00134,2,PREDICT,2026-08-02 03:00:00,COMPLETED,Predicted Dwell Blowout,61m turnaround (+11m above baseline SLA),Forecasted queue blowout with 91% confidence
STG-DEC-00134-03,DEC-00134,3,DIAGNOSE,2026-08-02 03:00:06,COMPLETED,Causal Attribution,Gantry Queue Congestion + Slow Metering,Bottleneck identified at PS27
STG-DEC-00134-04,DEC-00134,4,OPTIMIZE,2026-08-02 03:00:12,COMPLETED,Candidate Ranking,OPT-03 selected (Score 92/100),Evaluated candidate options for -8m recovery
STG-DEC-00134-05,DEC-00134,5,DECIDE,2026-08-02 03:00:18,COMPLETED,L2_AUTO_EXECUTABLE Policy Check,Status: EXECUTED,Autonomy rule evaluation completed
STG-DEC-00134-06,DEC-00134,6,EXECUTE,2026-08-02 03:00:20,COMPLETED,Actuation Dispatch,Actuation command routed,Control payload delivered to terminal gateway
STG-DEC-00134-07,DEC-00134,7,VERIFY,2026-08-02 03:45:18,COMPLETED,Closed-Loop Recovery,Observed dwell delta reduction,Field telemetry feedback verified
STG-DEC-00134-08,DEC-00134,8,LOG,2026-08-02 03:45:25,COMPLETED,Audit Record Sealed,SHA-256 Digest Confirmed,Tamper-evident record sealed to immutable operational audit store
STG-DEC-00135-01,DEC-00135,1,SIGNAL,2026-08-02 11:00:14,COMPLETED,Trigger Received,Demand surge at PS25,Telemetry ingested from Smart Gate and SCADA DCS
STG-DEC-00135-02,DEC-00135,2,PREDICT,2026-08-02 11:00:23,COMPLETED,Predicted Dwell Blowout,98m turnaround (+40m above baseline SLA),Forecasted queue blowout with 91% confidence
STG-DEC-00135-03,DEC-00135,3,DIAGNOSE,2026-08-02 11:00:29,COMPLETED,Causal Attribution,Loading Position Offline for Maintenance,Bottleneck identified at PS25
STG-DEC-00135-04,DEC-00135,4,OPTIMIZE,2026-08-02 11:00:35,COMPLETED,Candidate Ranking,OPT-03 selected (Score 92/100),Evaluated candidate options for -30m recovery
STG-DEC-00135-05,DEC-00135,5,DECIDE,2026-08-02 11:00:41,COMPLETED,L2_AUTO_EXECUTABLE Policy Check,Status: EXECUTED,Autonomy rule evaluation completed
STG-DEC-00135-06,DEC-00135,6,EXECUTE,2026-08-02 11:00:43,COMPLETED,Actuation Dispatch,Actuation command routed,Control payload delivered to terminal gateway
STG-DEC-00135-07,DEC-00135,7,VERIFY,2026-08-02 11:45:41,COMPLETED,Closed-Loop Recovery,Observed dwell delta reduction,Field telemetry feedback verified
STG-DEC-00135-08,DEC-00135,8,LOG,2026-08-02 11:45:48,COMPLETED,Audit Record Sealed,SHA-256 Digest Confirmed,Tamper-evident record sealed to immutable operational audit store
STG-DEC-00136-01,DEC-00136,1,SIGNAL,2026-08-02 23:00:04,COMPLETED,Trigger Received,Demand surge at PS10,Telemetry ingested from Smart Gate and SCADA DCS
STG-DEC-00136-02,DEC-00136,2,PREDICT,2026-08-02 23:00:13,COMPLETED,Predicted Dwell Blowout,77m turnaround (+12m above baseline SLA),Forecasted queue blowout with 91% confidence
STG-DEC-00136-03,DEC-00136,3,DIAGNOSE,2026-08-02 23:00:19,COMPLETED,Causal Attribution,Flow Meter Temperature Sensor Drift,Bottleneck identified at PS10
STG-DEC-00136-04,DEC-00136,4,OPTIMIZE,2026-08-02 23:00:25,COMPLETED,Candidate Ranking,OPT-03 selected (Score 92/100),Evaluated candidate options for -9m recovery
STG-DEC-00136-05,DEC-00136,5,DECIDE,2026-08-02 23:00:31,COMPLETED,L2_AUTO_EXECUTABLE Policy Check,Status: EXECUTED,Autonomy rule evaluation completed
STG-DEC-00136-06,DEC-00136,6,EXECUTE,2026-08-02 23:00:33,COMPLETED,Actuation Dispatch,Actuation command routed,Control payload delivered to terminal gateway
STG-DEC-00136-07,DEC-00136,7,VERIFY,2026-08-02 23:45:31,COMPLETED,Closed-Loop Recovery,Observed dwell delta reduction,Field telemetry feedback verified
STG-DEC-00136-08,DEC-00136,8,LOG,2026-08-02 23:45:38,COMPLETED,Audit Record Sealed,SHA-256 Digest Confirmed,Tamper-evident record sealed to immutable operational audit store
STG-DEC-00137-01,DEC-00137,1,SIGNAL,2026-08-03 06:00:01,COMPLETED,Trigger Received,Demand surge at PS10,Telemetry ingested from Smart Gate and SCADA DCS
STG-DEC-00137-02,DEC-00137,2,PREDICT,2026-08-03 06:00:10,COMPLETED,Predicted Dwell Blowout,99m turnaround (+34m above baseline SLA),Forecasted queue blowout with 91% confidence
STG-DEC-00137-03,DEC-00137,3,DIAGNOSE,2026-08-03 06:00:16,COMPLETED,Causal Attribution,Clustered Transporter Arrivals,Bottleneck identified at PS10
STG-DEC-00137-04,DEC-00137,4,OPTIMIZE,2026-08-03 06:00:22,COMPLETED,Candidate Ranking,OPT-03 selected (Score 92/100),Evaluated candidate options for -25m recovery
STG-DEC-00137-05,DEC-00137,5,DECIDE,2026-08-03 06:00:28,COMPLETED,L2_AUTO_EXECUTABLE Policy Check,Status: EXECUTED,Autonomy rule evaluation completed
STG-DEC-00137-06,DEC-00137,6,EXECUTE,2026-08-03 06:00:30,COMPLETED,Actuation Dispatch,Actuation command routed,Control payload delivered to terminal gateway
STG-DEC-00137-07,DEC-00137,7,VERIFY,2026-08-03 06:45:28,COMPLETED,Closed-Loop Recovery,Observed dwell delta reduction,Field telemetry feedback verified
STG-DEC-00137-08,DEC-00137,8,LOG,2026-08-03 06:45:35,COMPLETED,Audit Record Sealed,SHA-256 Digest Confirmed,Tamper-evident record sealed to immutable operational audit store
STG-DEC-00138-01,DEC-00138,1,SIGNAL,2026-08-03 12:00:03,COMPLETED,Trigger Received,Demand surge at PS27,Telemetry ingested from Smart Gate and SCADA DCS
STG-DEC-00138-02,DEC-00138,2,PREDICT,2026-08-03 12:00:12,COMPLETED,Predicted Dwell Blowout,75m turnaround (+25m above baseline SLA),Forecasted queue blowout with 91% confidence
STG-DEC-00138-03,DEC-00138,3,DIAGNOSE,2026-08-03 12:00:18,COMPLETED,Causal Attribution,Flow Meter Temperature Sensor Drift,Bottleneck identified at PS27
STG-DEC-00138-04,DEC-00138,4,OPTIMIZE,2026-08-03 12:00:24,COMPLETED,Candidate Ranking,OPT-03 selected (Score 92/100),Evaluated candidate options for -18m recovery
STG-DEC-00138-05,DEC-00138,5,DECIDE,2026-08-03 12:00:30,COMPLETED,L1_ADVISORY Policy Check,Status: ADVISORY_POSTED,Autonomy rule evaluation completed
STG-DEC-00138-06,DEC-00138,6,EXECUTE,2026-08-03 12:00:32,SKIPPED,Actuation Dispatch,Actuation command routed,Control payload delivered to terminal gateway
STG-DEC-00138-07,DEC-00138,7,VERIFY,2026-08-03 12:45:30,SKIPPED,Closed-Loop Recovery,Observed dwell delta reduction,Field telemetry feedback verified
STG-DEC-00138-08,DEC-00138,8,LOG,2026-08-03 12:45:37,COMPLETED,Audit Record Sealed,SHA-256 Digest Confirmed,Tamper-evident record sealed to immutable operational audit store
STG-DEC-00139-01,DEC-00139,1,SIGNAL,2026-08-04 03:00:04,COMPLETED,Trigger Received,Demand surge at KOT-PS1,Telemetry ingested from Smart Gate and SCADA DCS
STG-DEC-00139-02,DEC-00139,2,PREDICT,2026-08-04 03:00:13,COMPLETED,Predicted Dwell Blowout,83m turnaround (+11m above baseline SLA),Forecasted queue blowout with 91% confidence
STG-DEC-00139-03,DEC-00139,3,DIAGNOSE,2026-08-04 03:00:19,COMPLETED,Causal Attribution,Tank Recertification Hold,Bottleneck identified at KOT-PS1
STG-DEC-00139-04,DEC-00139,4,OPTIMIZE,2026-08-04 03:00:25,COMPLETED,Candidate Ranking,OPT-03 selected (Score 92/100),Evaluated candidate options for -8m recovery
STG-DEC-00139-05,DEC-00139,5,DECIDE,2026-08-04 03:00:31,COMPLETED,L2_AUTO_EXECUTABLE Policy Check,Status: EXECUTED,Autonomy rule evaluation completed
STG-DEC-00139-06,DEC-00139,6,EXECUTE,2026-08-04 03:00:33,COMPLETED,Actuation Dispatch,Actuation command routed,Control payload delivered to terminal gateway
STG-DEC-00139-07,DEC-00139,7,VERIFY,2026-08-04 03:45:31,COMPLETED,Closed-Loop Recovery,Observed dwell delta reduction,Field telemetry feedback verified
STG-DEC-00139-08,DEC-00139,8,LOG,2026-08-04 03:45:38,COMPLETED,Audit Record Sealed,SHA-256 Digest Confirmed,Tamper-evident record sealed to immutable operational audit store
STG-DEC-00140-01,DEC-00140,1,SIGNAL,2026-08-04 14:00:02,COMPLETED,Trigger Received,Demand surge at PS28,Telemetry ingested from Smart Gate and SCADA DCS
STG-DEC-00140-02,DEC-00140,2,PREDICT,2026-08-04 14:00:11,COMPLETED,Predicted Dwell Blowout,63m turnaround (+18m above baseline SLA),Forecasted queue blowout with 91% confidence
STG-DEC-00140-03,DEC-00140,3,DIAGNOSE,2026-08-04 14:00:17,COMPLETED,Causal Attribution,Morning Peak Arrival Surge,Bottleneck identified at PS28
STG-DEC-00140-04,DEC-00140,4,OPTIMIZE,2026-08-04 14:00:23,COMPLETED,Candidate Ranking,OPT-03 selected (Score 92/100),Evaluated candidate options for -13m recovery
STG-DEC-00140-05,DEC-00140,5,DECIDE,2026-08-04 14:00:29,COMPLETED,L2_AUTO_EXECUTABLE Policy Check,Status: EXECUTED,Autonomy rule evaluation completed
STG-DEC-00140-06,DEC-00140,6,EXECUTE,2026-08-04 14:00:31,COMPLETED,Actuation Dispatch,Actuation command routed,Control payload delivered to terminal gateway
STG-DEC-00140-07,DEC-00140,7,VERIFY,2026-08-04 14:45:29,COMPLETED,Closed-Loop Recovery,Observed dwell delta reduction,Field telemetry feedback verified
STG-DEC-00140-08,DEC-00140,8,LOG,2026-08-04 14:45:36,COMPLETED,Audit Record Sealed,SHA-256 Digest Confirmed,Tamper-evident record sealed to immutable operational audit store
STG-DEC-00141-01,DEC-00141,1,SIGNAL,2026-08-05 06:59:49,COMPLETED,Trigger Received,Demand surge at PS27,Telemetry ingested from Smart Gate and SCADA DCS
STG-DEC-00141-02,DEC-00141,2,PREDICT,2026-08-05 06:59:58,COMPLETED,Predicted Dwell Blowout,63m turnaround (+13m above baseline SLA),Forecasted queue blowout with 91% confidence
STG-DEC-00141-03,DEC-00141,3,DIAGNOSE,2026-08-05 07:00:04,COMPLETED,Causal Attribution,Clustered Transporter Arrivals,Bottleneck identified at PS27
STG-DEC-00141-04,DEC-00141,4,OPTIMIZE,2026-08-05 07:00:10,COMPLETED,Candidate Ranking,OPT-03 selected (Score 92/100),Evaluated candidate options for -9m recovery
STG-DEC-00141-05,DEC-00141,5,DECIDE,2026-08-05 07:00:16,COMPLETED,L2_AUTO_EXECUTABLE Policy Check,Status: EXECUTED,Autonomy rule evaluation completed
STG-DEC-00141-06,DEC-00141,6,EXECUTE,2026-08-05 07:00:18,COMPLETED,Actuation Dispatch,Actuation command routed,Control payload delivered to terminal gateway
STG-DEC-00141-07,DEC-00141,7,VERIFY,2026-08-05 07:45:16,COMPLETED,Closed-Loop Recovery,Observed dwell delta reduction,Field telemetry feedback verified
STG-DEC-00141-08,DEC-00141,8,LOG,2026-08-05 07:45:23,COMPLETED,Audit Record Sealed,SHA-256 Digest Confirmed,Tamper-evident record sealed to immutable operational audit store
STG-DEC-00142-01,DEC-00142,1,SIGNAL,2026-08-05 15:00:18,COMPLETED,Trigger Received,Demand surge at PS10,Telemetry ingested from Smart Gate and SCADA DCS
STG-DEC-00142-02,DEC-00142,2,PREDICT,2026-08-05 15:00:27,COMPLETED,Predicted Dwell Blowout,78m turnaround (+13m above baseline SLA),Forecasted queue blowout with 91% confidence
STG-DEC-00142-03,DEC-00142,3,DIAGNOSE,2026-08-05 15:00:33,COMPLETED,Causal Attribution,Flow Meter Temperature Sensor Drift,Bottleneck identified at PS10
STG-DEC-00142-04,DEC-00142,4,OPTIMIZE,2026-08-05 15:00:39,COMPLETED,Candidate Ranking,OPT-03 selected (Score 92/100),Evaluated candidate options for -9m recovery
STG-DEC-00142-05,DEC-00142,5,DECIDE,2026-08-05 15:00:45,COMPLETED,L2_AUTO_EXECUTABLE Policy Check,Status: EXECUTED,Autonomy rule evaluation completed
STG-DEC-00142-06,DEC-00142,6,EXECUTE,2026-08-05 15:00:47,COMPLETED,Actuation Dispatch,Actuation command routed,Control payload delivered to terminal gateway
STG-DEC-00142-07,DEC-00142,7,VERIFY,2026-08-05 15:45:45,COMPLETED,Closed-Loop Recovery,Observed dwell delta reduction,Field telemetry feedback verified
STG-DEC-00142-08,DEC-00142,8,LOG,2026-08-05 15:45:52,COMPLETED,Audit Record Sealed,SHA-256 Digest Confirmed,Tamper-evident record sealed to immutable operational audit store
STG-DEC-00143-01,DEC-00143,1,SIGNAL,2026-08-05 19:00:01,COMPLETED,Trigger Received,Demand surge at PS28,Telemetry ingested from Smart Gate and SCADA DCS
STG-DEC-00143-02,DEC-00143,2,PREDICT,2026-08-05 19:00:10,COMPLETED,Predicted Dwell Blowout,54m turnaround (+9m above baseline SLA),Forecasted queue blowout with 91% confidence
STG-DEC-00143-03,DEC-00143,3,DIAGNOSE,2026-08-05 19:00:16,COMPLETED,Causal Attribution,Loading Position Offline for Maintenance,Bottleneck identified at PS28
STG-DEC-00143-04,DEC-00143,4,OPTIMIZE,2026-08-05 19:00:22,COMPLETED,Candidate Ranking,OPT-03 selected (Score 92/100),Evaluated candidate options for -6m recovery
STG-DEC-00143-05,DEC-00143,5,DECIDE,2026-08-05 19:00:28,COMPLETED,L2_AUTO_EXECUTABLE Policy Check,Status: EXECUTED,Autonomy rule evaluation completed
STG-DEC-00143-06,DEC-00143,6,EXECUTE,2026-08-05 19:00:30,COMPLETED,Actuation Dispatch,Actuation command routed,Control payload delivered to terminal gateway
STG-DEC-00143-07,DEC-00143,7,VERIFY,2026-08-05 19:45:28,COMPLETED,Closed-Loop Recovery,Observed dwell delta reduction,Field telemetry feedback verified
STG-DEC-00143-08,DEC-00143,8,LOG,2026-08-05 19:45:35,COMPLETED,Audit Record Sealed,SHA-256 Digest Confirmed,Tamper-evident record sealed to immutable operational audit store
STG-DEC-00144-01,DEC-00144,1,SIGNAL,2026-08-06 00:00:07,COMPLETED,Trigger Received,Demand surge at PS27,Telemetry ingested from Smart Gate and SCADA DCS
STG-DEC-00144-02,DEC-00144,2,PREDICT,2026-08-06 00:00:16,COMPLETED,Predicted Dwell Blowout,59m turnaround (+9m above baseline SLA),Forecasted queue blowout with 91% confidence
STG-DEC-00144-03,DEC-00144,3,DIAGNOSE,2026-08-06 00:00:22,COMPLETED,Causal Attribution,Tank Recertification Hold,Bottleneck identified at PS27
STG-DEC-00144-04,DEC-00144,4,OPTIMIZE,2026-08-06 00:00:28,COMPLETED,Candidate Ranking,OPT-03 selected (Score 92/100),Evaluated candidate options for -6m recovery
STG-DEC-00144-05,DEC-00144,5,DECIDE,2026-08-06 00:00:34,COMPLETED,L2_AUTO_EXECUTABLE Policy Check,Status: EXECUTED,Autonomy rule evaluation completed
STG-DEC-00144-06,DEC-00144,6,EXECUTE,2026-08-06 00:00:36,COMPLETED,Actuation Dispatch,Actuation command routed,Control payload delivered to terminal gateway
STG-DEC-00144-07,DEC-00144,7,VERIFY,2026-08-06 00:45:34,COMPLETED,Closed-Loop Recovery,Observed dwell delta reduction,Field telemetry feedback verified
STG-DEC-00144-08,DEC-00144,8,LOG,2026-08-06 00:45:41,COMPLETED,Audit Record Sealed,SHA-256 Digest Confirmed,Tamper-evident record sealed to immutable operational audit store
STG-DEC-00145-01,DEC-00145,1,SIGNAL,2026-08-06 01:59:59,COMPLETED,Trigger Received,Demand surge at KOT-PS1,Telemetry ingested from Smart Gate and SCADA DCS
STG-DEC-00145-02,DEC-00145,2,PREDICT,2026-08-06 02:00:08,COMPLETED,Predicted Dwell Blowout,107m turnaround (+35m above baseline SLA),Forecasted queue blowout with 91% confidence
STG-DEC-00145-03,DEC-00145,3,DIAGNOSE,2026-08-06 02:00:14,COMPLETED,Causal Attribution,Clustered Transporter Arrivals,Bottleneck identified at KOT-PS1
STG-DEC-00145-04,DEC-00145,4,OPTIMIZE,2026-08-06 02:00:20,COMPLETED,Candidate Ranking,OPT-03 selected (Score 92/100),Evaluated candidate options for -26m recovery
STG-DEC-00145-05,DEC-00145,5,DECIDE,2026-08-06 02:00:26,COMPLETED,L1_ADVISORY Policy Check,Status: ADVISORY_POSTED,Autonomy rule evaluation completed
STG-DEC-00145-06,DEC-00145,6,EXECUTE,2026-08-06 02:00:28,SKIPPED,Actuation Dispatch,Actuation command routed,Control payload delivered to terminal gateway
STG-DEC-00145-07,DEC-00145,7,VERIFY,2026-08-06 02:45:26,SKIPPED,Closed-Loop Recovery,Observed dwell delta reduction,Field telemetry feedback verified
STG-DEC-00145-08,DEC-00145,8,LOG,2026-08-06 02:45:33,COMPLETED,Audit Record Sealed,SHA-256 Digest Confirmed,Tamper-evident record sealed to immutable operational audit store
STG-DEC-00146-01,DEC-00146,1,SIGNAL,2026-08-06 06:59:51,COMPLETED,Trigger Received,Demand surge at KOT-PS1,Telemetry ingested from Smart Gate and SCADA DCS
STG-DEC-00146-02,DEC-00146,2,PREDICT,2026-08-06 07:00:00,COMPLETED,Predicted Dwell Blowout,109m turnaround (+37m above baseline SLA),Forecasted queue blowout with 91% confidence
STG-DEC-00146-03,DEC-00146,3,DIAGNOSE,2026-08-06 07:00:06,COMPLETED,Causal Attribution,Tank Recertification Hold,Bottleneck identified at KOT-PS1
STG-DEC-00146-04,DEC-00146,4,OPTIMIZE,2026-08-06 07:00:12,COMPLETED,Candidate Ranking,OPT-03 selected (Score 92/100),Evaluated candidate options for -27m recovery
STG-DEC-00146-05,DEC-00146,5,DECIDE,2026-08-06 07:00:18,COMPLETED,L2_AUTO_EXECUTABLE Policy Check,Status: EXECUTED,Autonomy rule evaluation completed
STG-DEC-00146-06,DEC-00146,6,EXECUTE,2026-08-06 07:00:20,COMPLETED,Actuation Dispatch,Actuation command routed,Control payload delivered to terminal gateway
STG-DEC-00146-07,DEC-00146,7,VERIFY,2026-08-06 07:45:18,COMPLETED,Closed-Loop Recovery,Observed dwell delta reduction,Field telemetry feedback verified
STG-DEC-00146-08,DEC-00146,8,LOG,2026-08-06 07:45:25,COMPLETED,Audit Record Sealed,SHA-256 Digest Confirmed,Tamper-evident record sealed to immutable operational audit store
STG-DEC-00147-01,DEC-00147,1,SIGNAL,2026-08-06 13:00:03,COMPLETED,Trigger Received,Demand surge at PS27,Telemetry ingested from Smart Gate and SCADA DCS
STG-DEC-00147-02,DEC-00147,2,PREDICT,2026-08-06 13:00:12,COMPLETED,Predicted Dwell Blowout,82m turnaround (+32m above baseline SLA),Forecasted queue blowout with 91% confidence
STG-DEC-00147-03,DEC-00147,3,DIAGNOSE,2026-08-06 13:00:18,COMPLETED,Causal Attribution,Morning Peak Arrival Surge,Bottleneck identified at PS27
STG-DEC-00147-04,DEC-00147,4,OPTIMIZE,2026-08-06 13:00:24,COMPLETED,Candidate Ranking,OPT-03 selected (Score 92/100),Evaluated candidate options for -24m recovery
STG-DEC-00147-05,DEC-00147,5,DECIDE,2026-08-06 13:00:30,COMPLETED,L3_APPROVAL_REQUIRED Policy Check,Status: APPROVED,Autonomy rule evaluation completed
STG-DEC-00147-06,DEC-00147,6,EXECUTE,2026-08-06 13:00:32,COMPLETED,Actuation Dispatch,Actuation command routed,Control payload delivered to terminal gateway
STG-DEC-00147-07,DEC-00147,7,VERIFY,2026-08-06 13:45:30,COMPLETED,Closed-Loop Recovery,Observed dwell delta reduction,Field telemetry feedback verified
STG-DEC-00147-08,DEC-00147,8,LOG,2026-08-06 13:45:37,COMPLETED,Audit Record Sealed,SHA-256 Digest Confirmed,Tamper-evident record sealed to immutable operational audit store
STG-DEC-00148-01,DEC-00148,1,SIGNAL,2026-08-06 19:00:04,COMPLETED,Trigger Received,Demand surge at PS10,Telemetry ingested from Smart Gate and SCADA DCS
STG-DEC-00148-02,DEC-00148,2,PREDICT,2026-08-06 19:00:13,COMPLETED,Predicted Dwell Blowout,72m turnaround (+7m above baseline SLA),Forecasted queue blowout with 91% confidence
STG-DEC-00148-03,DEC-00148,3,DIAGNOSE,2026-08-06 19:00:19,COMPLETED,Causal Attribution,Flow Meter Temperature Sensor Drift,Bottleneck identified at PS10
STG-DEC-00148-04,DEC-00148,4,OPTIMIZE,2026-08-06 19:00:25,COMPLETED,Candidate Ranking,OPT-03 selected (Score 92/100),Evaluated candidate options for -5m recovery
STG-DEC-00148-05,DEC-00148,5,DECIDE,2026-08-06 19:00:31,COMPLETED,L2_AUTO_EXECUTABLE Policy Check,Status: EXECUTED,Autonomy rule evaluation completed
STG-DEC-00148-06,DEC-00148,6,EXECUTE,2026-08-06 19:00:33,COMPLETED,Actuation Dispatch,Actuation command routed,Control payload delivered to terminal gateway
STG-DEC-00148-07,DEC-00148,7,VERIFY,2026-08-06 19:45:31,COMPLETED,Closed-Loop Recovery,Observed dwell delta reduction,Field telemetry feedback verified
STG-DEC-00148-08,DEC-00148,8,LOG,2026-08-06 19:45:38,COMPLETED,Audit Record Sealed,SHA-256 Digest Confirmed,Tamper-evident record sealed to immutable operational audit store
STG-DEC-00149-01,DEC-00149,1,SIGNAL,2026-08-06 22:00:11,COMPLETED,Trigger Received,Demand surge at KOT-PS1,Telemetry ingested from Smart Gate and SCADA DCS
STG-DEC-00149-02,DEC-00149,2,PREDICT,2026-08-06 22:00:20,COMPLETED,Predicted Dwell Blowout,79m turnaround (+7m above baseline SLA),Forecasted queue blowout with 91% confidence
STG-DEC-00149-03,DEC-00149,3,DIAGNOSE,2026-08-06 22:00:26,COMPLETED,Causal Attribution,Clustered Transporter Arrivals,Bottleneck identified at KOT-PS1
STG-DEC-00149-04,DEC-00149,4,OPTIMIZE,2026-08-06 22:00:32,COMPLETED,Candidate Ranking,OPT-03 selected (Score 92/100),Evaluated candidate options for -5m recovery
STG-DEC-00149-05,DEC-00149,5,DECIDE,2026-08-06 22:00:38,COMPLETED,L2_AUTO_EXECUTABLE Policy Check,Status: EXECUTED,Autonomy rule evaluation completed
STG-DEC-00149-06,DEC-00149,6,EXECUTE,2026-08-06 22:00:40,COMPLETED,Actuation Dispatch,Actuation command routed,Control payload delivered to terminal gateway
STG-DEC-00149-07,DEC-00149,7,VERIFY,2026-08-06 22:45:38,COMPLETED,Closed-Loop Recovery,Observed dwell delta reduction,Field telemetry feedback verified
STG-DEC-00149-08,DEC-00149,8,LOG,2026-08-06 22:45:45,COMPLETED,Audit Record Sealed,SHA-256 Digest Confirmed,Tamper-evident record sealed to immutable operational audit store
STG-DEC-00150-01,DEC-00150,1,SIGNAL,2026-08-07 12:00:06,COMPLETED,Trigger Received,Demand surge at PS27,Telemetry ingested from Smart Gate and SCADA DCS
STG-DEC-00150-02,DEC-00150,2,PREDICT,2026-08-07 12:00:15,COMPLETED,Predicted Dwell Blowout,73m turnaround (+23m above baseline SLA),Forecasted queue blowout with 91% confidence
STG-DEC-00150-03,DEC-00150,3,DIAGNOSE,2026-08-07 12:00:21,COMPLETED,Causal Attribution,Flow Meter Temperature Sensor Drift,Bottleneck identified at PS27
STG-DEC-00150-04,DEC-00150,4,OPTIMIZE,2026-08-07 12:00:27,COMPLETED,Candidate Ranking,OPT-03 selected (Score 92/100),Evaluated candidate options for -17m recovery
STG-DEC-00150-05,DEC-00150,5,DECIDE,2026-08-07 12:00:33,COMPLETED,L1_ADVISORY Policy Check,Status: ADVISORY_POSTED,Autonomy rule evaluation completed
STG-DEC-00150-06,DEC-00150,6,EXECUTE,2026-08-07 12:00:35,SKIPPED,Actuation Dispatch,Actuation command routed,Control payload delivered to terminal gateway
STG-DEC-00150-07,DEC-00150,7,VERIFY,2026-08-07 12:45:33,SKIPPED,Closed-Loop Recovery,Observed dwell delta reduction,Field telemetry feedback verified
STG-DEC-00150-08,DEC-00150,8,LOG,2026-08-07 12:45:40,COMPLETED,Audit Record Sealed,SHA-256 Digest Confirmed,Tamper-evident record sealed to immutable operational audit store
STG-DEC-00151-01,DEC-00151,1,SIGNAL,2026-08-07 16:00:17,COMPLETED,Trigger Received,Demand surge at PS25,Telemetry ingested from Smart Gate and SCADA DCS
STG-DEC-00151-02,DEC-00151,2,PREDICT,2026-08-07 16:00:26,COMPLETED,Predicted Dwell Blowout,74m turnaround (+16m above baseline SLA),Forecasted queue blowout with 91% confidence
STG-DEC-00151-03,DEC-00151,3,DIAGNOSE,2026-08-07 16:00:32,COMPLETED,Causal Attribution,Flow Meter Temperature Sensor Drift,Bottleneck identified at PS25
STG-DEC-00151-04,DEC-00151,4,OPTIMIZE,2026-08-07 16:00:38,COMPLETED,Candidate Ranking,OPT-03 selected (Score 92/100),Evaluated candidate options for -12m recovery
STG-DEC-00151-05,DEC-00151,5,DECIDE,2026-08-07 16:00:44,COMPLETED,L2_AUTO_EXECUTABLE Policy Check,Status: EXECUTED,Autonomy rule evaluation completed
STG-DEC-00151-06,DEC-00151,6,EXECUTE,2026-08-07 16:00:46,COMPLETED,Actuation Dispatch,Actuation command routed,Control payload delivered to terminal gateway
STG-DEC-00151-07,DEC-00151,7,VERIFY,2026-08-07 16:45:44,COMPLETED,Closed-Loop Recovery,Observed dwell delta reduction,Field telemetry feedback verified
STG-DEC-00151-08,DEC-00151,8,LOG,2026-08-07 16:45:51,COMPLETED,Audit Record Sealed,SHA-256 Digest Confirmed,Tamper-evident record sealed to immutable operational audit store
STG-DEC-00152-01,DEC-00152,1,SIGNAL,2026-08-08 00:00:01,COMPLETED,Trigger Received,Demand surge at KOT-PS1,Telemetry ingested from Smart Gate and SCADA DCS
STG-DEC-00152-02,DEC-00152,2,PREDICT,2026-08-08 00:00:10,COMPLETED,Predicted Dwell Blowout,109m turnaround (+37m above baseline SLA),Forecasted queue blowout with 91% confidence
STG-DEC-00152-03,DEC-00152,3,DIAGNOSE,2026-08-08 00:00:16,COMPLETED,Causal Attribution,Tank Recertification Hold,Bottleneck identified at KOT-PS1
STG-DEC-00152-04,DEC-00152,4,OPTIMIZE,2026-08-08 00:00:22,COMPLETED,Candidate Ranking,OPT-03 selected (Score 92/100),Evaluated candidate options for -27m recovery
STG-DEC-00152-05,DEC-00152,5,DECIDE,2026-08-08 00:00:28,COMPLETED,L1_ADVISORY Policy Check,Status: ADVISORY_POSTED,Autonomy rule evaluation completed
STG-DEC-00152-06,DEC-00152,6,EXECUTE,2026-08-08 00:00:30,SKIPPED,Actuation Dispatch,Actuation command routed,Control payload delivered to terminal gateway
STG-DEC-00152-07,DEC-00152,7,VERIFY,2026-08-08 00:45:28,SKIPPED,Closed-Loop Recovery,Observed dwell delta reduction,Field telemetry feedback verified
STG-DEC-00152-08,DEC-00152,8,LOG,2026-08-08 00:45:35,COMPLETED,Audit Record Sealed,SHA-256 Digest Confirmed,Tamper-evident record sealed to immutable operational audit store
STG-DEC-00153-01,DEC-00153,1,SIGNAL,2026-08-08 08:59:55,COMPLETED,Trigger Received,Demand surge at PS10,Telemetry ingested from Smart Gate and SCADA DCS
STG-DEC-00153-02,DEC-00153,2,PREDICT,2026-08-08 09:00:04,COMPLETED,Predicted Dwell Blowout,80m turnaround (+15m above baseline SLA),Forecasted queue blowout with 91% confidence
STG-DEC-00153-03,DEC-00153,3,DIAGNOSE,2026-08-08 09:00:10,COMPLETED,Causal Attribution,Flow Meter Temperature Sensor Drift,Bottleneck identified at PS10
STG-DEC-00153-04,DEC-00153,4,OPTIMIZE,2026-08-08 09:00:16,COMPLETED,Candidate Ranking,OPT-03 selected (Score 92/100),Evaluated candidate options for -11m recovery
STG-DEC-00153-05,DEC-00153,5,DECIDE,2026-08-08 09:00:22,COMPLETED,L2_AUTO_EXECUTABLE Policy Check,Status: EXECUTED,Autonomy rule evaluation completed
STG-DEC-00153-06,DEC-00153,6,EXECUTE,2026-08-08 09:00:24,COMPLETED,Actuation Dispatch,Actuation command routed,Control payload delivered to terminal gateway
STG-DEC-00153-07,DEC-00153,7,VERIFY,2026-08-08 09:45:22,COMPLETED,Closed-Loop Recovery,Observed dwell delta reduction,Field telemetry feedback verified
STG-DEC-00153-08,DEC-00153,8,LOG,2026-08-08 09:45:29,COMPLETED,Audit Record Sealed,SHA-256 Digest Confirmed,Tamper-evident record sealed to immutable operational audit store
STG-DEC-00154-01,DEC-00154,1,SIGNAL,2026-08-08 17:00:14,COMPLETED,Trigger Received,Demand surge at PS25,Telemetry ingested from Smart Gate and SCADA DCS
STG-DEC-00154-02,DEC-00154,2,PREDICT,2026-08-08 17:00:23,COMPLETED,Predicted Dwell Blowout,99m turnaround (+41m above baseline SLA),Forecasted queue blowout with 91% confidence
STG-DEC-00154-03,DEC-00154,3,DIAGNOSE,2026-08-08 17:00:29,COMPLETED,Causal Attribution,Flow Meter Temperature Sensor Drift,Bottleneck identified at PS25
STG-DEC-00154-04,DEC-00154,4,OPTIMIZE,2026-08-08 17:00:35,COMPLETED,Candidate Ranking,OPT-03 selected (Score 92/100),Evaluated candidate options for -30m recovery
STG-DEC-00154-05,DEC-00154,5,DECIDE,2026-08-08 17:00:41,COMPLETED,L1_ADVISORY Policy Check,Status: ADVISORY_POSTED,Autonomy rule evaluation completed
STG-DEC-00154-06,DEC-00154,6,EXECUTE,2026-08-08 17:00:43,SKIPPED,Actuation Dispatch,Actuation command routed,Control payload delivered to terminal gateway
STG-DEC-00154-07,DEC-00154,7,VERIFY,2026-08-08 17:45:41,SKIPPED,Closed-Loop Recovery,Observed dwell delta reduction,Field telemetry feedback verified
STG-DEC-00154-08,DEC-00154,8,LOG,2026-08-08 17:45:48,COMPLETED,Audit Record Sealed,SHA-256 Digest Confirmed,Tamper-evident record sealed to immutable operational audit store
STG-DEC-00155-01,DEC-00155,1,SIGNAL,2026-08-09 19:59:55,COMPLETED,Trigger Received,Demand surge at PS25,Telemetry ingested from Smart Gate and SCADA DCS
STG-DEC-00155-02,DEC-00155,2,PREDICT,2026-08-09 20:00:04,COMPLETED,Predicted Dwell Blowout,72m turnaround (+14m above baseline SLA),Forecasted queue blowout with 91% confidence
STG-DEC-00155-03,DEC-00155,3,DIAGNOSE,2026-08-09 20:00:10,COMPLETED,Causal Attribution,Clustered Transporter Arrivals,Bottleneck identified at PS25
STG-DEC-00155-04,DEC-00155,4,OPTIMIZE,2026-08-09 20:00:16,COMPLETED,Candidate Ranking,OPT-03 selected (Score 92/100),Evaluated candidate options for -10m recovery
STG-DEC-00155-05,DEC-00155,5,DECIDE,2026-08-09 20:00:22,COMPLETED,L2_AUTO_EXECUTABLE Policy Check,Status: EXECUTED,Autonomy rule evaluation completed
STG-DEC-00155-06,DEC-00155,6,EXECUTE,2026-08-09 20:00:24,COMPLETED,Actuation Dispatch,Actuation command routed,Control payload delivered to terminal gateway
STG-DEC-00155-07,DEC-00155,7,VERIFY,2026-08-09 20:45:22,COMPLETED,Closed-Loop Recovery,Observed dwell delta reduction,Field telemetry feedback verified
STG-DEC-00155-08,DEC-00155,8,LOG,2026-08-09 20:45:29,COMPLETED,Audit Record Sealed,SHA-256 Digest Confirmed,Tamper-evident record sealed to immutable operational audit store
STG-DEC-00156-01,DEC-00156,1,SIGNAL,2026-08-09 22:00:10,COMPLETED,Trigger Received,Demand surge at PS10,Telemetry ingested from Smart Gate and SCADA DCS
STG-DEC-00156-02,DEC-00156,2,PREDICT,2026-08-09 22:00:19,COMPLETED,Predicted Dwell Blowout,79m turnaround (+14m above baseline SLA),Forecasted queue blowout with 91% confidence
STG-DEC-00156-03,DEC-00156,3,DIAGNOSE,2026-08-09 22:00:25,COMPLETED,Causal Attribution,Gantry Queue Congestion + Slow Metering,Bottleneck identified at PS10
STG-DEC-00156-04,DEC-00156,4,OPTIMIZE,2026-08-09 22:00:31,COMPLETED,Candidate Ranking,OPT-03 selected (Score 92/100),Evaluated candidate options for -10m recovery
STG-DEC-00156-05,DEC-00156,5,DECIDE,2026-08-09 22:00:37,COMPLETED,L2_AUTO_EXECUTABLE Policy Check,Status: EXECUTED,Autonomy rule evaluation completed
STG-DEC-00156-06,DEC-00156,6,EXECUTE,2026-08-09 22:00:39,COMPLETED,Actuation Dispatch,Actuation command routed,Control payload delivered to terminal gateway
STG-DEC-00156-07,DEC-00156,7,VERIFY,2026-08-09 22:45:37,COMPLETED,Closed-Loop Recovery,Observed dwell delta reduction,Field telemetry feedback verified
STG-DEC-00156-08,DEC-00156,8,LOG,2026-08-09 22:45:44,COMPLETED,Audit Record Sealed,SHA-256 Digest Confirmed,Tamper-evident record sealed to immutable operational audit store
STG-DEC-00157-01,DEC-00157,1,SIGNAL,2026-08-10 04:00:13,COMPLETED,Trigger Received,Demand surge at PS28,Telemetry ingested from Smart Gate and SCADA DCS
STG-DEC-00157-02,DEC-00157,2,PREDICT,2026-08-10 04:00:22,COMPLETED,Predicted Dwell Blowout,57m turnaround (+12m above baseline SLA),Forecasted queue blowout with 91% confidence
STG-DEC-00157-03,DEC-00157,3,DIAGNOSE,2026-08-10 04:00:28,COMPLETED,Causal Attribution,Tank Recertification Hold,Bottleneck identified at PS28
STG-DEC-00157-04,DEC-00157,4,OPTIMIZE,2026-08-10 04:00:34,COMPLETED,Candidate Ranking,OPT-03 selected (Score 92/100),Evaluated candidate options for -9m recovery
STG-DEC-00157-05,DEC-00157,5,DECIDE,2026-08-10 04:00:40,COMPLETED,L2_AUTO_EXECUTABLE Policy Check,Status: EXECUTED,Autonomy rule evaluation completed
STG-DEC-00157-06,DEC-00157,6,EXECUTE,2026-08-10 04:00:42,COMPLETED,Actuation Dispatch,Actuation command routed,Control payload delivered to terminal gateway
STG-DEC-00157-07,DEC-00157,7,VERIFY,2026-08-10 04:45:40,COMPLETED,Closed-Loop Recovery,Observed dwell delta reduction,Field telemetry feedback verified
STG-DEC-00157-08,DEC-00157,8,LOG,2026-08-10 04:45:47,COMPLETED,Audit Record Sealed,SHA-256 Digest Confirmed,Tamper-evident record sealed to immutable operational audit store
STG-DEC-00158-01,DEC-00158,1,SIGNAL,2026-08-10 20:00:10,COMPLETED,Trigger Received,Demand surge at PS10,Telemetry ingested from Smart Gate and SCADA DCS
STG-DEC-00158-02,DEC-00158,2,PREDICT,2026-08-10 20:00:19,COMPLETED,Predicted Dwell Blowout,81m turnaround (+16m above baseline SLA),Forecasted queue blowout with 91% confidence
STG-DEC-00158-03,DEC-00158,3,DIAGNOSE,2026-08-10 20:00:25,COMPLETED,Causal Attribution,Clustered Transporter Arrivals,Bottleneck identified at PS10
STG-DEC-00158-04,DEC-00158,4,OPTIMIZE,2026-08-10 20:00:31,COMPLETED,Candidate Ranking,OPT-03 selected (Score 92/100),Evaluated candidate options for -12m recovery
STG-DEC-00158-05,DEC-00158,5,DECIDE,2026-08-10 20:00:37,COMPLETED,L3_APPROVAL_REQUIRED Policy Check,Status: APPROVED,Autonomy rule evaluation completed
STG-DEC-00158-06,DEC-00158,6,EXECUTE,2026-08-10 20:00:39,COMPLETED,Actuation Dispatch,Actuation command routed,Control payload delivered to terminal gateway
STG-DEC-00158-07,DEC-00158,7,VERIFY,2026-08-10 20:45:37,COMPLETED,Closed-Loop Recovery,Observed dwell delta reduction,Field telemetry feedback verified
STG-DEC-00158-08,DEC-00158,8,LOG,2026-08-10 20:45:44,COMPLETED,Audit Record Sealed,SHA-256 Digest Confirmed,Tamper-evident record sealed to immutable operational audit store
STG-DEC-00159-01,DEC-00159,1,SIGNAL,2026-08-11 02:59:59,COMPLETED,Trigger Received,Demand surge at PS27,Telemetry ingested from Smart Gate and SCADA DCS
STG-DEC-00159-02,DEC-00159,2,PREDICT,2026-08-11 03:00:08,COMPLETED,Predicted Dwell Blowout,58m turnaround (+8m above baseline SLA),Forecasted queue blowout with 91% confidence
STG-DEC-00159-03,DEC-00159,3,DIAGNOSE,2026-08-11 03:00:14,COMPLETED,Causal Attribution,Clustered Transporter Arrivals,Bottleneck identified at PS27
STG-DEC-00159-04,DEC-00159,4,OPTIMIZE,2026-08-11 03:00:20,COMPLETED,Candidate Ranking,OPT-03 selected (Score 92/100),Evaluated candidate options for -6m recovery
STG-DEC-00159-05,DEC-00159,5,DECIDE,2026-08-11 03:00:26,COMPLETED,L2_AUTO_EXECUTABLE Policy Check,Status: EXECUTED,Autonomy rule evaluation completed
STG-DEC-00159-06,DEC-00159,6,EXECUTE,2026-08-11 03:00:28,COMPLETED,Actuation Dispatch,Actuation command routed,Control payload delivered to terminal gateway
STG-DEC-00159-07,DEC-00159,7,VERIFY,2026-08-11 03:45:26,COMPLETED,Closed-Loop Recovery,Observed dwell delta reduction,Field telemetry feedback verified
STG-DEC-00159-08,DEC-00159,8,LOG,2026-08-11 03:45:33,COMPLETED,Audit Record Sealed,SHA-256 Digest Confirmed,Tamper-evident record sealed to immutable operational audit store
STG-DEC-00160-01,DEC-00160,1,SIGNAL,2026-08-11 04:59:59,COMPLETED,Trigger Received,Demand surge at KOT-PS1,Telemetry ingested from Smart Gate and SCADA DCS
STG-DEC-00160-02,DEC-00160,2,PREDICT,2026-08-11 05:00:08,COMPLETED,Predicted Dwell Blowout,93m turnaround (+21m above baseline SLA),Forecasted queue blowout with 91% confidence
STG-DEC-00160-03,DEC-00160,3,DIAGNOSE,2026-08-11 05:00:14,COMPLETED,Causal Attribution,Gantry Queue Congestion + Slow Metering,Bottleneck identified at KOT-PS1
STG-DEC-00160-04,DEC-00160,4,OPTIMIZE,2026-08-11 05:00:20,COMPLETED,Candidate Ranking,OPT-03 selected (Score 92/100),Evaluated candidate options for -15m recovery
STG-DEC-00160-05,DEC-00160,5,DECIDE,2026-08-11 05:00:26,COMPLETED,L1_ADVISORY Policy Check,Status: ADVISORY_POSTED,Autonomy rule evaluation completed
STG-DEC-00160-06,DEC-00160,6,EXECUTE,2026-08-11 05:00:28,SKIPPED,Actuation Dispatch,Actuation command routed,Control payload delivered to terminal gateway
STG-DEC-00160-07,DEC-00160,7,VERIFY,2026-08-11 05:45:26,SKIPPED,Closed-Loop Recovery,Observed dwell delta reduction,Field telemetry feedback verified
STG-DEC-00160-08,DEC-00160,8,LOG,2026-08-11 05:45:33,COMPLETED,Audit Record Sealed,SHA-256 Digest Confirmed,Tamper-evident record sealed to immutable operational audit store
STG-DEC-00161-01,DEC-00161,1,SIGNAL,2026-08-11 18:59:55,COMPLETED,Trigger Received,Demand surge at PS10,Telemetry ingested from Smart Gate and SCADA DCS
STG-DEC-00161-02,DEC-00161,2,PREDICT,2026-08-11 19:00:04,COMPLETED,Predicted Dwell Blowout,78m turnaround (+13m above baseline SLA),Forecasted queue blowout with 91% confidence
STG-DEC-00161-03,DEC-00161,3,DIAGNOSE,2026-08-11 19:00:10,COMPLETED,Causal Attribution,Clustered Transporter Arrivals,Bottleneck identified at PS10
STG-DEC-00161-04,DEC-00161,4,OPTIMIZE,2026-08-11 19:00:16,COMPLETED,Candidate Ranking,OPT-03 selected (Score 92/100),Evaluated candidate options for -9m recovery
STG-DEC-00161-05,DEC-00161,5,DECIDE,2026-08-11 19:00:22,COMPLETED,L2_AUTO_EXECUTABLE Policy Check,Status: EXECUTED,Autonomy rule evaluation completed
STG-DEC-00161-06,DEC-00161,6,EXECUTE,2026-08-11 19:00:24,COMPLETED,Actuation Dispatch,Actuation command routed,Control payload delivered to terminal gateway
STG-DEC-00161-07,DEC-00161,7,VERIFY,2026-08-11 19:45:22,COMPLETED,Closed-Loop Recovery,Observed dwell delta reduction,Field telemetry feedback verified
STG-DEC-00161-08,DEC-00161,8,LOG,2026-08-11 19:45:29,COMPLETED,Audit Record Sealed,SHA-256 Digest Confirmed,Tamper-evident record sealed to immutable operational audit store
STG-DEC-00162-01,DEC-00162,1,SIGNAL,2026-08-12 04:00:11,COMPLETED,Trigger Received,Demand surge at PS10,Telemetry ingested from Smart Gate and SCADA DCS
STG-DEC-00162-02,DEC-00162,2,PREDICT,2026-08-12 04:00:20,COMPLETED,Predicted Dwell Blowout,95m turnaround (+30m above baseline SLA),Forecasted queue blowout with 91% confidence
STG-DEC-00162-03,DEC-00162,3,DIAGNOSE,2026-08-12 04:00:26,COMPLETED,Causal Attribution,Clustered Transporter Arrivals,Bottleneck identified at PS10
STG-DEC-00162-04,DEC-00162,4,OPTIMIZE,2026-08-12 04:00:32,COMPLETED,Candidate Ranking,OPT-03 selected (Score 92/100),Evaluated candidate options for -22m recovery
STG-DEC-00162-05,DEC-00162,5,DECIDE,2026-08-12 04:00:38,COMPLETED,L3_APPROVAL_REQUIRED Policy Check,Status: APPROVED,Autonomy rule evaluation completed
STG-DEC-00162-06,DEC-00162,6,EXECUTE,2026-08-12 04:00:40,COMPLETED,Actuation Dispatch,Actuation command routed,Control payload delivered to terminal gateway
STG-DEC-00162-07,DEC-00162,7,VERIFY,2026-08-12 04:45:38,COMPLETED,Closed-Loop Recovery,Observed dwell delta reduction,Field telemetry feedback verified
STG-DEC-00162-08,DEC-00162,8,LOG,2026-08-12 04:45:45,COMPLETED,Audit Record Sealed,SHA-256 Digest Confirmed,Tamper-evident record sealed to immutable operational audit store
STG-DEC-00163-01,DEC-00163,1,SIGNAL,2026-08-12 12:00:07,COMPLETED,Trigger Received,Demand surge at KOT-PS1,Telemetry ingested from Smart Gate and SCADA DCS
STG-DEC-00163-02,DEC-00163,2,PREDICT,2026-08-12 12:00:16,COMPLETED,Predicted Dwell Blowout,99m turnaround (+27m above baseline SLA),Forecasted queue blowout with 91% confidence
STG-DEC-00163-03,DEC-00163,3,DIAGNOSE,2026-08-12 12:00:22,COMPLETED,Causal Attribution,Tank Recertification Hold,Bottleneck identified at KOT-PS1
STG-DEC-00163-04,DEC-00163,4,OPTIMIZE,2026-08-12 12:00:28,COMPLETED,Candidate Ranking,OPT-03 selected (Score 92/100),Evaluated candidate options for -20m recovery
STG-DEC-00163-05,DEC-00163,5,DECIDE,2026-08-12 12:00:34,COMPLETED,L2_AUTO_EXECUTABLE Policy Check,Status: EXECUTED,Autonomy rule evaluation completed
STG-DEC-00163-06,DEC-00163,6,EXECUTE,2026-08-12 12:00:36,COMPLETED,Actuation Dispatch,Actuation command routed,Control payload delivered to terminal gateway
STG-DEC-00163-07,DEC-00163,7,VERIFY,2026-08-12 12:45:34,COMPLETED,Closed-Loop Recovery,Observed dwell delta reduction,Field telemetry feedback verified
STG-DEC-00163-08,DEC-00163,8,LOG,2026-08-12 12:45:41,COMPLETED,Audit Record Sealed,SHA-256 Digest Confirmed,Tamper-evident record sealed to immutable operational audit store
STG-DEC-00164-01,DEC-00164,1,SIGNAL,2026-08-12 21:00:01,COMPLETED,Trigger Received,Demand surge at PS28,Telemetry ingested from Smart Gate and SCADA DCS
STG-DEC-00164-02,DEC-00164,2,PREDICT,2026-08-12 21:00:10,COMPLETED,Predicted Dwell Blowout,84m turnaround (+39m above baseline SLA),Forecasted queue blowout with 91% confidence
STG-DEC-00164-03,DEC-00164,3,DIAGNOSE,2026-08-12 21:00:16,COMPLETED,Causal Attribution,Loading Position Offline for Maintenance,Bottleneck identified at PS28
STG-DEC-00164-04,DEC-00164,4,OPTIMIZE,2026-08-12 21:00:22,COMPLETED,Candidate Ranking,OPT-03 selected (Score 92/100),Evaluated candidate options for -29m recovery
STG-DEC-00164-05,DEC-00164,5,DECIDE,2026-08-12 21:00:28,COMPLETED,L2_AUTO_EXECUTABLE Policy Check,Status: EXECUTED,Autonomy rule evaluation completed
STG-DEC-00164-06,DEC-00164,6,EXECUTE,2026-08-12 21:00:30,COMPLETED,Actuation Dispatch,Actuation command routed,Control payload delivered to terminal gateway
STG-DEC-00164-07,DEC-00164,7,VERIFY,2026-08-12 21:45:28,COMPLETED,Closed-Loop Recovery,Observed dwell delta reduction,Field telemetry feedback verified
STG-DEC-00164-08,DEC-00164,8,LOG,2026-08-12 21:45:35,COMPLETED,Audit Record Sealed,SHA-256 Digest Confirmed,Tamper-evident record sealed to immutable operational audit store
STG-DEC-00165-01,DEC-00165,1,SIGNAL,2026-08-13 03:00:14,COMPLETED,Trigger Received,Demand surge at PS10,Telemetry ingested from Smart Gate and SCADA DCS
STG-DEC-00165-02,DEC-00165,2,PREDICT,2026-08-13 03:00:23,COMPLETED,Predicted Dwell Blowout,94m turnaround (+29m above baseline SLA),Forecasted queue blowout with 91% confidence
STG-DEC-00165-03,DEC-00165,3,DIAGNOSE,2026-08-13 03:00:29,COMPLETED,Causal Attribution,Loading Position Offline for Maintenance,Bottleneck identified at PS10
STG-DEC-00165-04,DEC-00165,4,OPTIMIZE,2026-08-13 03:00:35,COMPLETED,Candidate Ranking,OPT-03 selected (Score 92/100),Evaluated candidate options for -21m recovery
STG-DEC-00165-05,DEC-00165,5,DECIDE,2026-08-13 03:00:41,COMPLETED,L2_AUTO_EXECUTABLE Policy Check,Status: EXECUTED,Autonomy rule evaluation completed
STG-DEC-00165-06,DEC-00165,6,EXECUTE,2026-08-13 03:00:43,COMPLETED,Actuation Dispatch,Actuation command routed,Control payload delivered to terminal gateway
STG-DEC-00165-07,DEC-00165,7,VERIFY,2026-08-13 03:45:41,COMPLETED,Closed-Loop Recovery,Observed dwell delta reduction,Field telemetry feedback verified
STG-DEC-00165-08,DEC-00165,8,LOG,2026-08-13 03:45:48,COMPLETED,Audit Record Sealed,SHA-256 Digest Confirmed,Tamper-evident record sealed to immutable operational audit store
STG-DEC-00166-01,DEC-00166,1,SIGNAL,2026-08-13 05:59:53,COMPLETED,Trigger Received,Demand surge at KOT-PS1,Telemetry ingested from Smart Gate and SCADA DCS
STG-DEC-00166-02,DEC-00166,2,PREDICT,2026-08-13 06:00:02,COMPLETED,Predicted Dwell Blowout,109m turnaround (+37m above baseline SLA),Forecasted queue blowout with 91% confidence
STG-DEC-00166-03,DEC-00166,3,DIAGNOSE,2026-08-13 06:00:08,COMPLETED,Causal Attribution,Flow Meter Temperature Sensor Drift,Bottleneck identified at KOT-PS1
STG-DEC-00166-04,DEC-00166,4,OPTIMIZE,2026-08-13 06:00:14,COMPLETED,Candidate Ranking,OPT-03 selected (Score 92/100),Evaluated candidate options for -27m recovery
STG-DEC-00166-05,DEC-00166,5,DECIDE,2026-08-13 06:00:20,COMPLETED,L1_ADVISORY Policy Check,Status: ADVISORY_POSTED,Autonomy rule evaluation completed
STG-DEC-00166-06,DEC-00166,6,EXECUTE,2026-08-13 06:00:22,SKIPPED,Actuation Dispatch,Actuation command routed,Control payload delivered to terminal gateway
STG-DEC-00166-07,DEC-00166,7,VERIFY,2026-08-13 06:45:20,SKIPPED,Closed-Loop Recovery,Observed dwell delta reduction,Field telemetry feedback verified
STG-DEC-00166-08,DEC-00166,8,LOG,2026-08-13 06:45:27,COMPLETED,Audit Record Sealed,SHA-256 Digest Confirmed,Tamper-evident record sealed to immutable operational audit store
STG-DEC-00167-01,DEC-00167,1,SIGNAL,2026-08-13 08:00:11,COMPLETED,Trigger Received,Demand surge at PS25,Telemetry ingested from Smart Gate and SCADA DCS
STG-DEC-00167-02,DEC-00167,2,PREDICT,2026-08-13 08:00:20,COMPLETED,Predicted Dwell Blowout,85m turnaround (+27m above baseline SLA),Forecasted queue blowout with 91% confidence
STG-DEC-00167-03,DEC-00167,3,DIAGNOSE,2026-08-13 08:00:26,COMPLETED,Causal Attribution,Loading Position Offline for Maintenance,Bottleneck identified at PS25
STG-DEC-00167-04,DEC-00167,4,OPTIMIZE,2026-08-13 08:00:32,COMPLETED,Candidate Ranking,OPT-03 selected (Score 92/100),Evaluated candidate options for -20m recovery
STG-DEC-00167-05,DEC-00167,5,DECIDE,2026-08-13 08:00:38,COMPLETED,L1_ADVISORY Policy Check,Status: ADVISORY_POSTED,Autonomy rule evaluation completed
STG-DEC-00167-06,DEC-00167,6,EXECUTE,2026-08-13 08:00:40,SKIPPED,Actuation Dispatch,Actuation command routed,Control payload delivered to terminal gateway
STG-DEC-00167-07,DEC-00167,7,VERIFY,2026-08-13 08:45:38,SKIPPED,Closed-Loop Recovery,Observed dwell delta reduction,Field telemetry feedback verified
STG-DEC-00167-08,DEC-00167,8,LOG,2026-08-13 08:45:45,COMPLETED,Audit Record Sealed,SHA-256 Digest Confirmed,Tamper-evident record sealed to immutable operational audit store
STG-DEC-00168-01,DEC-00168,1,SIGNAL,2026-08-13 14:59:58,COMPLETED,Trigger Received,Demand surge at PS27,Telemetry ingested from Smart Gate and SCADA DCS
STG-DEC-00168-02,DEC-00168,2,PREDICT,2026-08-13 15:00:07,COMPLETED,Predicted Dwell Blowout,65m turnaround (+15m above baseline SLA),Forecasted queue blowout with 91% confidence
STG-DEC-00168-03,DEC-00168,3,DIAGNOSE,2026-08-13 15:00:13,COMPLETED,Causal Attribution,Clustered Transporter Arrivals,Bottleneck identified at PS27
STG-DEC-00168-04,DEC-00168,4,OPTIMIZE,2026-08-13 15:00:19,COMPLETED,Candidate Ranking,OPT-03 selected (Score 92/100),Evaluated candidate options for -11m recovery
STG-DEC-00168-05,DEC-00168,5,DECIDE,2026-08-13 15:00:25,COMPLETED,L1_ADVISORY Policy Check,Status: ADVISORY_POSTED,Autonomy rule evaluation completed
STG-DEC-00168-06,DEC-00168,6,EXECUTE,2026-08-13 15:00:27,SKIPPED,Actuation Dispatch,Actuation command routed,Control payload delivered to terminal gateway
STG-DEC-00168-07,DEC-00168,7,VERIFY,2026-08-13 15:45:25,SKIPPED,Closed-Loop Recovery,Observed dwell delta reduction,Field telemetry feedback verified
STG-DEC-00168-08,DEC-00168,8,LOG,2026-08-13 15:45:32,COMPLETED,Audit Record Sealed,SHA-256 Digest Confirmed,Tamper-evident record sealed to immutable operational audit store
STG-DEC-00169-01,DEC-00169,1,SIGNAL,2026-08-13 19:00:16,COMPLETED,Trigger Received,Demand surge at KOT-PS1,Telemetry ingested from Smart Gate and SCADA DCS
STG-DEC-00169-02,DEC-00169,2,PREDICT,2026-08-13 19:00:25,COMPLETED,Predicted Dwell Blowout,80m turnaround (+8m above baseline SLA),Forecasted queue blowout with 91% confidence
STG-DEC-00169-03,DEC-00169,3,DIAGNOSE,2026-08-13 19:00:31,COMPLETED,Causal Attribution,Gantry Queue Congestion + Slow Metering,Bottleneck identified at KOT-PS1
STG-DEC-00169-04,DEC-00169,4,OPTIMIZE,2026-08-13 19:00:37,COMPLETED,Candidate Ranking,OPT-03 selected (Score 92/100),Evaluated candidate options for -6m recovery
STG-DEC-00169-05,DEC-00169,5,DECIDE,2026-08-13 19:00:43,COMPLETED,L2_AUTO_EXECUTABLE Policy Check,Status: EXECUTED,Autonomy rule evaluation completed
STG-DEC-00169-06,DEC-00169,6,EXECUTE,2026-08-13 19:00:45,COMPLETED,Actuation Dispatch,Actuation command routed,Control payload delivered to terminal gateway
STG-DEC-00169-07,DEC-00169,7,VERIFY,2026-08-13 19:45:43,COMPLETED,Closed-Loop Recovery,Observed dwell delta reduction,Field telemetry feedback verified
STG-DEC-00169-08,DEC-00169,8,LOG,2026-08-13 19:45:50,COMPLETED,Audit Record Sealed,SHA-256 Digest Confirmed,Tamper-evident record sealed to immutable operational audit store
STG-DEC-00170-01,DEC-00170,1,SIGNAL,2026-08-14 08:00:06,COMPLETED,Trigger Received,Demand surge at PS28,Telemetry ingested from Smart Gate and SCADA DCS
STG-DEC-00170-02,DEC-00170,2,PREDICT,2026-08-14 08:00:15,COMPLETED,Predicted Dwell Blowout,56m turnaround (+11m above baseline SLA),Forecasted queue blowout with 91% confidence
STG-DEC-00170-03,DEC-00170,3,DIAGNOSE,2026-08-14 08:00:21,COMPLETED,Causal Attribution,Tank Recertification Hold,Bottleneck identified at PS28
STG-DEC-00170-04,DEC-00170,4,OPTIMIZE,2026-08-14 08:00:27,COMPLETED,Candidate Ranking,OPT-03 selected (Score 92/100),Evaluated candidate options for -8m recovery
STG-DEC-00170-05,DEC-00170,5,DECIDE,2026-08-14 08:00:33,COMPLETED,L2_AUTO_EXECUTABLE Policy Check,Status: EXECUTED,Autonomy rule evaluation completed
STG-DEC-00170-06,DEC-00170,6,EXECUTE,2026-08-14 08:00:35,COMPLETED,Actuation Dispatch,Actuation command routed,Control payload delivered to terminal gateway
STG-DEC-00170-07,DEC-00170,7,VERIFY,2026-08-14 08:45:33,COMPLETED,Closed-Loop Recovery,Observed dwell delta reduction,Field telemetry feedback verified
STG-DEC-00170-08,DEC-00170,8,LOG,2026-08-14 08:45:40,COMPLETED,Audit Record Sealed,SHA-256 Digest Confirmed,Tamper-evident record sealed to immutable operational audit store
STG-DEC-00171-01,DEC-00171,1,SIGNAL,2026-08-14 11:00:04,COMPLETED,Trigger Received,Demand surge at PS10,Telemetry ingested from Smart Gate and SCADA DCS
STG-DEC-00171-02,DEC-00171,2,PREDICT,2026-08-14 11:00:13,COMPLETED,Predicted Dwell Blowout,78m turnaround (+13m above baseline SLA),Forecasted queue blowout with 91% confidence
STG-DEC-00171-03,DEC-00171,3,DIAGNOSE,2026-08-14 11:00:19,COMPLETED,Causal Attribution,Gantry Queue Congestion + Slow Metering,Bottleneck identified at PS10
STG-DEC-00171-04,DEC-00171,4,OPTIMIZE,2026-08-14 11:00:25,COMPLETED,Candidate Ranking,OPT-03 selected (Score 92/100),Evaluated candidate options for -9m recovery
STG-DEC-00171-05,DEC-00171,5,DECIDE,2026-08-14 11:00:31,COMPLETED,L1_ADVISORY Policy Check,Status: ADVISORY_POSTED,Autonomy rule evaluation completed
STG-DEC-00171-06,DEC-00171,6,EXECUTE,2026-08-14 11:00:33,SKIPPED,Actuation Dispatch,Actuation command routed,Control payload delivered to terminal gateway
STG-DEC-00171-07,DEC-00171,7,VERIFY,2026-08-14 11:45:31,SKIPPED,Closed-Loop Recovery,Observed dwell delta reduction,Field telemetry feedback verified
STG-DEC-00171-08,DEC-00171,8,LOG,2026-08-14 11:45:38,COMPLETED,Audit Record Sealed,SHA-256 Digest Confirmed,Tamper-evident record sealed to immutable operational audit store
STG-DEC-00172-01,DEC-00172,1,SIGNAL,2026-08-14 15:00:14,COMPLETED,Trigger Received,Demand surge at KOT-PS1,Telemetry ingested from Smart Gate and SCADA DCS
STG-DEC-00172-02,DEC-00172,2,PREDICT,2026-08-14 15:00:23,COMPLETED,Predicted Dwell Blowout,79m turnaround (+7m above baseline SLA),Forecasted queue blowout with 91% confidence
STG-DEC-00172-03,DEC-00172,3,DIAGNOSE,2026-08-14 15:00:29,COMPLETED,Causal Attribution,Morning Peak Arrival Surge,Bottleneck identified at KOT-PS1
STG-DEC-00172-04,DEC-00172,4,OPTIMIZE,2026-08-14 15:00:35,COMPLETED,Candidate Ranking,OPT-03 selected (Score 92/100),Evaluated candidate options for -5m recovery
STG-DEC-00172-05,DEC-00172,5,DECIDE,2026-08-14 15:00:41,COMPLETED,L2_AUTO_EXECUTABLE Policy Check,Status: EXECUTED,Autonomy rule evaluation completed
STG-DEC-00172-06,DEC-00172,6,EXECUTE,2026-08-14 15:00:43,COMPLETED,Actuation Dispatch,Actuation command routed,Control payload delivered to terminal gateway
STG-DEC-00172-07,DEC-00172,7,VERIFY,2026-08-14 15:45:41,COMPLETED,Closed-Loop Recovery,Observed dwell delta reduction,Field telemetry feedback verified
STG-DEC-00172-08,DEC-00172,8,LOG,2026-08-14 15:45:48,COMPLETED,Audit Record Sealed,SHA-256 Digest Confirmed,Tamper-evident record sealed to immutable operational audit store
STG-DEC-00173-01,DEC-00173,1,SIGNAL,2026-08-15 05:59:56,COMPLETED,Trigger Received,Demand surge at PS10,Telemetry ingested from Smart Gate and SCADA DCS
STG-DEC-00173-02,DEC-00173,2,PREDICT,2026-08-15 06:00:05,COMPLETED,Predicted Dwell Blowout,73m turnaround (+8m above baseline SLA),Forecasted queue blowout with 91% confidence
STG-DEC-00173-03,DEC-00173,3,DIAGNOSE,2026-08-15 06:00:11,COMPLETED,Causal Attribution,Flow Meter Temperature Sensor Drift,Bottleneck identified at PS10
STG-DEC-00173-04,DEC-00173,4,OPTIMIZE,2026-08-15 06:00:17,COMPLETED,Candidate Ranking,OPT-03 selected (Score 92/100),Evaluated candidate options for -6m recovery
STG-DEC-00173-05,DEC-00173,5,DECIDE,2026-08-15 06:00:23,COMPLETED,L2_AUTO_EXECUTABLE Policy Check,Status: EXECUTED,Autonomy rule evaluation completed
STG-DEC-00173-06,DEC-00173,6,EXECUTE,2026-08-15 06:00:25,COMPLETED,Actuation Dispatch,Actuation command routed,Control payload delivered to terminal gateway
STG-DEC-00173-07,DEC-00173,7,VERIFY,2026-08-15 06:45:23,COMPLETED,Closed-Loop Recovery,Observed dwell delta reduction,Field telemetry feedback verified
STG-DEC-00173-08,DEC-00173,8,LOG,2026-08-15 06:45:30,COMPLETED,Audit Record Sealed,SHA-256 Digest Confirmed,Tamper-evident record sealed to immutable operational audit store
STG-DEC-00174-01,DEC-00174,1,SIGNAL,2026-08-15 11:00:04,COMPLETED,Trigger Received,Demand surge at PS10,Telemetry ingested from Smart Gate and SCADA DCS
STG-DEC-00174-02,DEC-00174,2,PREDICT,2026-08-15 11:00:13,COMPLETED,Predicted Dwell Blowout,80m turnaround (+15m above baseline SLA),Forecasted queue blowout with 91% confidence
STG-DEC-00174-03,DEC-00174,3,DIAGNOSE,2026-08-15 11:00:19,COMPLETED,Causal Attribution,Flow Meter Temperature Sensor Drift,Bottleneck identified at PS10
STG-DEC-00174-04,DEC-00174,4,OPTIMIZE,2026-08-15 11:00:25,COMPLETED,Candidate Ranking,OPT-03 selected (Score 92/100),Evaluated candidate options for -11m recovery
STG-DEC-00174-05,DEC-00174,5,DECIDE,2026-08-15 11:00:31,BLOCKED,L1_ADVISORY Policy Check,Status: BLOCKED_BY_POLICY,Autonomy rule evaluation completed
STG-DEC-00174-06,DEC-00174,6,EXECUTE,2026-08-15 11:00:33,SKIPPED,Actuation Dispatch,Actuation command routed,Control payload delivered to terminal gateway
STG-DEC-00174-07,DEC-00174,7,VERIFY,2026-08-15 11:45:31,SKIPPED,Closed-Loop Recovery,Observed dwell delta reduction,Field telemetry feedback verified
STG-DEC-00174-08,DEC-00174,8,LOG,2026-08-15 11:45:38,COMPLETED,Audit Record Sealed,SHA-256 Digest Confirmed,Tamper-evident record sealed to immutable operational audit store
STG-DEC-00175-01,DEC-00175,1,SIGNAL,2026-08-15 14:00:17,COMPLETED,Trigger Received,Demand surge at PS25,Telemetry ingested from Smart Gate and SCADA DCS
STG-DEC-00175-02,DEC-00175,2,PREDICT,2026-08-15 14:00:26,COMPLETED,Predicted Dwell Blowout,101m turnaround (+43m above baseline SLA),Forecasted queue blowout with 91% confidence
STG-DEC-00175-03,DEC-00175,3,DIAGNOSE,2026-08-15 14:00:32,COMPLETED,Causal Attribution,Clustered Transporter Arrivals,Bottleneck identified at PS25
STG-DEC-00175-04,DEC-00175,4,OPTIMIZE,2026-08-15 14:00:38,COMPLETED,Candidate Ranking,OPT-03 selected (Score 92/100),Evaluated candidate options for -32m recovery
STG-DEC-00175-05,DEC-00175,5,DECIDE,2026-08-15 14:00:44,COMPLETED,L1_ADVISORY Policy Check,Status: ADVISORY_POSTED,Autonomy rule evaluation completed
STG-DEC-00175-06,DEC-00175,6,EXECUTE,2026-08-15 14:00:46,SKIPPED,Actuation Dispatch,Actuation command routed,Control payload delivered to terminal gateway
STG-DEC-00175-07,DEC-00175,7,VERIFY,2026-08-15 14:45:44,SKIPPED,Closed-Loop Recovery,Observed dwell delta reduction,Field telemetry feedback verified
STG-DEC-00175-08,DEC-00175,8,LOG,2026-08-15 14:45:51,COMPLETED,Audit Record Sealed,SHA-256 Digest Confirmed,Tamper-evident record sealed to immutable operational audit store
STG-DEC-00176-01,DEC-00176,1,SIGNAL,2026-08-15 19:59:56,COMPLETED,Trigger Received,Demand surge at KOT-PS1,Telemetry ingested from Smart Gate and SCADA DCS
STG-DEC-00176-02,DEC-00176,2,PREDICT,2026-08-15 20:00:05,COMPLETED,Predicted Dwell Blowout,82m turnaround (+10m above baseline SLA),Forecasted queue blowout with 91% confidence
STG-DEC-00176-03,DEC-00176,3,DIAGNOSE,2026-08-15 20:00:11,COMPLETED,Causal Attribution,Gantry Queue Congestion + Slow Metering,Bottleneck identified at KOT-PS1
STG-DEC-00176-04,DEC-00176,4,OPTIMIZE,2026-08-15 20:00:17,COMPLETED,Candidate Ranking,OPT-03 selected (Score 92/100),Evaluated candidate options for -7m recovery
STG-DEC-00176-05,DEC-00176,5,DECIDE,2026-08-15 20:00:23,COMPLETED,L2_AUTO_EXECUTABLE Policy Check,Status: EXECUTED,Autonomy rule evaluation completed
STG-DEC-00176-06,DEC-00176,6,EXECUTE,2026-08-15 20:00:25,COMPLETED,Actuation Dispatch,Actuation command routed,Control payload delivered to terminal gateway
STG-DEC-00176-07,DEC-00176,7,VERIFY,2026-08-15 20:45:23,COMPLETED,Closed-Loop Recovery,Observed dwell delta reduction,Field telemetry feedback verified
STG-DEC-00176-08,DEC-00176,8,LOG,2026-08-15 20:45:30,COMPLETED,Audit Record Sealed,SHA-256 Digest Confirmed,Tamper-evident record sealed to immutable operational audit store
STG-DEC-00177-01,DEC-00177,1,SIGNAL,2026-08-15 23:00:05,COMPLETED,Trigger Received,Demand surge at PS10,Telemetry ingested from Smart Gate and SCADA DCS
STG-DEC-00177-02,DEC-00177,2,PREDICT,2026-08-15 23:00:14,COMPLETED,Predicted Dwell Blowout,85m turnaround (+20m above baseline SLA),Forecasted queue blowout with 91% confidence
STG-DEC-00177-03,DEC-00177,3,DIAGNOSE,2026-08-15 23:00:20,COMPLETED,Causal Attribution,Flow Meter Temperature Sensor Drift,Bottleneck identified at PS10
STG-DEC-00177-04,DEC-00177,4,OPTIMIZE,2026-08-15 23:00:26,COMPLETED,Candidate Ranking,OPT-03 selected (Score 92/100),Evaluated candidate options for -15m recovery
STG-DEC-00177-05,DEC-00177,5,DECIDE,2026-08-15 23:00:32,COMPLETED,L2_AUTO_EXECUTABLE Policy Check,Status: EXECUTED,Autonomy rule evaluation completed
STG-DEC-00177-06,DEC-00177,6,EXECUTE,2026-08-15 23:00:34,COMPLETED,Actuation Dispatch,Actuation command routed,Control payload delivered to terminal gateway
STG-DEC-00177-07,DEC-00177,7,VERIFY,2026-08-15 23:45:32,COMPLETED,Closed-Loop Recovery,Observed dwell delta reduction,Field telemetry feedback verified
STG-DEC-00177-08,DEC-00177,8,LOG,2026-08-15 23:45:39,COMPLETED,Audit Record Sealed,SHA-256 Digest Confirmed,Tamper-evident record sealed to immutable operational audit store
STG-DEC-00178-01,DEC-00178,1,SIGNAL,2026-08-16 11:00:08,COMPLETED,Trigger Received,Demand surge at KOT-PS1,Telemetry ingested from Smart Gate and SCADA DCS
STG-DEC-00178-02,DEC-00178,2,PREDICT,2026-08-16 11:00:17,COMPLETED,Predicted Dwell Blowout,78m turnaround (+6m above baseline SLA),Forecasted queue blowout with 91% confidence
STG-DEC-00178-03,DEC-00178,3,DIAGNOSE,2026-08-16 11:00:23,COMPLETED,Causal Attribution,Flow Meter Temperature Sensor Drift,Bottleneck identified at KOT-PS1
STG-DEC-00178-04,DEC-00178,4,OPTIMIZE,2026-08-16 11:00:29,COMPLETED,Candidate Ranking,OPT-03 selected (Score 92/100),Evaluated candidate options for -4m recovery
STG-DEC-00178-05,DEC-00178,5,DECIDE,2026-08-16 11:00:35,COMPLETED,L1_ADVISORY Policy Check,Status: ADVISORY_POSTED,Autonomy rule evaluation completed
STG-DEC-00178-06,DEC-00178,6,EXECUTE,2026-08-16 11:00:37,SKIPPED,Actuation Dispatch,Actuation command routed,Control payload delivered to terminal gateway
STG-DEC-00178-07,DEC-00178,7,VERIFY,2026-08-16 11:45:35,SKIPPED,Closed-Loop Recovery,Observed dwell delta reduction,Field telemetry feedback verified
STG-DEC-00178-08,DEC-00178,8,LOG,2026-08-16 11:45:42,COMPLETED,Audit Record Sealed,SHA-256 Digest Confirmed,Tamper-evident record sealed to immutable operational audit store
STG-DEC-00179-01,DEC-00179,1,SIGNAL,2026-08-16 16:00:01,COMPLETED,Trigger Received,Demand surge at PS25,Telemetry ingested from Smart Gate and SCADA DCS
STG-DEC-00179-02,DEC-00179,2,PREDICT,2026-08-16 16:00:10,COMPLETED,Predicted Dwell Blowout,88m turnaround (+30m above baseline SLA),Forecasted queue blowout with 91% confidence
STG-DEC-00179-03,DEC-00179,3,DIAGNOSE,2026-08-16 16:00:16,COMPLETED,Causal Attribution,Gantry Queue Congestion + Slow Metering,Bottleneck identified at PS25
STG-DEC-00179-04,DEC-00179,4,OPTIMIZE,2026-08-16 16:00:22,COMPLETED,Candidate Ranking,OPT-03 selected (Score 92/100),Evaluated candidate options for -22m recovery
STG-DEC-00179-05,DEC-00179,5,DECIDE,2026-08-16 16:00:28,BLOCKED,L3_APPROVAL_REQUIRED Policy Check,Status: BLOCKED_BY_POLICY,Autonomy rule evaluation completed
STG-DEC-00179-06,DEC-00179,6,EXECUTE,2026-08-16 16:00:30,SKIPPED,Actuation Dispatch,Actuation command routed,Control payload delivered to terminal gateway
STG-DEC-00179-07,DEC-00179,7,VERIFY,2026-08-16 16:45:28,SKIPPED,Closed-Loop Recovery,Observed dwell delta reduction,Field telemetry feedback verified
STG-DEC-00179-08,DEC-00179,8,LOG,2026-08-16 16:45:35,COMPLETED,Audit Record Sealed,SHA-256 Digest Confirmed,Tamper-evident record sealed to immutable operational audit store
STG-DEC-00180-01,DEC-00180,1,SIGNAL,2026-08-16 22:00:07,COMPLETED,Trigger Received,Demand surge at PS25,Telemetry ingested from Smart Gate and SCADA DCS
STG-DEC-00180-02,DEC-00180,2,PREDICT,2026-08-16 22:00:16,COMPLETED,Predicted Dwell Blowout,78m turnaround (+20m above baseline SLA),Forecasted queue blowout with 91% confidence
STG-DEC-00180-03,DEC-00180,3,DIAGNOSE,2026-08-16 22:00:22,COMPLETED,Causal Attribution,Gantry Queue Congestion + Slow Metering,Bottleneck identified at PS25
STG-DEC-00180-04,DEC-00180,4,OPTIMIZE,2026-08-16 22:00:28,COMPLETED,Candidate Ranking,OPT-03 selected (Score 92/100),Evaluated candidate options for -15m recovery
STG-DEC-00180-05,DEC-00180,5,DECIDE,2026-08-16 22:00:34,COMPLETED,L2_AUTO_EXECUTABLE Policy Check,Status: EXECUTED,Autonomy rule evaluation completed
STG-DEC-00180-06,DEC-00180,6,EXECUTE,2026-08-16 22:00:36,COMPLETED,Actuation Dispatch,Actuation command routed,Control payload delivered to terminal gateway
STG-DEC-00180-07,DEC-00180,7,VERIFY,2026-08-16 22:45:34,COMPLETED,Closed-Loop Recovery,Observed dwell delta reduction,Field telemetry feedback verified
STG-DEC-00180-08,DEC-00180,8,LOG,2026-08-16 22:45:41,COMPLETED,Audit Record Sealed,SHA-256 Digest Confirmed,Tamper-evident record sealed to immutable operational audit store
STG-DEC-00181-01,DEC-00181,1,SIGNAL,2026-08-17 06:00:05,COMPLETED,Trigger Received,Demand surge at KOT-PS1,Telemetry ingested from Smart Gate and SCADA DCS
STG-DEC-00181-02,DEC-00181,2,PREDICT,2026-08-17 06:00:14,COMPLETED,Predicted Dwell Blowout,96m turnaround (+24m above baseline SLA),Forecasted queue blowout with 91% confidence
STG-DEC-00181-03,DEC-00181,3,DIAGNOSE,2026-08-17 06:00:20,COMPLETED,Causal Attribution,Tank Recertification Hold,Bottleneck identified at KOT-PS1
STG-DEC-00181-04,DEC-00181,4,OPTIMIZE,2026-08-17 06:00:26,COMPLETED,Candidate Ranking,OPT-03 selected (Score 92/100),Evaluated candidate options for -18m recovery
STG-DEC-00181-05,DEC-00181,5,DECIDE,2026-08-17 06:00:32,COMPLETED,L2_AUTO_EXECUTABLE Policy Check,Status: EXECUTED,Autonomy rule evaluation completed
STG-DEC-00181-06,DEC-00181,6,EXECUTE,2026-08-17 06:00:34,COMPLETED,Actuation Dispatch,Actuation command routed,Control payload delivered to terminal gateway
STG-DEC-00181-07,DEC-00181,7,VERIFY,2026-08-17 06:45:32,COMPLETED,Closed-Loop Recovery,Observed dwell delta reduction,Field telemetry feedback verified
STG-DEC-00181-08,DEC-00181,8,LOG,2026-08-17 06:45:39,COMPLETED,Audit Record Sealed,SHA-256 Digest Confirmed,Tamper-evident record sealed to immutable operational audit store
STG-DEC-00182-01,DEC-00182,1,SIGNAL,2026-08-17 07:59:57,COMPLETED,Trigger Received,Demand surge at PS25,Telemetry ingested from Smart Gate and SCADA DCS
STG-DEC-00182-02,DEC-00182,2,PREDICT,2026-08-17 08:00:06,COMPLETED,Predicted Dwell Blowout,72m turnaround (+14m above baseline SLA),Forecasted queue blowout with 91% confidence
STG-DEC-00182-03,DEC-00182,3,DIAGNOSE,2026-08-17 08:00:12,COMPLETED,Causal Attribution,Gantry Queue Congestion + Slow Metering,Bottleneck identified at PS25
STG-DEC-00182-04,DEC-00182,4,OPTIMIZE,2026-08-17 08:00:18,COMPLETED,Candidate Ranking,OPT-03 selected (Score 92/100),Evaluated candidate options for -10m recovery
STG-DEC-00182-05,DEC-00182,5,DECIDE,2026-08-17 08:00:24,COMPLETED,L2_AUTO_EXECUTABLE Policy Check,Status: EXECUTED,Autonomy rule evaluation completed
STG-DEC-00182-06,DEC-00182,6,EXECUTE,2026-08-17 08:00:26,COMPLETED,Actuation Dispatch,Actuation command routed,Control payload delivered to terminal gateway
STG-DEC-00182-07,DEC-00182,7,VERIFY,2026-08-17 08:45:24,COMPLETED,Closed-Loop Recovery,Observed dwell delta reduction,Field telemetry feedback verified
STG-DEC-00182-08,DEC-00182,8,LOG,2026-08-17 08:45:31,COMPLETED,Audit Record Sealed,SHA-256 Digest Confirmed,Tamper-evident record sealed to immutable operational audit store
STG-DEC-00183-01,DEC-00183,1,SIGNAL,2026-08-18 15:00:09,COMPLETED,Trigger Received,Demand surge at KOT-PS1,Telemetry ingested from Smart Gate and SCADA DCS
STG-DEC-00183-02,DEC-00183,2,PREDICT,2026-08-18 15:00:18,COMPLETED,Predicted Dwell Blowout,83m turnaround (+11m above baseline SLA),Forecasted queue blowout with 91% confidence
STG-DEC-00183-03,DEC-00183,3,DIAGNOSE,2026-08-18 15:00:24,COMPLETED,Causal Attribution,Flow Meter Temperature Sensor Drift,Bottleneck identified at KOT-PS1
STG-DEC-00183-04,DEC-00183,4,OPTIMIZE,2026-08-18 15:00:30,COMPLETED,Candidate Ranking,OPT-03 selected (Score 92/100),Evaluated candidate options for -8m recovery
STG-DEC-00183-05,DEC-00183,5,DECIDE,2026-08-18 15:00:36,COMPLETED,L2_AUTO_EXECUTABLE Policy Check,Status: EXECUTED,Autonomy rule evaluation completed
STG-DEC-00183-06,DEC-00183,6,EXECUTE,2026-08-18 15:00:38,COMPLETED,Actuation Dispatch,Actuation command routed,Control payload delivered to terminal gateway
STG-DEC-00183-07,DEC-00183,7,VERIFY,2026-08-18 15:45:36,COMPLETED,Closed-Loop Recovery,Observed dwell delta reduction,Field telemetry feedback verified
STG-DEC-00183-08,DEC-00183,8,LOG,2026-08-18 15:45:43,COMPLETED,Audit Record Sealed,SHA-256 Digest Confirmed,Tamper-evident record sealed to immutable operational audit store
STG-DEC-00184-01,DEC-00184,1,SIGNAL,2026-08-19 04:00:12,COMPLETED,Trigger Received,Demand surge at KOT-PS1,Telemetry ingested from Smart Gate and SCADA DCS
STG-DEC-00184-02,DEC-00184,2,PREDICT,2026-08-19 04:00:21,COMPLETED,Predicted Dwell Blowout,109m turnaround (+37m above baseline SLA),Forecasted queue blowout with 91% confidence
STG-DEC-00184-03,DEC-00184,3,DIAGNOSE,2026-08-19 04:00:27,COMPLETED,Causal Attribution,Clustered Transporter Arrivals,Bottleneck identified at KOT-PS1
STG-DEC-00184-04,DEC-00184,4,OPTIMIZE,2026-08-19 04:00:33,COMPLETED,Candidate Ranking,OPT-03 selected (Score 92/100),Evaluated candidate options for -27m recovery
STG-DEC-00184-05,DEC-00184,5,DECIDE,2026-08-19 04:00:39,BLOCKED,L1_ADVISORY Policy Check,Status: BLOCKED_BY_POLICY,Autonomy rule evaluation completed
STG-DEC-00184-06,DEC-00184,6,EXECUTE,2026-08-19 04:00:41,SKIPPED,Actuation Dispatch,Actuation command routed,Control payload delivered to terminal gateway
STG-DEC-00184-07,DEC-00184,7,VERIFY,2026-08-19 04:45:39,SKIPPED,Closed-Loop Recovery,Observed dwell delta reduction,Field telemetry feedback verified
STG-DEC-00184-08,DEC-00184,8,LOG,2026-08-19 04:45:46,COMPLETED,Audit Record Sealed,SHA-256 Digest Confirmed,Tamper-evident record sealed to immutable operational audit store
STG-DEC-00185-01,DEC-00185,1,SIGNAL,2026-08-19 06:59:58,COMPLETED,Trigger Received,Demand surge at KOT-PS1,Telemetry ingested from Smart Gate and SCADA DCS
STG-DEC-00185-02,DEC-00185,2,PREDICT,2026-08-19 07:00:07,COMPLETED,Predicted Dwell Blowout,97m turnaround (+25m above baseline SLA),Forecasted queue blowout with 91% confidence
STG-DEC-00185-03,DEC-00185,3,DIAGNOSE,2026-08-19 07:00:13,COMPLETED,Causal Attribution,Morning Peak Arrival Surge,Bottleneck identified at KOT-PS1
STG-DEC-00185-04,DEC-00185,4,OPTIMIZE,2026-08-19 07:00:19,COMPLETED,Candidate Ranking,OPT-03 selected (Score 92/100),Evaluated candidate options for -18m recovery
STG-DEC-00185-05,DEC-00185,5,DECIDE,2026-08-19 07:00:25,COMPLETED,L2_AUTO_EXECUTABLE Policy Check,Status: EXECUTED,Autonomy rule evaluation completed
STG-DEC-00185-06,DEC-00185,6,EXECUTE,2026-08-19 07:00:27,COMPLETED,Actuation Dispatch,Actuation command routed,Control payload delivered to terminal gateway
STG-DEC-00185-07,DEC-00185,7,VERIFY,2026-08-19 07:45:25,COMPLETED,Closed-Loop Recovery,Observed dwell delta reduction,Field telemetry feedback verified
STG-DEC-00185-08,DEC-00185,8,LOG,2026-08-19 07:45:32,COMPLETED,Audit Record Sealed,SHA-256 Digest Confirmed,Tamper-evident record sealed to immutable operational audit store
STG-DEC-00186-01,DEC-00186,1,SIGNAL,2026-08-20 00:00:02,COMPLETED,Trigger Received,Demand surge at KOT-PS1,Telemetry ingested from Smart Gate and SCADA DCS
STG-DEC-00186-02,DEC-00186,2,PREDICT,2026-08-20 00:00:11,COMPLETED,Predicted Dwell Blowout,92m turnaround (+20m above baseline SLA),Forecasted queue blowout with 91% confidence
STG-DEC-00186-03,DEC-00186,3,DIAGNOSE,2026-08-20 00:00:17,COMPLETED,Causal Attribution,Morning Peak Arrival Surge,Bottleneck identified at KOT-PS1
STG-DEC-00186-04,DEC-00186,4,OPTIMIZE,2026-08-20 00:00:23,COMPLETED,Candidate Ranking,OPT-03 selected (Score 92/100),Evaluated candidate options for -15m recovery
STG-DEC-00186-05,DEC-00186,5,DECIDE,2026-08-20 00:00:29,COMPLETED,L1_ADVISORY Policy Check,Status: ADVISORY_POSTED,Autonomy rule evaluation completed
STG-DEC-00186-06,DEC-00186,6,EXECUTE,2026-08-20 00:00:31,SKIPPED,Actuation Dispatch,Actuation command routed,Control payload delivered to terminal gateway
STG-DEC-00186-07,DEC-00186,7,VERIFY,2026-08-20 00:45:29,SKIPPED,Closed-Loop Recovery,Observed dwell delta reduction,Field telemetry feedback verified
STG-DEC-00186-08,DEC-00186,8,LOG,2026-08-20 00:45:36,COMPLETED,Audit Record Sealed,SHA-256 Digest Confirmed,Tamper-evident record sealed to immutable operational audit store
STG-DEC-00187-01,DEC-00187,1,SIGNAL,2026-08-20 06:00:08,COMPLETED,Trigger Received,Demand surge at KOT-PS1,Telemetry ingested from Smart Gate and SCADA DCS
STG-DEC-00187-02,DEC-00187,2,PREDICT,2026-08-20 06:00:17,COMPLETED,Predicted Dwell Blowout,113m turnaround (+41m above baseline SLA),Forecasted queue blowout with 91% confidence
STG-DEC-00187-03,DEC-00187,3,DIAGNOSE,2026-08-20 06:00:23,COMPLETED,Causal Attribution,Morning Peak Arrival Surge,Bottleneck identified at KOT-PS1
STG-DEC-00187-04,DEC-00187,4,OPTIMIZE,2026-08-20 06:00:29,COMPLETED,Candidate Ranking,OPT-03 selected (Score 92/100),Evaluated candidate options for -30m recovery
STG-DEC-00187-05,DEC-00187,5,DECIDE,2026-08-20 06:00:35,COMPLETED,L2_AUTO_EXECUTABLE Policy Check,Status: EXECUTED,Autonomy rule evaluation completed
STG-DEC-00187-06,DEC-00187,6,EXECUTE,2026-08-20 06:00:37,COMPLETED,Actuation Dispatch,Actuation command routed,Control payload delivered to terminal gateway
STG-DEC-00187-07,DEC-00187,7,VERIFY,2026-08-20 06:45:35,COMPLETED,Closed-Loop Recovery,Observed dwell delta reduction,Field telemetry feedback verified
STG-DEC-00187-08,DEC-00187,8,LOG,2026-08-20 06:45:42,COMPLETED,Audit Record Sealed,SHA-256 Digest Confirmed,Tamper-evident record sealed to immutable operational audit store
STG-DEC-00188-01,DEC-00188,1,SIGNAL,2026-08-20 14:00:14,COMPLETED,Trigger Received,Demand surge at PS10,Telemetry ingested from Smart Gate and SCADA DCS
STG-DEC-00188-02,DEC-00188,2,PREDICT,2026-08-20 14:00:23,COMPLETED,Predicted Dwell Blowout,75m turnaround (+10m above baseline SLA),Forecasted queue blowout with 91% confidence
STG-DEC-00188-03,DEC-00188,3,DIAGNOSE,2026-08-20 14:00:29,COMPLETED,Causal Attribution,Gantry Queue Congestion + Slow Metering,Bottleneck identified at PS10
STG-DEC-00188-04,DEC-00188,4,OPTIMIZE,2026-08-20 14:00:35,COMPLETED,Candidate Ranking,OPT-03 selected (Score 92/100),Evaluated candidate options for -7m recovery
STG-DEC-00188-05,DEC-00188,5,DECIDE,2026-08-20 14:00:41,COMPLETED,L2_AUTO_EXECUTABLE Policy Check,Status: EXECUTED,Autonomy rule evaluation completed
STG-DEC-00188-06,DEC-00188,6,EXECUTE,2026-08-20 14:00:43,COMPLETED,Actuation Dispatch,Actuation command routed,Control payload delivered to terminal gateway
STG-DEC-00188-07,DEC-00188,7,VERIFY,2026-08-20 14:45:41,COMPLETED,Closed-Loop Recovery,Observed dwell delta reduction,Field telemetry feedback verified
STG-DEC-00188-08,DEC-00188,8,LOG,2026-08-20 14:45:48,COMPLETED,Audit Record Sealed,SHA-256 Digest Confirmed,Tamper-evident record sealed to immutable operational audit store
STG-DEC-00189-01,DEC-00189,1,SIGNAL,2026-08-20 20:00:08,COMPLETED,Trigger Received,Demand surge at PS27,Telemetry ingested from Smart Gate and SCADA DCS
STG-DEC-00189-02,DEC-00189,2,PREDICT,2026-08-20 20:00:17,COMPLETED,Predicted Dwell Blowout,71m turnaround (+21m above baseline SLA),Forecasted queue blowout with 91% confidence
STG-DEC-00189-03,DEC-00189,3,DIAGNOSE,2026-08-20 20:00:23,COMPLETED,Causal Attribution,Clustered Transporter Arrivals,Bottleneck identified at PS27
STG-DEC-00189-04,DEC-00189,4,OPTIMIZE,2026-08-20 20:00:29,COMPLETED,Candidate Ranking,OPT-03 selected (Score 92/100),Evaluated candidate options for -15m recovery
STG-DEC-00189-05,DEC-00189,5,DECIDE,2026-08-20 20:00:35,COMPLETED,L3_APPROVAL_REQUIRED Policy Check,Status: APPROVED,Autonomy rule evaluation completed
STG-DEC-00189-06,DEC-00189,6,EXECUTE,2026-08-20 20:00:37,COMPLETED,Actuation Dispatch,Actuation command routed,Control payload delivered to terminal gateway
STG-DEC-00189-07,DEC-00189,7,VERIFY,2026-08-20 20:45:35,COMPLETED,Closed-Loop Recovery,Observed dwell delta reduction,Field telemetry feedback verified
STG-DEC-00189-08,DEC-00189,8,LOG,2026-08-20 20:45:42,COMPLETED,Audit Record Sealed,SHA-256 Digest Confirmed,Tamper-evident record sealed to immutable operational audit store
STG-DEC-00190-01,DEC-00190,1,SIGNAL,2026-08-21 02:00:15,COMPLETED,Trigger Received,Demand surge at PS10,Telemetry ingested from Smart Gate and SCADA DCS
STG-DEC-00190-02,DEC-00190,2,PREDICT,2026-08-21 02:00:24,COMPLETED,Predicted Dwell Blowout,77m turnaround (+12m above baseline SLA),Forecasted queue blowout with 91% confidence
STG-DEC-00190-03,DEC-00190,3,DIAGNOSE,2026-08-21 02:00:30,COMPLETED,Causal Attribution,Tank Recertification Hold,Bottleneck identified at PS10
STG-DEC-00190-04,DEC-00190,4,OPTIMIZE,2026-08-21 02:00:36,COMPLETED,Candidate Ranking,OPT-03 selected (Score 92/100),Evaluated candidate options for -9m recovery
STG-DEC-00190-05,DEC-00190,5,DECIDE,2026-08-21 02:00:42,COMPLETED,L1_ADVISORY Policy Check,Status: ADVISORY_POSTED,Autonomy rule evaluation completed
STG-DEC-00190-06,DEC-00190,6,EXECUTE,2026-08-21 02:00:44,SKIPPED,Actuation Dispatch,Actuation command routed,Control payload delivered to terminal gateway
STG-DEC-00190-07,DEC-00190,7,VERIFY,2026-08-21 02:45:42,SKIPPED,Closed-Loop Recovery,Observed dwell delta reduction,Field telemetry feedback verified
STG-DEC-00190-08,DEC-00190,8,LOG,2026-08-21 02:45:49,COMPLETED,Audit Record Sealed,SHA-256 Digest Confirmed,Tamper-evident record sealed to immutable operational audit store
STG-DEC-00191-01,DEC-00191,1,SIGNAL,2026-08-21 05:00:13,COMPLETED,Trigger Received,Demand surge at PS28,Telemetry ingested from Smart Gate and SCADA DCS
STG-DEC-00191-02,DEC-00191,2,PREDICT,2026-08-21 05:00:22,COMPLETED,Predicted Dwell Blowout,61m turnaround (+16m above baseline SLA),Forecasted queue blowout with 91% confidence
STG-DEC-00191-03,DEC-00191,3,DIAGNOSE,2026-08-21 05:00:28,COMPLETED,Causal Attribution,Clustered Transporter Arrivals,Bottleneck identified at PS28
STG-DEC-00191-04,DEC-00191,4,OPTIMIZE,2026-08-21 05:00:34,COMPLETED,Candidate Ranking,OPT-03 selected (Score 92/100),Evaluated candidate options for -12m recovery
STG-DEC-00191-05,DEC-00191,5,DECIDE,2026-08-21 05:00:40,COMPLETED,L2_AUTO_EXECUTABLE Policy Check,Status: EXECUTED,Autonomy rule evaluation completed
STG-DEC-00191-06,DEC-00191,6,EXECUTE,2026-08-21 05:00:42,COMPLETED,Actuation Dispatch,Actuation command routed,Control payload delivered to terminal gateway
STG-DEC-00191-07,DEC-00191,7,VERIFY,2026-08-21 05:45:40,COMPLETED,Closed-Loop Recovery,Observed dwell delta reduction,Field telemetry feedback verified
STG-DEC-00191-08,DEC-00191,8,LOG,2026-08-21 05:45:47,COMPLETED,Audit Record Sealed,SHA-256 Digest Confirmed,Tamper-evident record sealed to immutable operational audit store
STG-DEC-00192-01,DEC-00192,1,SIGNAL,2026-08-21 16:00:04,COMPLETED,Trigger Received,Demand surge at KOT-PS1,Telemetry ingested from Smart Gate and SCADA DCS
STG-DEC-00192-02,DEC-00192,2,PREDICT,2026-08-21 16:00:13,COMPLETED,Predicted Dwell Blowout,92m turnaround (+20m above baseline SLA),Forecasted queue blowout with 91% confidence
STG-DEC-00192-03,DEC-00192,3,DIAGNOSE,2026-08-21 16:00:19,COMPLETED,Causal Attribution,Loading Position Offline for Maintenance,Bottleneck identified at KOT-PS1
STG-DEC-00192-04,DEC-00192,4,OPTIMIZE,2026-08-21 16:00:25,COMPLETED,Candidate Ranking,OPT-03 selected (Score 92/100),Evaluated candidate options for -15m recovery
STG-DEC-00192-05,DEC-00192,5,DECIDE,2026-08-21 16:00:31,COMPLETED,L2_AUTO_EXECUTABLE Policy Check,Status: EXECUTED,Autonomy rule evaluation completed
STG-DEC-00192-06,DEC-00192,6,EXECUTE,2026-08-21 16:00:33,COMPLETED,Actuation Dispatch,Actuation command routed,Control payload delivered to terminal gateway
STG-DEC-00192-07,DEC-00192,7,VERIFY,2026-08-21 16:45:31,COMPLETED,Closed-Loop Recovery,Observed dwell delta reduction,Field telemetry feedback verified
STG-DEC-00192-08,DEC-00192,8,LOG,2026-08-21 16:45:38,COMPLETED,Audit Record Sealed,SHA-256 Digest Confirmed,Tamper-evident record sealed to immutable operational audit store
STG-DEC-00193-01,DEC-00193,1,SIGNAL,2026-08-22 02:00:15,COMPLETED,Trigger Received,Demand surge at PS25,Telemetry ingested from Smart Gate and SCADA DCS
STG-DEC-00193-02,DEC-00193,2,PREDICT,2026-08-22 02:00:24,COMPLETED,Predicted Dwell Blowout,73m turnaround (+15m above baseline SLA),Forecasted queue blowout with 91% confidence
STG-DEC-00193-03,DEC-00193,3,DIAGNOSE,2026-08-22 02:00:30,COMPLETED,Causal Attribution,Clustered Transporter Arrivals,Bottleneck identified at PS25
STG-DEC-00193-04,DEC-00193,4,OPTIMIZE,2026-08-22 02:00:36,COMPLETED,Candidate Ranking,OPT-03 selected (Score 92/100),Evaluated candidate options for -11m recovery
STG-DEC-00193-05,DEC-00193,5,DECIDE,2026-08-22 02:00:42,COMPLETED,L2_AUTO_EXECUTABLE Policy Check,Status: EXECUTED,Autonomy rule evaluation completed
STG-DEC-00193-06,DEC-00193,6,EXECUTE,2026-08-22 02:00:44,COMPLETED,Actuation Dispatch,Actuation command routed,Control payload delivered to terminal gateway
STG-DEC-00193-07,DEC-00193,7,VERIFY,2026-08-22 02:45:42,COMPLETED,Closed-Loop Recovery,Observed dwell delta reduction,Field telemetry feedback verified
STG-DEC-00193-08,DEC-00193,8,LOG,2026-08-22 02:45:49,COMPLETED,Audit Record Sealed,SHA-256 Digest Confirmed,Tamper-evident record sealed to immutable operational audit store
STG-DEC-00194-01,DEC-00194,1,SIGNAL,2026-08-22 05:00:08,COMPLETED,Trigger Received,Demand surge at PS10,Telemetry ingested from Smart Gate and SCADA DCS
STG-DEC-00194-02,DEC-00194,2,PREDICT,2026-08-22 05:00:17,COMPLETED,Predicted Dwell Blowout,93m turnaround (+28m above baseline SLA),Forecasted queue blowout with 91% confidence
STG-DEC-00194-03,DEC-00194,3,DIAGNOSE,2026-08-22 05:00:23,COMPLETED,Causal Attribution,Flow Meter Temperature Sensor Drift,Bottleneck identified at PS10
STG-DEC-00194-04,DEC-00194,4,OPTIMIZE,2026-08-22 05:00:29,COMPLETED,Candidate Ranking,OPT-03 selected (Score 92/100),Evaluated candidate options for -21m recovery
STG-DEC-00194-05,DEC-00194,5,DECIDE,2026-08-22 05:00:35,COMPLETED,L3_APPROVAL_REQUIRED Policy Check,Status: APPROVED,Autonomy rule evaluation completed
STG-DEC-00194-06,DEC-00194,6,EXECUTE,2026-08-22 05:00:37,COMPLETED,Actuation Dispatch,Actuation command routed,Control payload delivered to terminal gateway
STG-DEC-00194-07,DEC-00194,7,VERIFY,2026-08-22 05:45:35,COMPLETED,Closed-Loop Recovery,Observed dwell delta reduction,Field telemetry feedback verified
STG-DEC-00194-08,DEC-00194,8,LOG,2026-08-22 05:45:42,COMPLETED,Audit Record Sealed,SHA-256 Digest Confirmed,Tamper-evident record sealed to immutable operational audit store
STG-DEC-00195-01,DEC-00195,1,SIGNAL,2026-08-22 07:00:07,COMPLETED,Trigger Received,Demand surge at PS27,Telemetry ingested from Smart Gate and SCADA DCS
STG-DEC-00195-02,DEC-00195,2,PREDICT,2026-08-22 07:00:16,COMPLETED,Predicted Dwell Blowout,65m turnaround (+15m above baseline SLA),Forecasted queue blowout with 91% confidence
STG-DEC-00195-03,DEC-00195,3,DIAGNOSE,2026-08-22 07:00:22,COMPLETED,Causal Attribution,Flow Meter Temperature Sensor Drift,Bottleneck identified at PS27
STG-DEC-00195-04,DEC-00195,4,OPTIMIZE,2026-08-22 07:00:28,COMPLETED,Candidate Ranking,OPT-03 selected (Score 92/100),Evaluated candidate options for -11m recovery
STG-DEC-00195-05,DEC-00195,5,DECIDE,2026-08-22 07:00:34,COMPLETED,L2_AUTO_EXECUTABLE Policy Check,Status: EXECUTED,Autonomy rule evaluation completed
STG-DEC-00195-06,DEC-00195,6,EXECUTE,2026-08-22 07:00:36,COMPLETED,Actuation Dispatch,Actuation command routed,Control payload delivered to terminal gateway
STG-DEC-00195-07,DEC-00195,7,VERIFY,2026-08-22 07:45:34,COMPLETED,Closed-Loop Recovery,Observed dwell delta reduction,Field telemetry feedback verified
STG-DEC-00195-08,DEC-00195,8,LOG,2026-08-22 07:45:41,COMPLETED,Audit Record Sealed,SHA-256 Digest Confirmed,Tamper-evident record sealed to immutable operational audit store
STG-DEC-00196-01,DEC-00196,1,SIGNAL,2026-08-22 20:59:55,COMPLETED,Trigger Received,Demand surge at PS10,Telemetry ingested from Smart Gate and SCADA DCS
STG-DEC-00196-02,DEC-00196,2,PREDICT,2026-08-22 21:00:04,COMPLETED,Predicted Dwell Blowout,77m turnaround (+12m above baseline SLA),Forecasted queue blowout with 91% confidence
STG-DEC-00196-03,DEC-00196,3,DIAGNOSE,2026-08-22 21:00:10,COMPLETED,Causal Attribution,Flow Meter Temperature Sensor Drift,Bottleneck identified at PS10
STG-DEC-00196-04,DEC-00196,4,OPTIMIZE,2026-08-22 21:00:16,COMPLETED,Candidate Ranking,OPT-03 selected (Score 92/100),Evaluated candidate options for -9m recovery
STG-DEC-00196-05,DEC-00196,5,DECIDE,2026-08-22 21:00:22,COMPLETED,L2_AUTO_EXECUTABLE Policy Check,Status: EXECUTED,Autonomy rule evaluation completed
STG-DEC-00196-06,DEC-00196,6,EXECUTE,2026-08-22 21:00:24,COMPLETED,Actuation Dispatch,Actuation command routed,Control payload delivered to terminal gateway
STG-DEC-00196-07,DEC-00196,7,VERIFY,2026-08-22 21:45:22,COMPLETED,Closed-Loop Recovery,Observed dwell delta reduction,Field telemetry feedback verified
STG-DEC-00196-08,DEC-00196,8,LOG,2026-08-22 21:45:29,COMPLETED,Audit Record Sealed,SHA-256 Digest Confirmed,Tamper-evident record sealed to immutable operational audit store
STG-DEC-00197-01,DEC-00197,1,SIGNAL,2026-08-23 16:59:49,COMPLETED,Trigger Received,Demand surge at PS28,Telemetry ingested from Smart Gate and SCADA DCS
STG-DEC-00197-02,DEC-00197,2,PREDICT,2026-08-23 16:59:58,COMPLETED,Predicted Dwell Blowout,60m turnaround (+15m above baseline SLA),Forecasted queue blowout with 91% confidence
STG-DEC-00197-03,DEC-00197,3,DIAGNOSE,2026-08-23 17:00:04,COMPLETED,Causal Attribution,Tank Recertification Hold,Bottleneck identified at PS28
STG-DEC-00197-04,DEC-00197,4,OPTIMIZE,2026-08-23 17:00:10,COMPLETED,Candidate Ranking,OPT-03 selected (Score 92/100),Evaluated candidate options for -11m recovery
STG-DEC-00197-05,DEC-00197,5,DECIDE,2026-08-23 17:00:16,COMPLETED,L2_AUTO_EXECUTABLE Policy Check,Status: EXECUTED,Autonomy rule evaluation completed
STG-DEC-00197-06,DEC-00197,6,EXECUTE,2026-08-23 17:00:18,COMPLETED,Actuation Dispatch,Actuation command routed,Control payload delivered to terminal gateway
STG-DEC-00197-07,DEC-00197,7,VERIFY,2026-08-23 17:45:16,COMPLETED,Closed-Loop Recovery,Observed dwell delta reduction,Field telemetry feedback verified
STG-DEC-00197-08,DEC-00197,8,LOG,2026-08-23 17:45:23,COMPLETED,Audit Record Sealed,SHA-256 Digest Confirmed,Tamper-evident record sealed to immutable operational audit store
STG-DEC-00198-01,DEC-00198,1,SIGNAL,2026-08-23 20:00:16,COMPLETED,Trigger Received,Demand surge at KOT-PS1,Telemetry ingested from Smart Gate and SCADA DCS
STG-DEC-00198-02,DEC-00198,2,PREDICT,2026-08-23 20:00:25,COMPLETED,Predicted Dwell Blowout,107m turnaround (+35m above baseline SLA),Forecasted queue blowout with 91% confidence
STG-DEC-00198-03,DEC-00198,3,DIAGNOSE,2026-08-23 20:00:31,COMPLETED,Causal Attribution,Gantry Queue Congestion + Slow Metering,Bottleneck identified at KOT-PS1
STG-DEC-00198-04,DEC-00198,4,OPTIMIZE,2026-08-23 20:00:37,COMPLETED,Candidate Ranking,OPT-03 selected (Score 92/100),Evaluated candidate options for -26m recovery
STG-DEC-00198-05,DEC-00198,5,DECIDE,2026-08-23 20:00:43,COMPLETED,L2_AUTO_EXECUTABLE Policy Check,Status: EXECUTED,Autonomy rule evaluation completed
STG-DEC-00198-06,DEC-00198,6,EXECUTE,2026-08-23 20:00:45,COMPLETED,Actuation Dispatch,Actuation command routed,Control payload delivered to terminal gateway
STG-DEC-00198-07,DEC-00198,7,VERIFY,2026-08-23 20:45:43,COMPLETED,Closed-Loop Recovery,Observed dwell delta reduction,Field telemetry feedback verified
STG-DEC-00198-08,DEC-00198,8,LOG,2026-08-23 20:45:50,COMPLETED,Audit Record Sealed,SHA-256 Digest Confirmed,Tamper-evident record sealed to immutable operational audit store
STG-DEC-00199-01,DEC-00199,1,SIGNAL,2026-08-24 01:00:09,COMPLETED,Trigger Received,Demand surge at KOT-PS1,Telemetry ingested from Smart Gate and SCADA DCS
STG-DEC-00199-02,DEC-00199,2,PREDICT,2026-08-24 01:00:18,COMPLETED,Predicted Dwell Blowout,104m turnaround (+32m above baseline SLA),Forecasted queue blowout with 91% confidence
STG-DEC-00199-03,DEC-00199,3,DIAGNOSE,2026-08-24 01:00:24,COMPLETED,Causal Attribution,Gantry Queue Congestion + Slow Metering,Bottleneck identified at KOT-PS1
STG-DEC-00199-04,DEC-00199,4,OPTIMIZE,2026-08-24 01:00:30,COMPLETED,Candidate Ranking,OPT-03 selected (Score 92/100),Evaluated candidate options for -24m recovery
STG-DEC-00199-05,DEC-00199,5,DECIDE,2026-08-24 01:00:36,COMPLETED,L3_APPROVAL_REQUIRED Policy Check,Status: APPROVED,Autonomy rule evaluation completed
STG-DEC-00199-06,DEC-00199,6,EXECUTE,2026-08-24 01:00:38,COMPLETED,Actuation Dispatch,Actuation command routed,Control payload delivered to terminal gateway
STG-DEC-00199-07,DEC-00199,7,VERIFY,2026-08-24 01:45:36,COMPLETED,Closed-Loop Recovery,Observed dwell delta reduction,Field telemetry feedback verified
STG-DEC-00199-08,DEC-00199,8,LOG,2026-08-24 01:45:43,COMPLETED,Audit Record Sealed,SHA-256 Digest Confirmed,Tamper-evident record sealed to immutable operational audit store
STG-DEC-00200-01,DEC-00200,1,SIGNAL,2026-08-24 07:00:12,COMPLETED,Trigger Received,Demand surge at PS10,Telemetry ingested from Smart Gate and SCADA DCS
STG-DEC-00200-02,DEC-00200,2,PREDICT,2026-08-24 07:00:21,COMPLETED,Predicted Dwell Blowout,84m turnaround (+19m above baseline SLA),Forecasted queue blowout with 91% confidence
STG-DEC-00200-03,DEC-00200,3,DIAGNOSE,2026-08-24 07:00:27,COMPLETED,Causal Attribution,Morning Peak Arrival Surge,Bottleneck identified at PS10
STG-DEC-00200-04,DEC-00200,4,OPTIMIZE,2026-08-24 07:00:33,COMPLETED,Candidate Ranking,OPT-03 selected (Score 92/100),Evaluated candidate options for -14m recovery
STG-DEC-00200-05,DEC-00200,5,DECIDE,2026-08-24 07:00:39,COMPLETED,L1_ADVISORY Policy Check,Status: ADVISORY_POSTED,Autonomy rule evaluation completed
STG-DEC-00200-06,DEC-00200,6,EXECUTE,2026-08-24 07:00:41,SKIPPED,Actuation Dispatch,Actuation command routed,Control payload delivered to terminal gateway
STG-DEC-00200-07,DEC-00200,7,VERIFY,2026-08-24 07:45:39,SKIPPED,Closed-Loop Recovery,Observed dwell delta reduction,Field telemetry feedback verified
STG-DEC-00200-08,DEC-00200,8,LOG,2026-08-24 07:45:46,COMPLETED,Audit Record Sealed,SHA-256 Digest Confirmed,Tamper-evident record sealed to immutable operational audit store
STG-DEC-00201-01,DEC-00201,1,SIGNAL,2026-08-24 13:00:18,COMPLETED,Trigger Received,Demand surge at PS25,Telemetry ingested from Smart Gate and SCADA DCS
STG-DEC-00201-02,DEC-00201,2,PREDICT,2026-08-24 13:00:27,COMPLETED,Predicted Dwell Blowout,92m turnaround (+34m above baseline SLA),Forecasted queue blowout with 91% confidence
STG-DEC-00201-03,DEC-00201,3,DIAGNOSE,2026-08-24 13:00:33,COMPLETED,Causal Attribution,Flow Meter Temperature Sensor Drift,Bottleneck identified at PS25
STG-DEC-00201-04,DEC-00201,4,OPTIMIZE,2026-08-24 13:00:39,COMPLETED,Candidate Ranking,OPT-03 selected (Score 92/100),Evaluated candidate options for -25m recovery
STG-DEC-00201-05,DEC-00201,5,DECIDE,2026-08-24 13:00:45,COMPLETED,L3_APPROVAL_REQUIRED Policy Check,Status: ADVISORY_POSTED,Autonomy rule evaluation completed
STG-DEC-00201-06,DEC-00201,6,EXECUTE,2026-08-24 13:00:47,SKIPPED,Actuation Dispatch,Actuation command routed,Control payload delivered to terminal gateway
STG-DEC-00201-07,DEC-00201,7,VERIFY,2026-08-24 13:45:45,SKIPPED,Closed-Loop Recovery,Observed dwell delta reduction,Field telemetry feedback verified
STG-DEC-00201-08,DEC-00201,8,LOG,2026-08-24 13:45:52,COMPLETED,Audit Record Sealed,SHA-256 Digest Confirmed,Tamper-evident record sealed to immutable operational audit store
STG-DEC-00202-01,DEC-00202,1,SIGNAL,2026-08-25 05:00:14,COMPLETED,Trigger Received,Demand surge at PS25,Telemetry ingested from Smart Gate and SCADA DCS
STG-DEC-00202-02,DEC-00202,2,PREDICT,2026-08-25 05:00:23,COMPLETED,Predicted Dwell Blowout,67m turnaround (+9m above baseline SLA),Forecasted queue blowout with 91% confidence
STG-DEC-00202-03,DEC-00202,3,DIAGNOSE,2026-08-25 05:00:29,COMPLETED,Causal Attribution,Gantry Queue Congestion + Slow Metering,Bottleneck identified at PS25
STG-DEC-00202-04,DEC-00202,4,OPTIMIZE,2026-08-25 05:00:35,COMPLETED,Candidate Ranking,OPT-03 selected (Score 92/100),Evaluated candidate options for -6m recovery
STG-DEC-00202-05,DEC-00202,5,DECIDE,2026-08-25 05:00:41,COMPLETED,L1_ADVISORY Policy Check,Status: ADVISORY_POSTED,Autonomy rule evaluation completed
STG-DEC-00202-06,DEC-00202,6,EXECUTE,2026-08-25 05:00:43,SKIPPED,Actuation Dispatch,Actuation command routed,Control payload delivered to terminal gateway
STG-DEC-00202-07,DEC-00202,7,VERIFY,2026-08-25 05:45:41,SKIPPED,Closed-Loop Recovery,Observed dwell delta reduction,Field telemetry feedback verified
STG-DEC-00202-08,DEC-00202,8,LOG,2026-08-25 05:45:48,COMPLETED,Audit Record Sealed,SHA-256 Digest Confirmed,Tamper-evident record sealed to immutable operational audit store
STG-DEC-00203-01,DEC-00203,1,SIGNAL,2026-08-25 13:59:55,COMPLETED,Trigger Received,Demand surge at KOT-PS1,Telemetry ingested from Smart Gate and SCADA DCS
STG-DEC-00203-02,DEC-00203,2,PREDICT,2026-08-25 14:00:04,COMPLETED,Predicted Dwell Blowout,85m turnaround (+13m above baseline SLA),Forecasted queue blowout with 91% confidence
STG-DEC-00203-03,DEC-00203,3,DIAGNOSE,2026-08-25 14:00:10,COMPLETED,Causal Attribution,Flow Meter Temperature Sensor Drift,Bottleneck identified at KOT-PS1
STG-DEC-00203-04,DEC-00203,4,OPTIMIZE,2026-08-25 14:00:16,COMPLETED,Candidate Ranking,OPT-03 selected (Score 92/100),Evaluated candidate options for -9m recovery
STG-DEC-00203-05,DEC-00203,5,DECIDE,2026-08-25 14:00:22,BLOCKED,L1_ADVISORY Policy Check,Status: BLOCKED_BY_POLICY,Autonomy rule evaluation completed
STG-DEC-00203-06,DEC-00203,6,EXECUTE,2026-08-25 14:00:24,SKIPPED,Actuation Dispatch,Actuation command routed,Control payload delivered to terminal gateway
STG-DEC-00203-07,DEC-00203,7,VERIFY,2026-08-25 14:45:22,SKIPPED,Closed-Loop Recovery,Observed dwell delta reduction,Field telemetry feedback verified
STG-DEC-00203-08,DEC-00203,8,LOG,2026-08-25 14:45:29,COMPLETED,Audit Record Sealed,SHA-256 Digest Confirmed,Tamper-evident record sealed to immutable operational audit store
STG-DEC-00204-01,DEC-00204,1,SIGNAL,2026-08-26 06:00:11,COMPLETED,Trigger Received,Demand surge at PS10,Telemetry ingested from Smart Gate and SCADA DCS
STG-DEC-00204-02,DEC-00204,2,PREDICT,2026-08-26 06:00:20,COMPLETED,Predicted Dwell Blowout,77m turnaround (+12m above baseline SLA),Forecasted queue blowout with 91% confidence
STG-DEC-00204-03,DEC-00204,3,DIAGNOSE,2026-08-26 06:00:26,COMPLETED,Causal Attribution,Flow Meter Temperature Sensor Drift,Bottleneck identified at PS10
STG-DEC-00204-04,DEC-00204,4,OPTIMIZE,2026-08-26 06:00:32,COMPLETED,Candidate Ranking,OPT-03 selected (Score 92/100),Evaluated candidate options for -9m recovery
STG-DEC-00204-05,DEC-00204,5,DECIDE,2026-08-26 06:00:38,COMPLETED,L3_APPROVAL_REQUIRED Policy Check,Status: ADVISORY_POSTED,Autonomy rule evaluation completed
STG-DEC-00204-06,DEC-00204,6,EXECUTE,2026-08-26 06:00:40,SKIPPED,Actuation Dispatch,Actuation command routed,Control payload delivered to terminal gateway
STG-DEC-00204-07,DEC-00204,7,VERIFY,2026-08-26 06:45:38,SKIPPED,Closed-Loop Recovery,Observed dwell delta reduction,Field telemetry feedback verified
STG-DEC-00204-08,DEC-00204,8,LOG,2026-08-26 06:45:45,COMPLETED,Audit Record Sealed,SHA-256 Digest Confirmed,Tamper-evident record sealed to immutable operational audit store
STG-DEC-00205-01,DEC-00205,1,SIGNAL,2026-08-26 12:00:15,COMPLETED,Trigger Received,Demand surge at PS25,Telemetry ingested from Smart Gate and SCADA DCS
STG-DEC-00205-02,DEC-00205,2,PREDICT,2026-08-26 12:00:24,COMPLETED,Predicted Dwell Blowout,76m turnaround (+18m above baseline SLA),Forecasted queue blowout with 91% confidence
STG-DEC-00205-03,DEC-00205,3,DIAGNOSE,2026-08-26 12:00:30,COMPLETED,Causal Attribution,Morning Peak Arrival Surge,Bottleneck identified at PS25
STG-DEC-00205-04,DEC-00205,4,OPTIMIZE,2026-08-26 12:00:36,COMPLETED,Candidate Ranking,OPT-03 selected (Score 92/100),Evaluated candidate options for -13m recovery
STG-DEC-00205-05,DEC-00205,5,DECIDE,2026-08-26 12:00:42,COMPLETED,L1_ADVISORY Policy Check,Status: ADVISORY_POSTED,Autonomy rule evaluation completed
STG-DEC-00205-06,DEC-00205,6,EXECUTE,2026-08-26 12:00:44,SKIPPED,Actuation Dispatch,Actuation command routed,Control payload delivered to terminal gateway
STG-DEC-00205-07,DEC-00205,7,VERIFY,2026-08-26 12:45:42,SKIPPED,Closed-Loop Recovery,Observed dwell delta reduction,Field telemetry feedback verified
STG-DEC-00205-08,DEC-00205,8,LOG,2026-08-26 12:45:49,COMPLETED,Audit Record Sealed,SHA-256 Digest Confirmed,Tamper-evident record sealed to immutable operational audit store
STG-DEC-00206-01,DEC-00206,1,SIGNAL,2026-08-26 16:00:06,COMPLETED,Trigger Received,Demand surge at KOT-PS1,Telemetry ingested from Smart Gate and SCADA DCS
STG-DEC-00206-02,DEC-00206,2,PREDICT,2026-08-26 16:00:15,COMPLETED,Predicted Dwell Blowout,91m turnaround (+19m above baseline SLA),Forecasted queue blowout with 91% confidence
STG-DEC-00206-03,DEC-00206,3,DIAGNOSE,2026-08-26 16:00:21,COMPLETED,Causal Attribution,Gantry Queue Congestion + Slow Metering,Bottleneck identified at KOT-PS1
STG-DEC-00206-04,DEC-00206,4,OPTIMIZE,2026-08-26 16:00:27,COMPLETED,Candidate Ranking,OPT-03 selected (Score 92/100),Evaluated candidate options for -14m recovery
STG-DEC-00206-05,DEC-00206,5,DECIDE,2026-08-26 16:00:33,COMPLETED,L1_ADVISORY Policy Check,Status: ADVISORY_POSTED,Autonomy rule evaluation completed
STG-DEC-00206-06,DEC-00206,6,EXECUTE,2026-08-26 16:00:35,SKIPPED,Actuation Dispatch,Actuation command routed,Control payload delivered to terminal gateway
STG-DEC-00206-07,DEC-00206,7,VERIFY,2026-08-26 16:45:33,SKIPPED,Closed-Loop Recovery,Observed dwell delta reduction,Field telemetry feedback verified
STG-DEC-00206-08,DEC-00206,8,LOG,2026-08-26 16:45:40,COMPLETED,Audit Record Sealed,SHA-256 Digest Confirmed,Tamper-evident record sealed to immutable operational audit store
STG-DEC-00207-01,DEC-00207,1,SIGNAL,2026-08-27 03:00:02,COMPLETED,Trigger Received,Demand surge at PS27,Telemetry ingested from Smart Gate and SCADA DCS
STG-DEC-00207-02,DEC-00207,2,PREDICT,2026-08-27 03:00:11,COMPLETED,Predicted Dwell Blowout,56m turnaround (+6m above baseline SLA),Forecasted queue blowout with 91% confidence
STG-DEC-00207-03,DEC-00207,3,DIAGNOSE,2026-08-27 03:00:17,COMPLETED,Causal Attribution,Morning Peak Arrival Surge,Bottleneck identified at PS27
STG-DEC-00207-04,DEC-00207,4,OPTIMIZE,2026-08-27 03:00:23,COMPLETED,Candidate Ranking,OPT-03 selected (Score 92/100),Evaluated candidate options for -4m recovery
STG-DEC-00207-05,DEC-00207,5,DECIDE,2026-08-27 03:00:29,COMPLETED,L2_AUTO_EXECUTABLE Policy Check,Status: EXECUTED,Autonomy rule evaluation completed
STG-DEC-00207-06,DEC-00207,6,EXECUTE,2026-08-27 03:00:31,COMPLETED,Actuation Dispatch,Actuation command routed,Control payload delivered to terminal gateway
STG-DEC-00207-07,DEC-00207,7,VERIFY,2026-08-27 03:45:29,COMPLETED,Closed-Loop Recovery,Observed dwell delta reduction,Field telemetry feedback verified
STG-DEC-00207-08,DEC-00207,8,LOG,2026-08-27 03:45:36,COMPLETED,Audit Record Sealed,SHA-256 Digest Confirmed,Tamper-evident record sealed to immutable operational audit store
STG-DEC-00208-01,DEC-00208,1,SIGNAL,2026-08-27 06:59:53,COMPLETED,Trigger Received,Demand surge at PS10,Telemetry ingested from Smart Gate and SCADA DCS
STG-DEC-00208-02,DEC-00208,2,PREDICT,2026-08-27 07:00:02,COMPLETED,Predicted Dwell Blowout,82m turnaround (+17m above baseline SLA),Forecasted queue blowout with 91% confidence
STG-DEC-00208-03,DEC-00208,3,DIAGNOSE,2026-08-27 07:00:08,COMPLETED,Causal Attribution,Clustered Transporter Arrivals,Bottleneck identified at PS10
STG-DEC-00208-04,DEC-00208,4,OPTIMIZE,2026-08-27 07:00:14,COMPLETED,Candidate Ranking,OPT-03 selected (Score 92/100),Evaluated candidate options for -12m recovery
STG-DEC-00208-05,DEC-00208,5,DECIDE,2026-08-27 07:00:20,COMPLETED,L1_ADVISORY Policy Check,Status: ADVISORY_POSTED,Autonomy rule evaluation completed
STG-DEC-00208-06,DEC-00208,6,EXECUTE,2026-08-27 07:00:22,SKIPPED,Actuation Dispatch,Actuation command routed,Control payload delivered to terminal gateway
STG-DEC-00208-07,DEC-00208,7,VERIFY,2026-08-27 07:45:20,SKIPPED,Closed-Loop Recovery,Observed dwell delta reduction,Field telemetry feedback verified
STG-DEC-00208-08,DEC-00208,8,LOG,2026-08-27 07:45:27,COMPLETED,Audit Record Sealed,SHA-256 Digest Confirmed,Tamper-evident record sealed to immutable operational audit store
STG-DEC-00209-01,DEC-00209,1,SIGNAL,2026-08-27 11:59:59,COMPLETED,Trigger Received,Demand surge at KOT-PS1,Telemetry ingested from Smart Gate and SCADA DCS
STG-DEC-00209-02,DEC-00209,2,PREDICT,2026-08-27 12:00:08,COMPLETED,Predicted Dwell Blowout,107m turnaround (+35m above baseline SLA),Forecasted queue blowout with 91% confidence
STG-DEC-00209-03,DEC-00209,3,DIAGNOSE,2026-08-27 12:00:14,COMPLETED,Causal Attribution,Gantry Queue Congestion + Slow Metering,Bottleneck identified at KOT-PS1
STG-DEC-00209-04,DEC-00209,4,OPTIMIZE,2026-08-27 12:00:20,COMPLETED,Candidate Ranking,OPT-03 selected (Score 92/100),Evaluated candidate options for -26m recovery
STG-DEC-00209-05,DEC-00209,5,DECIDE,2026-08-27 12:00:26,COMPLETED,L3_APPROVAL_REQUIRED Policy Check,Status: APPROVED,Autonomy rule evaluation completed
STG-DEC-00209-06,DEC-00209,6,EXECUTE,2026-08-27 12:00:28,COMPLETED,Actuation Dispatch,Actuation command routed,Control payload delivered to terminal gateway
STG-DEC-00209-07,DEC-00209,7,VERIFY,2026-08-27 12:45:26,COMPLETED,Closed-Loop Recovery,Observed dwell delta reduction,Field telemetry feedback verified
STG-DEC-00209-08,DEC-00209,8,LOG,2026-08-27 12:45:33,COMPLETED,Audit Record Sealed,SHA-256 Digest Confirmed,Tamper-evident record sealed to immutable operational audit store
STG-DEC-00210-01,DEC-00210,1,SIGNAL,2026-08-27 13:59:56,COMPLETED,Trigger Received,Demand surge at PS27,Telemetry ingested from Smart Gate and SCADA DCS
STG-DEC-00210-02,DEC-00210,2,PREDICT,2026-08-27 14:00:05,COMPLETED,Predicted Dwell Blowout,60m turnaround (+10m above baseline SLA),Forecasted queue blowout with 91% confidence
STG-DEC-00210-03,DEC-00210,3,DIAGNOSE,2026-08-27 14:00:11,COMPLETED,Causal Attribution,Flow Meter Temperature Sensor Drift,Bottleneck identified at PS27
STG-DEC-00210-04,DEC-00210,4,OPTIMIZE,2026-08-27 14:00:17,COMPLETED,Candidate Ranking,OPT-03 selected (Score 92/100),Evaluated candidate options for -7m recovery
STG-DEC-00210-05,DEC-00210,5,DECIDE,2026-08-27 14:00:23,COMPLETED,L2_AUTO_EXECUTABLE Policy Check,Status: EXECUTED,Autonomy rule evaluation completed
STG-DEC-00210-06,DEC-00210,6,EXECUTE,2026-08-27 14:00:25,COMPLETED,Actuation Dispatch,Actuation command routed,Control payload delivered to terminal gateway
STG-DEC-00210-07,DEC-00210,7,VERIFY,2026-08-27 14:45:23,COMPLETED,Closed-Loop Recovery,Observed dwell delta reduction,Field telemetry feedback verified
STG-DEC-00210-08,DEC-00210,8,LOG,2026-08-27 14:45:30,COMPLETED,Audit Record Sealed,SHA-256 Digest Confirmed,Tamper-evident record sealed to immutable operational audit store
STG-DEC-00211-01,DEC-00211,1,SIGNAL,2026-08-27 22:59:54,COMPLETED,Trigger Received,Demand surge at KOT-PS1,Telemetry ingested from Smart Gate and SCADA DCS
STG-DEC-00211-02,DEC-00211,2,PREDICT,2026-08-27 23:00:03,COMPLETED,Predicted Dwell Blowout,109m turnaround (+37m above baseline SLA),Forecasted queue blowout with 91% confidence
STG-DEC-00211-03,DEC-00211,3,DIAGNOSE,2026-08-27 23:00:09,COMPLETED,Causal Attribution,Clustered Transporter Arrivals,Bottleneck identified at KOT-PS1
STG-DEC-00211-04,DEC-00211,4,OPTIMIZE,2026-08-27 23:00:15,COMPLETED,Candidate Ranking,OPT-03 selected (Score 92/100),Evaluated candidate options for -27m recovery
STG-DEC-00211-05,DEC-00211,5,DECIDE,2026-08-27 23:00:21,COMPLETED,L2_AUTO_EXECUTABLE Policy Check,Status: EXECUTED,Autonomy rule evaluation completed
STG-DEC-00211-06,DEC-00211,6,EXECUTE,2026-08-27 23:00:23,COMPLETED,Actuation Dispatch,Actuation command routed,Control payload delivered to terminal gateway
STG-DEC-00211-07,DEC-00211,7,VERIFY,2026-08-27 23:45:21,COMPLETED,Closed-Loop Recovery,Observed dwell delta reduction,Field telemetry feedback verified
STG-DEC-00211-08,DEC-00211,8,LOG,2026-08-27 23:45:28,COMPLETED,Audit Record Sealed,SHA-256 Digest Confirmed,Tamper-evident record sealed to immutable operational audit store
STG-DEC-00212-01,DEC-00212,1,SIGNAL,2026-08-28 04:00:03,COMPLETED,Trigger Received,Demand surge at PS27,Telemetry ingested from Smart Gate and SCADA DCS
STG-DEC-00212-02,DEC-00212,2,PREDICT,2026-08-28 04:00:12,COMPLETED,Predicted Dwell Blowout,62m turnaround (+12m above baseline SLA),Forecasted queue blowout with 91% confidence
STG-DEC-00212-03,DEC-00212,3,DIAGNOSE,2026-08-28 04:00:18,COMPLETED,Causal Attribution,Gantry Queue Congestion + Slow Metering,Bottleneck identified at PS27
STG-DEC-00212-04,DEC-00212,4,OPTIMIZE,2026-08-28 04:00:24,COMPLETED,Candidate Ranking,OPT-03 selected (Score 92/100),Evaluated candidate options for -9m recovery
STG-DEC-00212-05,DEC-00212,5,DECIDE,2026-08-28 04:00:30,COMPLETED,L1_ADVISORY Policy Check,Status: ADVISORY_POSTED,Autonomy rule evaluation completed
STG-DEC-00212-06,DEC-00212,6,EXECUTE,2026-08-28 04:00:32,SKIPPED,Actuation Dispatch,Actuation command routed,Control payload delivered to terminal gateway
STG-DEC-00212-07,DEC-00212,7,VERIFY,2026-08-28 04:45:30,SKIPPED,Closed-Loop Recovery,Observed dwell delta reduction,Field telemetry feedback verified
STG-DEC-00212-08,DEC-00212,8,LOG,2026-08-28 04:45:37,COMPLETED,Audit Record Sealed,SHA-256 Digest Confirmed,Tamper-evident record sealed to immutable operational audit store
STG-DEC-00213-01,DEC-00213,1,SIGNAL,2026-08-28 06:59:54,COMPLETED,Trigger Received,Demand surge at KOT-PS1,Telemetry ingested from Smart Gate and SCADA DCS
STG-DEC-00213-02,DEC-00213,2,PREDICT,2026-08-28 07:00:03,COMPLETED,Predicted Dwell Blowout,88m turnaround (+16m above baseline SLA),Forecasted queue blowout with 91% confidence
STG-DEC-00213-03,DEC-00213,3,DIAGNOSE,2026-08-28 07:00:09,COMPLETED,Causal Attribution,Loading Position Offline for Maintenance,Bottleneck identified at KOT-PS1
STG-DEC-00213-04,DEC-00213,4,OPTIMIZE,2026-08-28 07:00:15,COMPLETED,Candidate Ranking,OPT-03 selected (Score 92/100),Evaluated candidate options for -12m recovery
STG-DEC-00213-05,DEC-00213,5,DECIDE,2026-08-28 07:00:21,COMPLETED,L1_ADVISORY Policy Check,Status: ADVISORY_POSTED,Autonomy rule evaluation completed
STG-DEC-00213-06,DEC-00213,6,EXECUTE,2026-08-28 07:00:23,SKIPPED,Actuation Dispatch,Actuation command routed,Control payload delivered to terminal gateway
STG-DEC-00213-07,DEC-00213,7,VERIFY,2026-08-28 07:45:21,SKIPPED,Closed-Loop Recovery,Observed dwell delta reduction,Field telemetry feedback verified
STG-DEC-00213-08,DEC-00213,8,LOG,2026-08-28 07:45:28,COMPLETED,Audit Record Sealed,SHA-256 Digest Confirmed,Tamper-evident record sealed to immutable operational audit store
STG-DEC-00214-01,DEC-00214,1,SIGNAL,2026-08-28 16:00:09,COMPLETED,Trigger Received,Demand surge at PS10,Telemetry ingested from Smart Gate and SCADA DCS
STG-DEC-00214-02,DEC-00214,2,PREDICT,2026-08-28 16:00:18,COMPLETED,Predicted Dwell Blowout,75m turnaround (+10m above baseline SLA),Forecasted queue blowout with 91% confidence
STG-DEC-00214-03,DEC-00214,3,DIAGNOSE,2026-08-28 16:00:24,COMPLETED,Causal Attribution,Clustered Transporter Arrivals,Bottleneck identified at PS10
STG-DEC-00214-04,DEC-00214,4,OPTIMIZE,2026-08-28 16:00:30,COMPLETED,Candidate Ranking,OPT-03 selected (Score 92/100),Evaluated candidate options for -7m recovery
STG-DEC-00214-05,DEC-00214,5,DECIDE,2026-08-28 16:00:36,COMPLETED,L2_AUTO_EXECUTABLE Policy Check,Status: EXECUTED,Autonomy rule evaluation completed
STG-DEC-00214-06,DEC-00214,6,EXECUTE,2026-08-28 16:00:38,COMPLETED,Actuation Dispatch,Actuation command routed,Control payload delivered to terminal gateway
STG-DEC-00214-07,DEC-00214,7,VERIFY,2026-08-28 16:45:36,COMPLETED,Closed-Loop Recovery,Observed dwell delta reduction,Field telemetry feedback verified
STG-DEC-00214-08,DEC-00214,8,LOG,2026-08-28 16:45:43,COMPLETED,Audit Record Sealed,SHA-256 Digest Confirmed,Tamper-evident record sealed to immutable operational audit store
STG-DEC-00215-01,DEC-00215,1,SIGNAL,2026-08-29 06:00:10,COMPLETED,Trigger Received,Demand surge at PS10,Telemetry ingested from Smart Gate and SCADA DCS
STG-DEC-00215-02,DEC-00215,2,PREDICT,2026-08-29 06:00:19,COMPLETED,Predicted Dwell Blowout,87m turnaround (+22m above baseline SLA),Forecasted queue blowout with 91% confidence
STG-DEC-00215-03,DEC-00215,3,DIAGNOSE,2026-08-29 06:00:25,COMPLETED,Causal Attribution,Flow Meter Temperature Sensor Drift,Bottleneck identified at PS10
STG-DEC-00215-04,DEC-00215,4,OPTIMIZE,2026-08-29 06:00:31,COMPLETED,Candidate Ranking,OPT-03 selected (Score 92/100),Evaluated candidate options for -16m recovery
STG-DEC-00215-05,DEC-00215,5,DECIDE,2026-08-29 06:00:37,COMPLETED,L2_AUTO_EXECUTABLE Policy Check,Status: EXECUTED,Autonomy rule evaluation completed
STG-DEC-00215-06,DEC-00215,6,EXECUTE,2026-08-29 06:00:39,COMPLETED,Actuation Dispatch,Actuation command routed,Control payload delivered to terminal gateway
STG-DEC-00215-07,DEC-00215,7,VERIFY,2026-08-29 06:45:37,COMPLETED,Closed-Loop Recovery,Observed dwell delta reduction,Field telemetry feedback verified
STG-DEC-00215-08,DEC-00215,8,LOG,2026-08-29 06:45:44,COMPLETED,Audit Record Sealed,SHA-256 Digest Confirmed,Tamper-evident record sealed to immutable operational audit store
STG-DEC-00216-01,DEC-00216,1,SIGNAL,2026-08-29 14:00:00,COMPLETED,Trigger Received,Demand surge at PS27,Telemetry ingested from Smart Gate and SCADA DCS
STG-DEC-00216-02,DEC-00216,2,PREDICT,2026-08-29 14:00:09,COMPLETED,Predicted Dwell Blowout,56m turnaround (+6m above baseline SLA),Forecasted queue blowout with 91% confidence
STG-DEC-00216-03,DEC-00216,3,DIAGNOSE,2026-08-29 14:00:15,COMPLETED,Causal Attribution,Morning Peak Arrival Surge,Bottleneck identified at PS27
STG-DEC-00216-04,DEC-00216,4,OPTIMIZE,2026-08-29 14:00:21,COMPLETED,Candidate Ranking,OPT-03 selected (Score 92/100),Evaluated candidate options for -4m recovery
STG-DEC-00216-05,DEC-00216,5,DECIDE,2026-08-29 14:00:27,COMPLETED,L2_AUTO_EXECUTABLE Policy Check,Status: EXECUTED,Autonomy rule evaluation completed
STG-DEC-00216-06,DEC-00216,6,EXECUTE,2026-08-29 14:00:29,COMPLETED,Actuation Dispatch,Actuation command routed,Control payload delivered to terminal gateway
STG-DEC-00216-07,DEC-00216,7,VERIFY,2026-08-29 14:45:27,COMPLETED,Closed-Loop Recovery,Observed dwell delta reduction,Field telemetry feedback verified
STG-DEC-00216-08,DEC-00216,8,LOG,2026-08-29 14:45:34,COMPLETED,Audit Record Sealed,SHA-256 Digest Confirmed,Tamper-evident record sealed to immutable operational audit store
STG-DEC-00217-01,DEC-00217,1,SIGNAL,2026-08-29 18:59:52,COMPLETED,Trigger Received,Demand surge at PS25,Telemetry ingested from Smart Gate and SCADA DCS
STG-DEC-00217-02,DEC-00217,2,PREDICT,2026-08-29 19:00:01,COMPLETED,Predicted Dwell Blowout,68m turnaround (+10m above baseline SLA),Forecasted queue blowout with 91% confidence
STG-DEC-00217-03,DEC-00217,3,DIAGNOSE,2026-08-29 19:00:07,COMPLETED,Causal Attribution,Morning Peak Arrival Surge,Bottleneck identified at PS25
STG-DEC-00217-04,DEC-00217,4,OPTIMIZE,2026-08-29 19:00:13,COMPLETED,Candidate Ranking,OPT-03 selected (Score 92/100),Evaluated candidate options for -7m recovery
STG-DEC-00217-05,DEC-00217,5,DECIDE,2026-08-29 19:00:19,COMPLETED,L2_AUTO_EXECUTABLE Policy Check,Status: EXECUTED,Autonomy rule evaluation completed
STG-DEC-00217-06,DEC-00217,6,EXECUTE,2026-08-29 19:00:21,COMPLETED,Actuation Dispatch,Actuation command routed,Control payload delivered to terminal gateway
STG-DEC-00217-07,DEC-00217,7,VERIFY,2026-08-29 19:45:19,COMPLETED,Closed-Loop Recovery,Observed dwell delta reduction,Field telemetry feedback verified
STG-DEC-00217-08,DEC-00217,8,LOG,2026-08-29 19:45:26,COMPLETED,Audit Record Sealed,SHA-256 Digest Confirmed,Tamper-evident record sealed to immutable operational audit store
STG-DEC-00218-01,DEC-00218,1,SIGNAL,2026-08-30 02:00:06,COMPLETED,Trigger Received,Demand surge at PS25,Telemetry ingested from Smart Gate and SCADA DCS
STG-DEC-00218-02,DEC-00218,2,PREDICT,2026-08-30 02:00:15,COMPLETED,Predicted Dwell Blowout,100m turnaround (+42m above baseline SLA),Forecasted queue blowout with 91% confidence
STG-DEC-00218-03,DEC-00218,3,DIAGNOSE,2026-08-30 02:00:21,COMPLETED,Causal Attribution,Loading Position Offline for Maintenance,Bottleneck identified at PS25
STG-DEC-00218-04,DEC-00218,4,OPTIMIZE,2026-08-30 02:00:27,COMPLETED,Candidate Ranking,OPT-03 selected (Score 92/100),Evaluated candidate options for -31m recovery
STG-DEC-00218-05,DEC-00218,5,DECIDE,2026-08-30 02:00:33,COMPLETED,L3_APPROVAL_REQUIRED Policy Check,Status: APPROVED,Autonomy rule evaluation completed
STG-DEC-00218-06,DEC-00218,6,EXECUTE,2026-08-30 02:00:35,COMPLETED,Actuation Dispatch,Actuation command routed,Control payload delivered to terminal gateway
STG-DEC-00218-07,DEC-00218,7,VERIFY,2026-08-30 02:45:33,COMPLETED,Closed-Loop Recovery,Observed dwell delta reduction,Field telemetry feedback verified
STG-DEC-00218-08,DEC-00218,8,LOG,2026-08-30 02:45:40,COMPLETED,Audit Record Sealed,SHA-256 Digest Confirmed,Tamper-evident record sealed to immutable operational audit store
STG-DEC-00219-01,DEC-00219,1,SIGNAL,2026-08-30 06:59:53,COMPLETED,Trigger Received,Demand surge at PS25,Telemetry ingested from Smart Gate and SCADA DCS
STG-DEC-00219-02,DEC-00219,2,PREDICT,2026-08-30 07:00:02,COMPLETED,Predicted Dwell Blowout,65m turnaround (+7m above baseline SLA),Forecasted queue blowout with 91% confidence
STG-DEC-00219-03,DEC-00219,3,DIAGNOSE,2026-08-30 07:00:08,COMPLETED,Causal Attribution,Morning Peak Arrival Surge,Bottleneck identified at PS25
STG-DEC-00219-04,DEC-00219,4,OPTIMIZE,2026-08-30 07:00:14,COMPLETED,Candidate Ranking,OPT-03 selected (Score 92/100),Evaluated candidate options for -5m recovery
STG-DEC-00219-05,DEC-00219,5,DECIDE,2026-08-30 07:00:20,COMPLETED,L2_AUTO_EXECUTABLE Policy Check,Status: EXECUTED,Autonomy rule evaluation completed
STG-DEC-00219-06,DEC-00219,6,EXECUTE,2026-08-30 07:00:22,COMPLETED,Actuation Dispatch,Actuation command routed,Control payload delivered to terminal gateway
STG-DEC-00219-07,DEC-00219,7,VERIFY,2026-08-30 07:45:20,COMPLETED,Closed-Loop Recovery,Observed dwell delta reduction,Field telemetry feedback verified
STG-DEC-00219-08,DEC-00219,8,LOG,2026-08-30 07:45:27,COMPLETED,Audit Record Sealed,SHA-256 Digest Confirmed,Tamper-evident record sealed to immutable operational audit store
STG-DEC-00220-01,DEC-00220,1,SIGNAL,2026-08-31 09:59:54,COMPLETED,Trigger Received,Demand surge at KOT-PS1,Telemetry ingested from Smart Gate and SCADA DCS
STG-DEC-00220-02,DEC-00220,2,PREDICT,2026-08-31 10:00:03,COMPLETED,Predicted Dwell Blowout,89m turnaround (+17m above baseline SLA),Forecasted queue blowout with 91% confidence
STG-DEC-00220-03,DEC-00220,3,DIAGNOSE,2026-08-31 10:00:09,COMPLETED,Causal Attribution,Loading Position Offline for Maintenance,Bottleneck identified at KOT-PS1
STG-DEC-00220-04,DEC-00220,4,OPTIMIZE,2026-08-31 10:00:15,COMPLETED,Candidate Ranking,OPT-03 selected (Score 92/100),Evaluated candidate options for -12m recovery
STG-DEC-00220-05,DEC-00220,5,DECIDE,2026-08-31 10:00:21,COMPLETED,L2_AUTO_EXECUTABLE Policy Check,Status: EXECUTED,Autonomy rule evaluation completed
STG-DEC-00220-06,DEC-00220,6,EXECUTE,2026-08-31 10:00:23,COMPLETED,Actuation Dispatch,Actuation command routed,Control payload delivered to terminal gateway
STG-DEC-00220-07,DEC-00220,7,VERIFY,2026-08-31 10:45:21,COMPLETED,Closed-Loop Recovery,Observed dwell delta reduction,Field telemetry feedback verified
STG-DEC-00220-08,DEC-00220,8,LOG,2026-08-31 10:45:28,COMPLETED,Audit Record Sealed,SHA-256 Digest Confirmed,Tamper-evident record sealed to immutable operational audit store
STG-DEC-00221-01,DEC-00221,1,SIGNAL,2026-08-31 20:00:02,COMPLETED,Trigger Received,Demand surge at KOT-PS1,Telemetry ingested from Smart Gate and SCADA DCS
STG-DEC-00221-02,DEC-00221,2,PREDICT,2026-08-31 20:00:11,COMPLETED,Predicted Dwell Blowout,105m turnaround (+33m above baseline SLA),Forecasted queue blowout with 91% confidence
STG-DEC-00221-03,DEC-00221,3,DIAGNOSE,2026-08-31 20:00:17,COMPLETED,Causal Attribution,Flow Meter Temperature Sensor Drift,Bottleneck identified at KOT-PS1
STG-DEC-00221-04,DEC-00221,4,OPTIMIZE,2026-08-31 20:00:23,COMPLETED,Candidate Ranking,OPT-03 selected (Score 92/100),Evaluated candidate options for -24m recovery
STG-DEC-00221-05,DEC-00221,5,DECIDE,2026-08-31 20:00:29,COMPLETED,L2_AUTO_EXECUTABLE Policy Check,Status: EXECUTED,Autonomy rule evaluation completed
STG-DEC-00221-06,DEC-00221,6,EXECUTE,2026-08-31 20:00:31,COMPLETED,Actuation Dispatch,Actuation command routed,Control payload delivered to terminal gateway
STG-DEC-00221-07,DEC-00221,7,VERIFY,2026-08-31 20:45:29,COMPLETED,Closed-Loop Recovery,Observed dwell delta reduction,Field telemetry feedback verified
STG-DEC-00221-08,DEC-00221,8,LOG,2026-08-31 20:45:36,COMPLETED,Audit Record Sealed,SHA-256 Digest Confirmed,Tamper-evident record sealed to immutable operational audit store
STG-DEC-00222-01,DEC-00222,1,SIGNAL,2026-09-01 16:00:07,COMPLETED,Trigger Received,Demand surge at PS10,Telemetry ingested from Smart Gate and SCADA DCS
STG-DEC-00222-02,DEC-00222,2,PREDICT,2026-09-01 16:00:16,COMPLETED,Predicted Dwell Blowout,84m turnaround (+19m above baseline SLA),Forecasted queue blowout with 91% confidence
STG-DEC-00222-03,DEC-00222,3,DIAGNOSE,2026-09-01 16:00:22,COMPLETED,Causal Attribution,Morning Peak Arrival Surge,Bottleneck identified at PS10
STG-DEC-00222-04,DEC-00222,4,OPTIMIZE,2026-09-01 16:00:28,COMPLETED,Candidate Ranking,OPT-03 selected (Score 92/100),Evaluated candidate options for -14m recovery
STG-DEC-00222-05,DEC-00222,5,DECIDE,2026-09-01 16:00:34,COMPLETED,L2_AUTO_EXECUTABLE Policy Check,Status: EXECUTED,Autonomy rule evaluation completed
STG-DEC-00222-06,DEC-00222,6,EXECUTE,2026-09-01 16:00:36,COMPLETED,Actuation Dispatch,Actuation command routed,Control payload delivered to terminal gateway
STG-DEC-00222-07,DEC-00222,7,VERIFY,2026-09-01 16:45:34,COMPLETED,Closed-Loop Recovery,Observed dwell delta reduction,Field telemetry feedback verified
STG-DEC-00222-08,DEC-00222,8,LOG,2026-09-01 16:45:41,COMPLETED,Audit Record Sealed,SHA-256 Digest Confirmed,Tamper-evident record sealed to immutable operational audit store
STG-DEC-00223-01,DEC-00223,1,SIGNAL,2026-09-02 11:59:58,COMPLETED,Trigger Received,Demand surge at PS28,Telemetry ingested from Smart Gate and SCADA DCS
STG-DEC-00223-02,DEC-00223,2,PREDICT,2026-09-02 12:00:07,COMPLETED,Predicted Dwell Blowout,60m turnaround (+15m above baseline SLA),Forecasted queue blowout with 91% confidence
STG-DEC-00223-03,DEC-00223,3,DIAGNOSE,2026-09-02 12:00:13,COMPLETED,Causal Attribution,Loading Position Offline for Maintenance,Bottleneck identified at PS28
STG-DEC-00223-04,DEC-00223,4,OPTIMIZE,2026-09-02 12:00:19,COMPLETED,Candidate Ranking,OPT-03 selected (Score 92/100),Evaluated candidate options for -11m recovery
STG-DEC-00223-05,DEC-00223,5,DECIDE,2026-09-02 12:00:25,COMPLETED,L2_AUTO_EXECUTABLE Policy Check,Status: EXECUTED,Autonomy rule evaluation completed
STG-DEC-00223-06,DEC-00223,6,EXECUTE,2026-09-02 12:00:27,COMPLETED,Actuation Dispatch,Actuation command routed,Control payload delivered to terminal gateway
STG-DEC-00223-07,DEC-00223,7,VERIFY,2026-09-02 12:45:25,COMPLETED,Closed-Loop Recovery,Observed dwell delta reduction,Field telemetry feedback verified
STG-DEC-00223-08,DEC-00223,8,LOG,2026-09-02 12:45:32,COMPLETED,Audit Record Sealed,SHA-256 Digest Confirmed,Tamper-evident record sealed to immutable operational audit store
STG-DEC-00224-01,DEC-00224,1,SIGNAL,2026-09-03 05:59:57,COMPLETED,Trigger Received,Demand surge at PS10,Telemetry ingested from Smart Gate and SCADA DCS
STG-DEC-00224-02,DEC-00224,2,PREDICT,2026-09-03 06:00:06,COMPLETED,Predicted Dwell Blowout,78m turnaround (+13m above baseline SLA),Forecasted queue blowout with 91% confidence
STG-DEC-00224-03,DEC-00224,3,DIAGNOSE,2026-09-03 06:00:12,COMPLETED,Causal Attribution,Gantry Queue Congestion + Slow Metering,Bottleneck identified at PS10
STG-DEC-00224-04,DEC-00224,4,OPTIMIZE,2026-09-03 06:00:18,COMPLETED,Candidate Ranking,OPT-03 selected (Score 92/100),Evaluated candidate options for -9m recovery
STG-DEC-00224-05,DEC-00224,5,DECIDE,2026-09-03 06:00:24,COMPLETED,L2_AUTO_EXECUTABLE Policy Check,Status: EXECUTED,Autonomy rule evaluation completed
STG-DEC-00224-06,DEC-00224,6,EXECUTE,2026-09-03 06:00:26,COMPLETED,Actuation Dispatch,Actuation command routed,Control payload delivered to terminal gateway
STG-DEC-00224-07,DEC-00224,7,VERIFY,2026-09-03 06:45:24,COMPLETED,Closed-Loop Recovery,Observed dwell delta reduction,Field telemetry feedback verified
STG-DEC-00224-08,DEC-00224,8,LOG,2026-09-03 06:45:31,COMPLETED,Audit Record Sealed,SHA-256 Digest Confirmed,Tamper-evident record sealed to immutable operational audit store
STG-DEC-00225-01,DEC-00225,1,SIGNAL,2026-09-03 15:00:09,COMPLETED,Trigger Received,Demand surge at PS10,Telemetry ingested from Smart Gate and SCADA DCS
STG-DEC-00225-02,DEC-00225,2,PREDICT,2026-09-03 15:00:18,COMPLETED,Predicted Dwell Blowout,83m turnaround (+18m above baseline SLA),Forecasted queue blowout with 91% confidence
STG-DEC-00225-03,DEC-00225,3,DIAGNOSE,2026-09-03 15:00:24,COMPLETED,Causal Attribution,Loading Position Offline for Maintenance,Bottleneck identified at PS10
STG-DEC-00225-04,DEC-00225,4,OPTIMIZE,2026-09-03 15:00:30,COMPLETED,Candidate Ranking,OPT-03 selected (Score 92/100),Evaluated candidate options for -13m recovery
STG-DEC-00225-05,DEC-00225,5,DECIDE,2026-09-03 15:00:36,COMPLETED,L1_ADVISORY Policy Check,Status: ADVISORY_POSTED,Autonomy rule evaluation completed
STG-DEC-00225-06,DEC-00225,6,EXECUTE,2026-09-03 15:00:38,SKIPPED,Actuation Dispatch,Actuation command routed,Control payload delivered to terminal gateway
STG-DEC-00225-07,DEC-00225,7,VERIFY,2026-09-03 15:45:36,SKIPPED,Closed-Loop Recovery,Observed dwell delta reduction,Field telemetry feedback verified
STG-DEC-00225-08,DEC-00225,8,LOG,2026-09-03 15:45:43,COMPLETED,Audit Record Sealed,SHA-256 Digest Confirmed,Tamper-evident record sealed to immutable operational audit store
STG-DEC-00226-01,DEC-00226,1,SIGNAL,2026-09-04 02:00:01,COMPLETED,Trigger Received,Demand surge at KOT-PS1,Telemetry ingested from Smart Gate and SCADA DCS
STG-DEC-00226-02,DEC-00226,2,PREDICT,2026-09-04 02:00:10,COMPLETED,Predicted Dwell Blowout,84m turnaround (+12m above baseline SLA),Forecasted queue blowout with 91% confidence
STG-DEC-00226-03,DEC-00226,3,DIAGNOSE,2026-09-04 02:00:16,COMPLETED,Causal Attribution,Flow Meter Temperature Sensor Drift,Bottleneck identified at KOT-PS1
STG-DEC-00226-04,DEC-00226,4,OPTIMIZE,2026-09-04 02:00:22,COMPLETED,Candidate Ranking,OPT-03 selected (Score 92/100),Evaluated candidate options for -9m recovery
STG-DEC-00226-05,DEC-00226,5,DECIDE,2026-09-04 02:00:28,COMPLETED,L2_AUTO_EXECUTABLE Policy Check,Status: EXECUTED,Autonomy rule evaluation completed
STG-DEC-00226-06,DEC-00226,6,EXECUTE,2026-09-04 02:00:30,COMPLETED,Actuation Dispatch,Actuation command routed,Control payload delivered to terminal gateway
STG-DEC-00226-07,DEC-00226,7,VERIFY,2026-09-04 02:45:28,COMPLETED,Closed-Loop Recovery,Observed dwell delta reduction,Field telemetry feedback verified
STG-DEC-00226-08,DEC-00226,8,LOG,2026-09-04 02:45:35,COMPLETED,Audit Record Sealed,SHA-256 Digest Confirmed,Tamper-evident record sealed to immutable operational audit store
STG-DEC-00227-01,DEC-00227,1,SIGNAL,2026-09-04 12:59:52,COMPLETED,Trigger Received,Demand surge at PS25,Telemetry ingested from Smart Gate and SCADA DCS
STG-DEC-00227-02,DEC-00227,2,PREDICT,2026-09-04 13:00:01,COMPLETED,Predicted Dwell Blowout,77m turnaround (+19m above baseline SLA),Forecasted queue blowout with 91% confidence
STG-DEC-00227-03,DEC-00227,3,DIAGNOSE,2026-09-04 13:00:07,COMPLETED,Causal Attribution,Flow Meter Temperature Sensor Drift,Bottleneck identified at PS25
STG-DEC-00227-04,DEC-00227,4,OPTIMIZE,2026-09-04 13:00:13,COMPLETED,Candidate Ranking,OPT-03 selected (Score 92/100),Evaluated candidate options for -14m recovery
STG-DEC-00227-05,DEC-00227,5,DECIDE,2026-09-04 13:00:19,COMPLETED,L2_AUTO_EXECUTABLE Policy Check,Status: EXECUTED,Autonomy rule evaluation completed
STG-DEC-00227-06,DEC-00227,6,EXECUTE,2026-09-04 13:00:21,COMPLETED,Actuation Dispatch,Actuation command routed,Control payload delivered to terminal gateway
STG-DEC-00227-07,DEC-00227,7,VERIFY,2026-09-04 13:45:19,COMPLETED,Closed-Loop Recovery,Observed dwell delta reduction,Field telemetry feedback verified
STG-DEC-00227-08,DEC-00227,8,LOG,2026-09-04 13:45:26,COMPLETED,Audit Record Sealed,SHA-256 Digest Confirmed,Tamper-evident record sealed to immutable operational audit store
STG-DEC-00228-01,DEC-00228,1,SIGNAL,2026-09-05 05:00:18,COMPLETED,Trigger Received,Demand surge at PS27,Telemetry ingested from Smart Gate and SCADA DCS
STG-DEC-00228-02,DEC-00228,2,PREDICT,2026-09-05 05:00:27,COMPLETED,Predicted Dwell Blowout,65m turnaround (+15m above baseline SLA),Forecasted queue blowout with 91% confidence
STG-DEC-00228-03,DEC-00228,3,DIAGNOSE,2026-09-05 05:00:33,COMPLETED,Causal Attribution,Loading Position Offline for Maintenance,Bottleneck identified at PS27
STG-DEC-00228-04,DEC-00228,4,OPTIMIZE,2026-09-05 05:00:39,COMPLETED,Candidate Ranking,OPT-03 selected (Score 92/100),Evaluated candidate options for -11m recovery
STG-DEC-00228-05,DEC-00228,5,DECIDE,2026-09-05 05:00:45,COMPLETED,L2_AUTO_EXECUTABLE Policy Check,Status: EXECUTED,Autonomy rule evaluation completed
STG-DEC-00228-06,DEC-00228,6,EXECUTE,2026-09-05 05:00:47,COMPLETED,Actuation Dispatch,Actuation command routed,Control payload delivered to terminal gateway
STG-DEC-00228-07,DEC-00228,7,VERIFY,2026-09-05 05:45:45,COMPLETED,Closed-Loop Recovery,Observed dwell delta reduction,Field telemetry feedback verified
STG-DEC-00228-08,DEC-00228,8,LOG,2026-09-05 05:45:52,COMPLETED,Audit Record Sealed,SHA-256 Digest Confirmed,Tamper-evident record sealed to immutable operational audit store
STG-DEC-00229-01,DEC-00229,1,SIGNAL,2026-09-05 15:00:13,COMPLETED,Trigger Received,Demand surge at KOT-PS1,Telemetry ingested from Smart Gate and SCADA DCS
STG-DEC-00229-02,DEC-00229,2,PREDICT,2026-09-05 15:00:22,COMPLETED,Predicted Dwell Blowout,90m turnaround (+18m above baseline SLA),Forecasted queue blowout with 91% confidence
STG-DEC-00229-03,DEC-00229,3,DIAGNOSE,2026-09-05 15:00:28,COMPLETED,Causal Attribution,Gantry Queue Congestion + Slow Metering,Bottleneck identified at KOT-PS1
STG-DEC-00229-04,DEC-00229,4,OPTIMIZE,2026-09-05 15:00:34,COMPLETED,Candidate Ranking,OPT-03 selected (Score 92/100),Evaluated candidate options for -13m recovery
STG-DEC-00229-05,DEC-00229,5,DECIDE,2026-09-05 15:00:40,COMPLETED,L2_AUTO_EXECUTABLE Policy Check,Status: EXECUTED,Autonomy rule evaluation completed
STG-DEC-00229-06,DEC-00229,6,EXECUTE,2026-09-05 15:00:42,COMPLETED,Actuation Dispatch,Actuation command routed,Control payload delivered to terminal gateway
STG-DEC-00229-07,DEC-00229,7,VERIFY,2026-09-05 15:45:40,COMPLETED,Closed-Loop Recovery,Observed dwell delta reduction,Field telemetry feedback verified
STG-DEC-00229-08,DEC-00229,8,LOG,2026-09-05 15:45:47,COMPLETED,Audit Record Sealed,SHA-256 Digest Confirmed,Tamper-evident record sealed to immutable operational audit store
STG-DEC-00230-01,DEC-00230,1,SIGNAL,2026-09-05 20:00:11,COMPLETED,Trigger Received,Demand surge at PS28,Telemetry ingested from Smart Gate and SCADA DCS
STG-DEC-00230-02,DEC-00230,2,PREDICT,2026-09-05 20:00:20,COMPLETED,Predicted Dwell Blowout,56m turnaround (+11m above baseline SLA),Forecasted queue blowout with 91% confidence
STG-DEC-00230-03,DEC-00230,3,DIAGNOSE,2026-09-05 20:00:26,COMPLETED,Causal Attribution,Clustered Transporter Arrivals,Bottleneck identified at PS28
STG-DEC-00230-04,DEC-00230,4,OPTIMIZE,2026-09-05 20:00:32,COMPLETED,Candidate Ranking,OPT-03 selected (Score 92/100),Evaluated candidate options for -8m recovery
STG-DEC-00230-05,DEC-00230,5,DECIDE,2026-09-05 20:00:38,COMPLETED,L2_AUTO_EXECUTABLE Policy Check,Status: EXECUTED,Autonomy rule evaluation completed
STG-DEC-00230-06,DEC-00230,6,EXECUTE,2026-09-05 20:00:40,COMPLETED,Actuation Dispatch,Actuation command routed,Control payload delivered to terminal gateway
STG-DEC-00230-07,DEC-00230,7,VERIFY,2026-09-05 20:45:38,COMPLETED,Closed-Loop Recovery,Observed dwell delta reduction,Field telemetry feedback verified
STG-DEC-00230-08,DEC-00230,8,LOG,2026-09-05 20:45:45,COMPLETED,Audit Record Sealed,SHA-256 Digest Confirmed,Tamper-evident record sealed to immutable operational audit store
STG-DEC-00231-01,DEC-00231,1,SIGNAL,2026-09-06 11:59:49,COMPLETED,Trigger Received,Demand surge at PS28,Telemetry ingested from Smart Gate and SCADA DCS
STG-DEC-00231-02,DEC-00231,2,PREDICT,2026-09-06 11:59:58,COMPLETED,Predicted Dwell Blowout,54m turnaround (+9m above baseline SLA),Forecasted queue blowout with 91% confidence
STG-DEC-00231-03,DEC-00231,3,DIAGNOSE,2026-09-06 12:00:04,COMPLETED,Causal Attribution,Clustered Transporter Arrivals,Bottleneck identified at PS28
STG-DEC-00231-04,DEC-00231,4,OPTIMIZE,2026-09-06 12:00:10,COMPLETED,Candidate Ranking,OPT-03 selected (Score 92/100),Evaluated candidate options for -6m recovery
STG-DEC-00231-05,DEC-00231,5,DECIDE,2026-09-06 12:00:16,COMPLETED,L2_AUTO_EXECUTABLE Policy Check,Status: EXECUTED,Autonomy rule evaluation completed
STG-DEC-00231-06,DEC-00231,6,EXECUTE,2026-09-06 12:00:18,COMPLETED,Actuation Dispatch,Actuation command routed,Control payload delivered to terminal gateway
STG-DEC-00231-07,DEC-00231,7,VERIFY,2026-09-06 12:45:16,COMPLETED,Closed-Loop Recovery,Observed dwell delta reduction,Field telemetry feedback verified
STG-DEC-00231-08,DEC-00231,8,LOG,2026-09-06 12:45:23,COMPLETED,Audit Record Sealed,SHA-256 Digest Confirmed,Tamper-evident record sealed to immutable operational audit store
STG-DEC-00232-01,DEC-00232,1,SIGNAL,2026-09-07 04:00:05,COMPLETED,Trigger Received,Demand surge at PS10,Telemetry ingested from Smart Gate and SCADA DCS
STG-DEC-00232-02,DEC-00232,2,PREDICT,2026-09-07 04:00:14,COMPLETED,Predicted Dwell Blowout,76m turnaround (+11m above baseline SLA),Forecasted queue blowout with 91% confidence
STG-DEC-00232-03,DEC-00232,3,DIAGNOSE,2026-09-07 04:00:20,COMPLETED,Causal Attribution,Flow Meter Temperature Sensor Drift,Bottleneck identified at PS10
STG-DEC-00232-04,DEC-00232,4,OPTIMIZE,2026-09-07 04:00:26,COMPLETED,Candidate Ranking,OPT-03 selected (Score 92/100),Evaluated candidate options for -8m recovery
STG-DEC-00232-05,DEC-00232,5,DECIDE,2026-09-07 04:00:32,COMPLETED,L2_AUTO_EXECUTABLE Policy Check,Status: EXECUTED,Autonomy rule evaluation completed
STG-DEC-00232-06,DEC-00232,6,EXECUTE,2026-09-07 04:00:34,COMPLETED,Actuation Dispatch,Actuation command routed,Control payload delivered to terminal gateway
STG-DEC-00232-07,DEC-00232,7,VERIFY,2026-09-07 04:45:32,COMPLETED,Closed-Loop Recovery,Observed dwell delta reduction,Field telemetry feedback verified
STG-DEC-00232-08,DEC-00232,8,LOG,2026-09-07 04:45:39,COMPLETED,Audit Record Sealed,SHA-256 Digest Confirmed,Tamper-evident record sealed to immutable operational audit store
STG-DEC-00233-01,DEC-00233,1,SIGNAL,2026-09-07 07:00:04,COMPLETED,Trigger Received,Demand surge at PS10,Telemetry ingested from Smart Gate and SCADA DCS
STG-DEC-00233-02,DEC-00233,2,PREDICT,2026-09-07 07:00:13,COMPLETED,Predicted Dwell Blowout,77m turnaround (+12m above baseline SLA),Forecasted queue blowout with 91% confidence
STG-DEC-00233-03,DEC-00233,3,DIAGNOSE,2026-09-07 07:00:19,COMPLETED,Causal Attribution,Flow Meter Temperature Sensor Drift,Bottleneck identified at PS10
STG-DEC-00233-04,DEC-00233,4,OPTIMIZE,2026-09-07 07:00:25,COMPLETED,Candidate Ranking,OPT-03 selected (Score 92/100),Evaluated candidate options for -9m recovery
STG-DEC-00233-05,DEC-00233,5,DECIDE,2026-09-07 07:00:31,COMPLETED,L2_AUTO_EXECUTABLE Policy Check,Status: EXECUTED,Autonomy rule evaluation completed
STG-DEC-00233-06,DEC-00233,6,EXECUTE,2026-09-07 07:00:33,COMPLETED,Actuation Dispatch,Actuation command routed,Control payload delivered to terminal gateway
STG-DEC-00233-07,DEC-00233,7,VERIFY,2026-09-07 07:45:31,COMPLETED,Closed-Loop Recovery,Observed dwell delta reduction,Field telemetry feedback verified
STG-DEC-00233-08,DEC-00233,8,LOG,2026-09-07 07:45:38,COMPLETED,Audit Record Sealed,SHA-256 Digest Confirmed,Tamper-evident record sealed to immutable operational audit store
STG-DEC-00234-01,DEC-00234,1,SIGNAL,2026-09-07 11:59:59,COMPLETED,Trigger Received,Demand surge at PS25,Telemetry ingested from Smart Gate and SCADA DCS
STG-DEC-00234-02,DEC-00234,2,PREDICT,2026-09-07 12:00:08,COMPLETED,Predicted Dwell Blowout,70m turnaround (+12m above baseline SLA),Forecasted queue blowout with 91% confidence
STG-DEC-00234-03,DEC-00234,3,DIAGNOSE,2026-09-07 12:00:14,COMPLETED,Causal Attribution,Morning Peak Arrival Surge,Bottleneck identified at PS25
STG-DEC-00234-04,DEC-00234,4,OPTIMIZE,2026-09-07 12:00:20,COMPLETED,Candidate Ranking,OPT-03 selected (Score 92/100),Evaluated candidate options for -9m recovery
STG-DEC-00234-05,DEC-00234,5,DECIDE,2026-09-07 12:00:26,COMPLETED,L2_AUTO_EXECUTABLE Policy Check,Status: EXECUTED,Autonomy rule evaluation completed
STG-DEC-00234-06,DEC-00234,6,EXECUTE,2026-09-07 12:00:28,COMPLETED,Actuation Dispatch,Actuation command routed,Control payload delivered to terminal gateway
STG-DEC-00234-07,DEC-00234,7,VERIFY,2026-09-07 12:45:26,COMPLETED,Closed-Loop Recovery,Observed dwell delta reduction,Field telemetry feedback verified
STG-DEC-00234-08,DEC-00234,8,LOG,2026-09-07 12:45:33,COMPLETED,Audit Record Sealed,SHA-256 Digest Confirmed,Tamper-evident record sealed to immutable operational audit store
STG-DEC-00235-01,DEC-00235,1,SIGNAL,2026-09-07 23:00:14,COMPLETED,Trigger Received,Demand surge at KOT-PS1,Telemetry ingested from Smart Gate and SCADA DCS
STG-DEC-00235-02,DEC-00235,2,PREDICT,2026-09-07 23:00:23,COMPLETED,Predicted Dwell Blowout,86m turnaround (+14m above baseline SLA),Forecasted queue blowout with 91% confidence
STG-DEC-00235-03,DEC-00235,3,DIAGNOSE,2026-09-07 23:00:29,COMPLETED,Causal Attribution,Tank Recertification Hold,Bottleneck identified at KOT-PS1
STG-DEC-00235-04,DEC-00235,4,OPTIMIZE,2026-09-07 23:00:35,COMPLETED,Candidate Ranking,OPT-03 selected (Score 92/100),Evaluated candidate options for -10m recovery
STG-DEC-00235-05,DEC-00235,5,DECIDE,2026-09-07 23:00:41,COMPLETED,L1_ADVISORY Policy Check,Status: ADVISORY_POSTED,Autonomy rule evaluation completed
STG-DEC-00235-06,DEC-00235,6,EXECUTE,2026-09-07 23:00:43,SKIPPED,Actuation Dispatch,Actuation command routed,Control payload delivered to terminal gateway
STG-DEC-00235-07,DEC-00235,7,VERIFY,2026-09-07 23:45:41,SKIPPED,Closed-Loop Recovery,Observed dwell delta reduction,Field telemetry feedback verified
STG-DEC-00235-08,DEC-00235,8,LOG,2026-09-07 23:45:48,COMPLETED,Audit Record Sealed,SHA-256 Digest Confirmed,Tamper-evident record sealed to immutable operational audit store
STG-DEC-00236-01,DEC-00236,1,SIGNAL,2026-09-08 09:59:55,COMPLETED,Trigger Received,Demand surge at PS10,Telemetry ingested from Smart Gate and SCADA DCS
STG-DEC-00236-02,DEC-00236,2,PREDICT,2026-09-08 10:00:04,COMPLETED,Predicted Dwell Blowout,94m turnaround (+29m above baseline SLA),Forecasted queue blowout with 91% confidence
STG-DEC-00236-03,DEC-00236,3,DIAGNOSE,2026-09-08 10:00:10,COMPLETED,Causal Attribution,Tank Recertification Hold,Bottleneck identified at PS10
STG-DEC-00236-04,DEC-00236,4,OPTIMIZE,2026-09-08 10:00:16,COMPLETED,Candidate Ranking,OPT-03 selected (Score 92/100),Evaluated candidate options for -21m recovery
STG-DEC-00236-05,DEC-00236,5,DECIDE,2026-09-08 10:00:22,COMPLETED,L1_ADVISORY Policy Check,Status: ADVISORY_POSTED,Autonomy rule evaluation completed
STG-DEC-00236-06,DEC-00236,6,EXECUTE,2026-09-08 10:00:24,SKIPPED,Actuation Dispatch,Actuation command routed,Control payload delivered to terminal gateway
STG-DEC-00236-07,DEC-00236,7,VERIFY,2026-09-08 10:45:22,SKIPPED,Closed-Loop Recovery,Observed dwell delta reduction,Field telemetry feedback verified
STG-DEC-00236-08,DEC-00236,8,LOG,2026-09-08 10:45:29,COMPLETED,Audit Record Sealed,SHA-256 Digest Confirmed,Tamper-evident record sealed to immutable operational audit store
STG-DEC-00237-01,DEC-00237,1,SIGNAL,2026-09-08 22:00:07,COMPLETED,Trigger Received,Demand surge at KOT-PS1,Telemetry ingested from Smart Gate and SCADA DCS
STG-DEC-00237-02,DEC-00237,2,PREDICT,2026-09-08 22:00:16,COMPLETED,Predicted Dwell Blowout,104m turnaround (+32m above baseline SLA),Forecasted queue blowout with 91% confidence
STG-DEC-00237-03,DEC-00237,3,DIAGNOSE,2026-09-08 22:00:22,COMPLETED,Causal Attribution,Loading Position Offline for Maintenance,Bottleneck identified at KOT-PS1
STG-DEC-00237-04,DEC-00237,4,OPTIMIZE,2026-09-08 22:00:28,COMPLETED,Candidate Ranking,OPT-03 selected (Score 92/100),Evaluated candidate options for -24m recovery
STG-DEC-00237-05,DEC-00237,5,DECIDE,2026-09-08 22:00:34,COMPLETED,L3_APPROVAL_REQUIRED Policy Check,Status: APPROVED,Autonomy rule evaluation completed
STG-DEC-00237-06,DEC-00237,6,EXECUTE,2026-09-08 22:00:36,COMPLETED,Actuation Dispatch,Actuation command routed,Control payload delivered to terminal gateway
STG-DEC-00237-07,DEC-00237,7,VERIFY,2026-09-08 22:45:34,COMPLETED,Closed-Loop Recovery,Observed dwell delta reduction,Field telemetry feedback verified
STG-DEC-00237-08,DEC-00237,8,LOG,2026-09-08 22:45:41,COMPLETED,Audit Record Sealed,SHA-256 Digest Confirmed,Tamper-evident record sealed to immutable operational audit store
STG-DEC-00238-01,DEC-00238,1,SIGNAL,2026-09-09 05:59:52,COMPLETED,Trigger Received,Demand surge at PS27,Telemetry ingested from Smart Gate and SCADA DCS
STG-DEC-00238-02,DEC-00238,2,PREDICT,2026-09-09 06:00:01,COMPLETED,Predicted Dwell Blowout,63m turnaround (+13m above baseline SLA),Forecasted queue blowout with 91% confidence
STG-DEC-00238-03,DEC-00238,3,DIAGNOSE,2026-09-09 06:00:07,COMPLETED,Causal Attribution,Loading Position Offline for Maintenance,Bottleneck identified at PS27
STG-DEC-00238-04,DEC-00238,4,OPTIMIZE,2026-09-09 06:00:13,COMPLETED,Candidate Ranking,OPT-03 selected (Score 92/100),Evaluated candidate options for -9m recovery
STG-DEC-00238-05,DEC-00238,5,DECIDE,2026-09-09 06:00:19,COMPLETED,L2_AUTO_EXECUTABLE Policy Check,Status: EXECUTED,Autonomy rule evaluation completed
STG-DEC-00238-06,DEC-00238,6,EXECUTE,2026-09-09 06:00:21,COMPLETED,Actuation Dispatch,Actuation command routed,Control payload delivered to terminal gateway
STG-DEC-00238-07,DEC-00238,7,VERIFY,2026-09-09 06:45:19,COMPLETED,Closed-Loop Recovery,Observed dwell delta reduction,Field telemetry feedback verified
STG-DEC-00238-08,DEC-00238,8,LOG,2026-09-09 06:45:26,COMPLETED,Audit Record Sealed,SHA-256 Digest Confirmed,Tamper-evident record sealed to immutable operational audit store
STG-DEC-00239-01,DEC-00239,1,SIGNAL,2026-09-09 12:00:07,COMPLETED,Trigger Received,Demand surge at PS10,Telemetry ingested from Smart Gate and SCADA DCS
STG-DEC-00239-02,DEC-00239,2,PREDICT,2026-09-09 12:00:16,COMPLETED,Predicted Dwell Blowout,77m turnaround (+12m above baseline SLA),Forecasted queue blowout with 91% confidence
STG-DEC-00239-03,DEC-00239,3,DIAGNOSE,2026-09-09 12:00:22,COMPLETED,Causal Attribution,Loading Position Offline for Maintenance,Bottleneck identified at PS10
STG-DEC-00239-04,DEC-00239,4,OPTIMIZE,2026-09-09 12:00:28,COMPLETED,Candidate Ranking,OPT-03 selected (Score 92/100),Evaluated candidate options for -9m recovery
STG-DEC-00239-05,DEC-00239,5,DECIDE,2026-09-09 12:00:34,COMPLETED,L2_AUTO_EXECUTABLE Policy Check,Status: EXECUTED,Autonomy rule evaluation completed
STG-DEC-00239-06,DEC-00239,6,EXECUTE,2026-09-09 12:00:36,COMPLETED,Actuation Dispatch,Actuation command routed,Control payload delivered to terminal gateway
STG-DEC-00239-07,DEC-00239,7,VERIFY,2026-09-09 12:45:34,COMPLETED,Closed-Loop Recovery,Observed dwell delta reduction,Field telemetry feedback verified
STG-DEC-00239-08,DEC-00239,8,LOG,2026-09-09 12:45:41,COMPLETED,Audit Record Sealed,SHA-256 Digest Confirmed,Tamper-evident record sealed to immutable operational audit store
STG-DEC-00240-01,DEC-00240,1,SIGNAL,2026-09-09 13:59:59,COMPLETED,Trigger Received,Demand surge at PS10,Telemetry ingested from Smart Gate and SCADA DCS
STG-DEC-00240-02,DEC-00240,2,PREDICT,2026-09-09 14:00:08,COMPLETED,Predicted Dwell Blowout,78m turnaround (+13m above baseline SLA),Forecasted queue blowout with 91% confidence
STG-DEC-00240-03,DEC-00240,3,DIAGNOSE,2026-09-09 14:00:14,COMPLETED,Causal Attribution,Tank Recertification Hold,Bottleneck identified at PS10
STG-DEC-00240-04,DEC-00240,4,OPTIMIZE,2026-09-09 14:00:20,COMPLETED,Candidate Ranking,OPT-03 selected (Score 92/100),Evaluated candidate options for -9m recovery
STG-DEC-00240-05,DEC-00240,5,DECIDE,2026-09-09 14:00:26,COMPLETED,L2_AUTO_EXECUTABLE Policy Check,Status: EXECUTED,Autonomy rule evaluation completed
STG-DEC-00240-06,DEC-00240,6,EXECUTE,2026-09-09 14:00:28,COMPLETED,Actuation Dispatch,Actuation command routed,Control payload delivered to terminal gateway
STG-DEC-00240-07,DEC-00240,7,VERIFY,2026-09-09 14:45:26,COMPLETED,Closed-Loop Recovery,Observed dwell delta reduction,Field telemetry feedback verified
STG-DEC-00240-08,DEC-00240,8,LOG,2026-09-09 14:45:33,COMPLETED,Audit Record Sealed,SHA-256 Digest Confirmed,Tamper-evident record sealed to immutable operational audit store
STG-DEC-00241-01,DEC-00241,1,SIGNAL,2026-09-09 20:59:59,COMPLETED,Trigger Received,Demand surge at KOT-PS1,Telemetry ingested from Smart Gate and SCADA DCS
STG-DEC-00241-02,DEC-00241,2,PREDICT,2026-09-09 21:00:08,COMPLETED,Predicted Dwell Blowout,90m turnaround (+18m above baseline SLA),Forecasted queue blowout with 91% confidence
STG-DEC-00241-03,DEC-00241,3,DIAGNOSE,2026-09-09 21:00:14,COMPLETED,Causal Attribution,Flow Meter Temperature Sensor Drift,Bottleneck identified at KOT-PS1
STG-DEC-00241-04,DEC-00241,4,OPTIMIZE,2026-09-09 21:00:20,COMPLETED,Candidate Ranking,OPT-03 selected (Score 92/100),Evaluated candidate options for -13m recovery
STG-DEC-00241-05,DEC-00241,5,DECIDE,2026-09-09 21:00:26,COMPLETED,L1_ADVISORY Policy Check,Status: ADVISORY_POSTED,Autonomy rule evaluation completed
STG-DEC-00241-06,DEC-00241,6,EXECUTE,2026-09-09 21:00:28,SKIPPED,Actuation Dispatch,Actuation command routed,Control payload delivered to terminal gateway
STG-DEC-00241-07,DEC-00241,7,VERIFY,2026-09-09 21:45:26,SKIPPED,Closed-Loop Recovery,Observed dwell delta reduction,Field telemetry feedback verified
STG-DEC-00241-08,DEC-00241,8,LOG,2026-09-09 21:45:33,COMPLETED,Audit Record Sealed,SHA-256 Digest Confirmed,Tamper-evident record sealed to immutable operational audit store
STG-DEC-00242-01,DEC-00242,1,SIGNAL,2026-09-10 15:59:50,COMPLETED,Trigger Received,Demand surge at PS10,Telemetry ingested from Smart Gate and SCADA DCS
STG-DEC-00242-02,DEC-00242,2,PREDICT,2026-09-10 15:59:59,COMPLETED,Predicted Dwell Blowout,83m turnaround (+18m above baseline SLA),Forecasted queue blowout with 91% confidence
STG-DEC-00242-03,DEC-00242,3,DIAGNOSE,2026-09-10 16:00:05,COMPLETED,Causal Attribution,Gantry Queue Congestion + Slow Metering,Bottleneck identified at PS10
STG-DEC-00242-04,DEC-00242,4,OPTIMIZE,2026-09-10 16:00:11,COMPLETED,Candidate Ranking,OPT-03 selected (Score 92/100),Evaluated candidate options for -13m recovery
STG-DEC-00242-05,DEC-00242,5,DECIDE,2026-09-10 16:00:17,COMPLETED,L2_AUTO_EXECUTABLE Policy Check,Status: EXECUTED,Autonomy rule evaluation completed
STG-DEC-00242-06,DEC-00242,6,EXECUTE,2026-09-10 16:00:19,COMPLETED,Actuation Dispatch,Actuation command routed,Control payload delivered to terminal gateway
STG-DEC-00242-07,DEC-00242,7,VERIFY,2026-09-10 16:45:17,COMPLETED,Closed-Loop Recovery,Observed dwell delta reduction,Field telemetry feedback verified
STG-DEC-00242-08,DEC-00242,8,LOG,2026-09-10 16:45:24,COMPLETED,Audit Record Sealed,SHA-256 Digest Confirmed,Tamper-evident record sealed to immutable operational audit store
STG-DEC-00243-01,DEC-00243,1,SIGNAL,2026-09-11 10:00:11,COMPLETED,Trigger Received,Demand surge at PS27,Telemetry ingested from Smart Gate and SCADA DCS
STG-DEC-00243-02,DEC-00243,2,PREDICT,2026-09-11 10:00:20,COMPLETED,Predicted Dwell Blowout,70m turnaround (+20m above baseline SLA),Forecasted queue blowout with 91% confidence
STG-DEC-00243-03,DEC-00243,3,DIAGNOSE,2026-09-11 10:00:26,COMPLETED,Causal Attribution,Tank Recertification Hold,Bottleneck identified at PS27
STG-DEC-00243-04,DEC-00243,4,OPTIMIZE,2026-09-11 10:00:32,COMPLETED,Candidate Ranking,OPT-03 selected (Score 92/100),Evaluated candidate options for -15m recovery
STG-DEC-00243-05,DEC-00243,5,DECIDE,2026-09-11 10:00:38,COMPLETED,L2_AUTO_EXECUTABLE Policy Check,Status: EXECUTED,Autonomy rule evaluation completed
STG-DEC-00243-06,DEC-00243,6,EXECUTE,2026-09-11 10:00:40,COMPLETED,Actuation Dispatch,Actuation command routed,Control payload delivered to terminal gateway
STG-DEC-00243-07,DEC-00243,7,VERIFY,2026-09-11 10:45:38,COMPLETED,Closed-Loop Recovery,Observed dwell delta reduction,Field telemetry feedback verified
STG-DEC-00243-08,DEC-00243,8,LOG,2026-09-11 10:45:45,COMPLETED,Audit Record Sealed,SHA-256 Digest Confirmed,Tamper-evident record sealed to immutable operational audit store
STG-DEC-00244-01,DEC-00244,1,SIGNAL,2026-09-12 08:00:00,COMPLETED,Trigger Received,Demand surge at PS25,Telemetry ingested from Smart Gate and SCADA DCS
STG-DEC-00244-02,DEC-00244,2,PREDICT,2026-09-12 08:00:09,COMPLETED,Predicted Dwell Blowout,98m turnaround (+40m above baseline SLA),Forecasted queue blowout with 91% confidence
STG-DEC-00244-03,DEC-00244,3,DIAGNOSE,2026-09-12 08:00:15,COMPLETED,Causal Attribution,Morning Peak Arrival Surge,Bottleneck identified at PS25
STG-DEC-00244-04,DEC-00244,4,OPTIMIZE,2026-09-12 08:00:21,COMPLETED,Candidate Ranking,OPT-03 selected (Score 92/100),Evaluated candidate options for -30m recovery
STG-DEC-00244-05,DEC-00244,5,DECIDE,2026-09-12 08:00:27,COMPLETED,L1_ADVISORY Policy Check,Status: ADVISORY_POSTED,Autonomy rule evaluation completed
STG-DEC-00244-06,DEC-00244,6,EXECUTE,2026-09-12 08:00:29,SKIPPED,Actuation Dispatch,Actuation command routed,Control payload delivered to terminal gateway
STG-DEC-00244-07,DEC-00244,7,VERIFY,2026-09-12 08:45:27,SKIPPED,Closed-Loop Recovery,Observed dwell delta reduction,Field telemetry feedback verified
STG-DEC-00244-08,DEC-00244,8,LOG,2026-09-12 08:45:34,COMPLETED,Audit Record Sealed,SHA-256 Digest Confirmed,Tamper-evident record sealed to immutable operational audit store
STG-DEC-00245-01,DEC-00245,1,SIGNAL,2026-09-12 16:59:49,COMPLETED,Trigger Received,Demand surge at PS10,Telemetry ingested from Smart Gate and SCADA DCS
STG-DEC-00245-02,DEC-00245,2,PREDICT,2026-09-12 16:59:58,COMPLETED,Predicted Dwell Blowout,108m turnaround (+43m above baseline SLA),Forecasted queue blowout with 91% confidence
STG-DEC-00245-03,DEC-00245,3,DIAGNOSE,2026-09-12 17:00:04,COMPLETED,Causal Attribution,Flow Meter Temperature Sensor Drift,Bottleneck identified at PS10
STG-DEC-00245-04,DEC-00245,4,OPTIMIZE,2026-09-12 17:00:10,COMPLETED,Candidate Ranking,OPT-03 selected (Score 92/100),Evaluated candidate options for -32m recovery
STG-DEC-00245-05,DEC-00245,5,DECIDE,2026-09-12 17:00:16,COMPLETED,L3_APPROVAL_REQUIRED Policy Check,Status: APPROVED,Autonomy rule evaluation completed
STG-DEC-00245-06,DEC-00245,6,EXECUTE,2026-09-12 17:00:18,COMPLETED,Actuation Dispatch,Actuation command routed,Control payload delivered to terminal gateway
STG-DEC-00245-07,DEC-00245,7,VERIFY,2026-09-12 17:45:16,COMPLETED,Closed-Loop Recovery,Observed dwell delta reduction,Field telemetry feedback verified
STG-DEC-00245-08,DEC-00245,8,LOG,2026-09-12 17:45:23,COMPLETED,Audit Record Sealed,SHA-256 Digest Confirmed,Tamper-evident record sealed to immutable operational audit store
STG-DEC-00246-01,DEC-00246,1,SIGNAL,2026-09-13 08:59:58,COMPLETED,Trigger Received,Demand surge at PS10,Telemetry ingested from Smart Gate and SCADA DCS
STG-DEC-00246-02,DEC-00246,2,PREDICT,2026-09-13 09:00:07,COMPLETED,Predicted Dwell Blowout,84m turnaround (+19m above baseline SLA),Forecasted queue blowout with 91% confidence
STG-DEC-00246-03,DEC-00246,3,DIAGNOSE,2026-09-13 09:00:13,COMPLETED,Causal Attribution,Flow Meter Temperature Sensor Drift,Bottleneck identified at PS10
STG-DEC-00246-04,DEC-00246,4,OPTIMIZE,2026-09-13 09:00:19,COMPLETED,Candidate Ranking,OPT-03 selected (Score 92/100),Evaluated candidate options for -14m recovery
STG-DEC-00246-05,DEC-00246,5,DECIDE,2026-09-13 09:00:25,BLOCKED,L1_ADVISORY Policy Check,Status: BLOCKED_BY_POLICY,Autonomy rule evaluation completed
STG-DEC-00246-06,DEC-00246,6,EXECUTE,2026-09-13 09:00:27,SKIPPED,Actuation Dispatch,Actuation command routed,Control payload delivered to terminal gateway
STG-DEC-00246-07,DEC-00246,7,VERIFY,2026-09-13 09:45:25,SKIPPED,Closed-Loop Recovery,Observed dwell delta reduction,Field telemetry feedback verified
STG-DEC-00246-08,DEC-00246,8,LOG,2026-09-13 09:45:32,COMPLETED,Audit Record Sealed,SHA-256 Digest Confirmed,Tamper-evident record sealed to immutable operational audit store
STG-DEC-00247-01,DEC-00247,1,SIGNAL,2026-09-13 14:59:53,COMPLETED,Trigger Received,Demand surge at PS25,Telemetry ingested from Smart Gate and SCADA DCS
STG-DEC-00247-02,DEC-00247,2,PREDICT,2026-09-13 15:00:02,COMPLETED,Predicted Dwell Blowout,88m turnaround (+30m above baseline SLA),Forecasted queue blowout with 91% confidence
STG-DEC-00247-03,DEC-00247,3,DIAGNOSE,2026-09-13 15:00:08,COMPLETED,Causal Attribution,Clustered Transporter Arrivals,Bottleneck identified at PS25
STG-DEC-00247-04,DEC-00247,4,OPTIMIZE,2026-09-13 15:00:14,COMPLETED,Candidate Ranking,OPT-03 selected (Score 92/100),Evaluated candidate options for -22m recovery
STG-DEC-00247-05,DEC-00247,5,DECIDE,2026-09-13 15:00:20,COMPLETED,L1_ADVISORY Policy Check,Status: ADVISORY_POSTED,Autonomy rule evaluation completed
STG-DEC-00247-06,DEC-00247,6,EXECUTE,2026-09-13 15:00:22,SKIPPED,Actuation Dispatch,Actuation command routed,Control payload delivered to terminal gateway
STG-DEC-00247-07,DEC-00247,7,VERIFY,2026-09-13 15:45:20,SKIPPED,Closed-Loop Recovery,Observed dwell delta reduction,Field telemetry feedback verified
STG-DEC-00247-08,DEC-00247,8,LOG,2026-09-13 15:45:27,COMPLETED,Audit Record Sealed,SHA-256 Digest Confirmed,Tamper-evident record sealed to immutable operational audit store
STG-DEC-00248-01,DEC-00248,1,SIGNAL,2026-09-14 14:00:11,COMPLETED,Trigger Received,Demand surge at PS10,Telemetry ingested from Smart Gate and SCADA DCS
STG-DEC-00248-02,DEC-00248,2,PREDICT,2026-09-14 14:00:20,COMPLETED,Predicted Dwell Blowout,76m turnaround (+11m above baseline SLA),Forecasted queue blowout with 91% confidence
STG-DEC-00248-03,DEC-00248,3,DIAGNOSE,2026-09-14 14:00:26,COMPLETED,Causal Attribution,Gantry Queue Congestion + Slow Metering,Bottleneck identified at PS10
STG-DEC-00248-04,DEC-00248,4,OPTIMIZE,2026-09-14 14:00:32,COMPLETED,Candidate Ranking,OPT-03 selected (Score 92/100),Evaluated candidate options for -8m recovery
STG-DEC-00248-05,DEC-00248,5,DECIDE,2026-09-14 14:00:38,COMPLETED,L1_ADVISORY Policy Check,Status: ADVISORY_POSTED,Autonomy rule evaluation completed
STG-DEC-00248-06,DEC-00248,6,EXECUTE,2026-09-14 14:00:40,SKIPPED,Actuation Dispatch,Actuation command routed,Control payload delivered to terminal gateway
STG-DEC-00248-07,DEC-00248,7,VERIFY,2026-09-14 14:45:38,SKIPPED,Closed-Loop Recovery,Observed dwell delta reduction,Field telemetry feedback verified
STG-DEC-00248-08,DEC-00248,8,LOG,2026-09-14 14:45:45,COMPLETED,Audit Record Sealed,SHA-256 Digest Confirmed,Tamper-evident record sealed to immutable operational audit store
STG-DEC-00249-01,DEC-00249,1,SIGNAL,2026-09-15 03:00:05,COMPLETED,Trigger Received,Demand surge at PS28,Telemetry ingested from Smart Gate and SCADA DCS
STG-DEC-00249-02,DEC-00249,2,PREDICT,2026-09-15 03:00:14,COMPLETED,Predicted Dwell Blowout,55m turnaround (+10m above baseline SLA),Forecasted queue blowout with 91% confidence
STG-DEC-00249-03,DEC-00249,3,DIAGNOSE,2026-09-15 03:00:20,COMPLETED,Causal Attribution,Loading Position Offline for Maintenance,Bottleneck identified at PS28
STG-DEC-00249-04,DEC-00249,4,OPTIMIZE,2026-09-15 03:00:26,COMPLETED,Candidate Ranking,OPT-03 selected (Score 92/100),Evaluated candidate options for -7m recovery
STG-DEC-00249-05,DEC-00249,5,DECIDE,2026-09-15 03:00:32,COMPLETED,L2_AUTO_EXECUTABLE Policy Check,Status: EXECUTED,Autonomy rule evaluation completed
STG-DEC-00249-06,DEC-00249,6,EXECUTE,2026-09-15 03:00:34,COMPLETED,Actuation Dispatch,Actuation command routed,Control payload delivered to terminal gateway
STG-DEC-00249-07,DEC-00249,7,VERIFY,2026-09-15 03:45:32,COMPLETED,Closed-Loop Recovery,Observed dwell delta reduction,Field telemetry feedback verified
STG-DEC-00249-08,DEC-00249,8,LOG,2026-09-15 03:45:39,COMPLETED,Audit Record Sealed,SHA-256 Digest Confirmed,Tamper-evident record sealed to immutable operational audit store
STG-DEC-00250-01,DEC-00250,1,SIGNAL,2026-09-15 08:00:03,COMPLETED,Trigger Received,Demand surge at PS10,Telemetry ingested from Smart Gate and SCADA DCS
STG-DEC-00250-02,DEC-00250,2,PREDICT,2026-09-15 08:00:12,COMPLETED,Predicted Dwell Blowout,79m turnaround (+14m above baseline SLA),Forecasted queue blowout with 91% confidence
STG-DEC-00250-03,DEC-00250,3,DIAGNOSE,2026-09-15 08:00:18,COMPLETED,Causal Attribution,Flow Meter Temperature Sensor Drift,Bottleneck identified at PS10
STG-DEC-00250-04,DEC-00250,4,OPTIMIZE,2026-09-15 08:00:24,COMPLETED,Candidate Ranking,OPT-03 selected (Score 92/100),Evaluated candidate options for -10m recovery
STG-DEC-00250-05,DEC-00250,5,DECIDE,2026-09-15 08:00:30,COMPLETED,L2_AUTO_EXECUTABLE Policy Check,Status: EXECUTED,Autonomy rule evaluation completed
STG-DEC-00250-06,DEC-00250,6,EXECUTE,2026-09-15 08:00:32,COMPLETED,Actuation Dispatch,Actuation command routed,Control payload delivered to terminal gateway
STG-DEC-00250-07,DEC-00250,7,VERIFY,2026-09-15 08:45:30,COMPLETED,Closed-Loop Recovery,Observed dwell delta reduction,Field telemetry feedback verified
STG-DEC-00250-08,DEC-00250,8,LOG,2026-09-15 08:45:37,COMPLETED,Audit Record Sealed,SHA-256 Digest Confirmed,Tamper-evident record sealed to immutable operational audit store
STG-DEC-00251-01,DEC-00251,1,SIGNAL,2026-09-15 14:59:58,COMPLETED,Trigger Received,Demand surge at PS10,Telemetry ingested from Smart Gate and SCADA DCS
STG-DEC-00251-02,DEC-00251,2,PREDICT,2026-09-15 15:00:07,COMPLETED,Predicted Dwell Blowout,78m turnaround (+13m above baseline SLA),Forecasted queue blowout with 91% confidence
STG-DEC-00251-03,DEC-00251,3,DIAGNOSE,2026-09-15 15:00:13,COMPLETED,Causal Attribution,Loading Position Offline for Maintenance,Bottleneck identified at PS10
STG-DEC-00251-04,DEC-00251,4,OPTIMIZE,2026-09-15 15:00:19,COMPLETED,Candidate Ranking,OPT-03 selected (Score 92/100),Evaluated candidate options for -9m recovery
STG-DEC-00251-05,DEC-00251,5,DECIDE,2026-09-15 15:00:25,COMPLETED,L2_AUTO_EXECUTABLE Policy Check,Status: EXECUTED,Autonomy rule evaluation completed
STG-DEC-00251-06,DEC-00251,6,EXECUTE,2026-09-15 15:00:27,COMPLETED,Actuation Dispatch,Actuation command routed,Control payload delivered to terminal gateway
STG-DEC-00251-07,DEC-00251,7,VERIFY,2026-09-15 15:45:25,COMPLETED,Closed-Loop Recovery,Observed dwell delta reduction,Field telemetry feedback verified
STG-DEC-00251-08,DEC-00251,8,LOG,2026-09-15 15:45:32,COMPLETED,Audit Record Sealed,SHA-256 Digest Confirmed,Tamper-evident record sealed to immutable operational audit store
STG-DEC-00252-01,DEC-00252,1,SIGNAL,2026-09-15 19:00:07,COMPLETED,Trigger Received,Demand surge at KOT-PS1,Telemetry ingested from Smart Gate and SCADA DCS
STG-DEC-00252-02,DEC-00252,2,PREDICT,2026-09-15 19:00:16,COMPLETED,Predicted Dwell Blowout,106m turnaround (+34m above baseline SLA),Forecasted queue blowout with 91% confidence
STG-DEC-00252-03,DEC-00252,3,DIAGNOSE,2026-09-15 19:00:22,COMPLETED,Causal Attribution,Clustered Transporter Arrivals,Bottleneck identified at KOT-PS1
STG-DEC-00252-04,DEC-00252,4,OPTIMIZE,2026-09-15 19:00:28,COMPLETED,Candidate Ranking,OPT-03 selected (Score 92/100),Evaluated candidate options for -25m recovery
STG-DEC-00252-05,DEC-00252,5,DECIDE,2026-09-15 19:00:34,BLOCKED,L1_ADVISORY Policy Check,Status: BLOCKED_BY_POLICY,Autonomy rule evaluation completed
STG-DEC-00252-06,DEC-00252,6,EXECUTE,2026-09-15 19:00:36,SKIPPED,Actuation Dispatch,Actuation command routed,Control payload delivered to terminal gateway
STG-DEC-00252-07,DEC-00252,7,VERIFY,2026-09-15 19:45:34,SKIPPED,Closed-Loop Recovery,Observed dwell delta reduction,Field telemetry feedback verified
STG-DEC-00252-08,DEC-00252,8,LOG,2026-09-15 19:45:41,COMPLETED,Audit Record Sealed,SHA-256 Digest Confirmed,Tamper-evident record sealed to immutable operational audit store
